:10008C00219710E01883212F10E001E00E9476E107
:10009C0029813A81131709F4021718F41881139562
:1000AC00F1CF188108950091B6051091B705103065
:1000BC0009F40030C9F0E091B605F091B70531961E
:1000CC0001911191219130813A932A931A930A93B9
:1000DC000FEC11E01A930A9328D0269610E000E05A
:1000EC000093B6051093B7050895CF93DF93DBDF2C
:1000FC00DF91CF91009127051091280520912905BA
:10010C0030912A05D801F9013D812C811B810A818E
:10011C003F1729F42E1719F41B1709F40A1711F4B9
:10012C001FEF02C00E949AD908950E94D8D91FEFE0
:10013C0008951091B105123009F03FC00091E2050D
:10014C001091E305332722273A932A931A930A93A3
:10015C000FEC11E01A930A93C8DF2696EFECF1E04E
:10016C000191119121913081313429F4213619F406
:10017C00123509F4023509F1E3EBF3E00191119129
:10018C0021913081313629F4213419F4123709F4D4
:10019C00023799F0E3EBF3E0019111912191308159
:1001AC003D3429F4203919F4183509F40B3E29F0A3
:1001BC000FEF1FEF2FEF3FEF7EC01C81109539F131
:1001CC001D81103081F41091B105123019F4E7EB58
:1001DC00F3E00FC00091E4051091E5052091E605D0
:1001EC003091E70568C01091B105123039F4EBEB92
:1001FC00F3E001911191219130815DC00091E805EE
:10020C001091E9052091EA053091EB0554C01D8150
:10021C001030F9F41091B105123059F4E7EBF3E01A
:10022C003B812A8119810881019311932193308399
:10023C000CC03B812A81198108810093E40510933D
:10024C00E5052093E6053093E7051FEF1093D205E3
:10025C001BC01091B105123059F4EBEBF3E03B816C
:10026C002A811981088101931193219330830CC049
:10027C003B812A81198108810093E8051093E905D7
:10028C002093EA053093EB051091B10512301FEF66
:10029C0009F010E081F40091E2051091E305332799
:1002AC0022273A932A931A930A930FEC11E01A938C
:1002BC000A933BDF269608951091D2051123C9F1BC
:1002CC001091B105123051F410E01A931A931A934D
:1002DC001A931A931A932DDF269608C00091E40501
:1002EC001091E5052091E6053091E705A881B981CB
:1002FC00EA81FB814C81442329F00A0F1B1F2E1F1E
:10030C003F1F0DC00A1B1B0B2E0B3F0B40F4015063
:10031C00104020403040209530951095009540E0DD
:10032C004A934FEF4A933A932A931A930A9301DF15
:10033C0026960895679710E01093B10500E020E031
:10034C0030E0009371051093720520937305309380
:10035C0074050093E2051093E3050FEF1FEF2FEFE9
:10036C003FEF009327051093280520932905309320
:10037C002A0500E010E020E030E03A932A931A932B
:10038C000A930FEC11E01A930A93AFDE26961091A4
:10039C00CF011E8B193E10E009F01FEF1F931E8931
:1003AC001B3E10E009F01FEF0F91102309F44DC014
:1003BC0010919103143039F0163029F01B3019F0DC
:1003CC001C3009F01E3011F012E03BC015E0E1E7E3
:1003DC001D8710919503FD851193FD87EC87109176
:1003EC0096031193FD87EC87109197031193FD876A
:1003FC00EC87109198031193FD87EC8700917105A0
:10040C001091720520917305309174053A932A93DB
:10041C001A930A930FEC11E01A930A9366DE269650
:10042C001091CF011E8B193E10E009F01FEF1F93A6
:10043C001E891B3E10E009F01FEF0F91102329F0CD
:10044C0011E01093CE0110E039C2EFECF1E0FA9319
:10045C00EA93E881F9813B96019110810093800524
:10046C00109381051A930A930BDE23961093D305F0
:10047C000091800510918105D80120E230E0E894CC
:10048C0065F80E943CE00093820510938305E88197
:10049C00F9817096108110937705E881F9813D966A
:1004AC0000810093880511271A930A93E9DD23969E
:1004BC001093D7052091710530917205E881F9816F
:1004CC003E9601911081020F131F00937505109336
:1004DC007605E881F98171960191108100937C0574
:1004EC0010937D05009180052091D7051091810511
:1004FC000E9476E10093D8051093D90500917C05F4
:10050C0010917D05103009F4003009F061C012E043
:10051C001093B10514E01093C90512E01093CA05AD
:10052C00E3EFF1E0F98BE88B0081118122813381BB
:10053C003D872C871B870A870093780510937905D4
:10054C00EBEF00811181228133810093DE05109342
:10055C00DF052093E0053093E10520917105309182
:10056C0072050091FF0110910002020F131F0093FE
:10057C00E2051093E30500917505109176050F9334
:10058C001F933D852C851B850A850F931F932F93F5
:10059C003F9300917705112733272227E89465F8BC
:1005AC000E946BE03F912F91020F131F00937E0569
:1005BC0010937F0500937A0510937B0517E0109339
:1005CC00CF0510E000E80093DC051093DD055FC05B
:1005DC0011E01093B10512E01093C90511E01093CE
:1005EC00CA05E881F981769601911081009378050E
:1005FC0010937905A0917705BB27E89465F80E94C4
:10060C001AE03091760520917505020F131F0093A7
:10061C007A0510937B050F931F9300917C05109125
:10062C007D05A0E2E89465F80E941AE02091D305BC
:10063C000E945AE13F912F91020F131F00937E05E8
:10064C0010937F05A0917C05B0917D0500918205EA
:10065C0010918305E89465F80E943BE000938E05A9
:10066C0010938F0518E01093CF0511E000E0009374
:10067C00DC051093DD050FEF1FEF2FEF3FEF00931D
:10068C00E4051093E5052093E6053093E7051091FA
:10069C00880511501093D6050091800510918105A5
:1006AC00015010400093D4051093D505E881F981D1
:1006BC00739601911081103009F4003041F0E881FB
:1006CC00F9817396019110813327222707C0E881A5
:1006DC00F981B0960191119121913081009384059B
:1006EC0010938505209386053093870500917E0530
:1006FC0010917F050093B4051093B5050091840506
:10070C0010918505EBE00E9466E1EAE00E9482E12F
:10071C000093690510936A0520936B0530936C0563
:10072C000091840510918505E881F9813E96A1918F
:10073C00B081FF27EE27A150B040E040F040E0959B
:10074C00F095B095A0953091870520918605A00F66
:10075C00B11FE21FF31F0091780510917905000F6E
:10076C00111F332722270150104020403040209584
:10077C003095109500950A0F1B1F2E1F3F1FD80197
:10078C002F93F32F00917C0510917D0533272227A1
:10079C00E4E00E9466E1015010402040304020957A
:1007AC00309510950095EF910A0F1B1F2E1F3F1FC0
:1007BC00E091D7050E9466E10093890510938A05A4
:1007CC0020938B0530938C05229610E01A9310E041
:1007DC001A9300E010E020E030E03A932A931A9349
:1007EC000A93A7DC26960F931F932F933F930091A8
:1007FC00890510918A0520918B0530918C05D801C3
:10080C00F9013F912F911F910F913F1729F42E174A
:10081C0019F41B1709F40A1720F00E948012249671
:10082C0003C01FEF1093D205A5E2B4E010E0E6E0A0
:10083C00F0E031960000319711F01D93FCCFABE244
:10084C00B4E010E0ECEFF0E031960000319711F0DD
:10085C001D93FCCF00917A0510917B05332722273D
:10086C00009338051093390520933A0530933B05D6
:10087C00ECE3F5E0EF93FF933196FA93EA931CE0E7
:10088C001A9317EF61221FEB61221CE50E94B7DF60
:10089C001CE00881101BFF91EF911083239610E050
:1008AC001093CE0111E01093970510E000E0009337
:1008BC00B6051093B7050E9454DA1FEF08952091E6
:1008CC007505309176050091900510919105020FF8
:1008DC00131F332722273A932A931A930A930FEC68
:1008EC0011E01A930A9301DC26960895249720911F
:1008FC007505309176050091900510919105020FC8
:10090C00131F332722273B832A83198308833A93A7
:10091C002A931A930A930FEC11E01A930A9305DCAD
:10092C002696109177051230C1F4FB81EA81B981CA
:10093C00A8810091780510917905332722270A0F99
:10094C001B1F2E1F3F1F3A932A931A930A930FECE7
:10095C0011E01A930A93E9DB269608953B812A81CC
:10096C0019810881E091CA050E9482E1F80136954F
:10097C00279517951093900520939105EF7FF170B3
:10098C00E0939205F093930508953B812A81198198
:10099C0008813A932A931A930A93E0DF24968FDF07
:1009AC00EFECF1E00091920510919305E00FF11F2F
:1009BC000191119121913191A091B105A23019F0C1
:1009CC002227332708953F7008953F812E811D8182
:1009DC000C813A932A931A930A93C0DF24966FDF03
:1009EC00EFECF1E00091920510919305E00FF11FEF
:1009FC001981088101931193A091B105A23021F4C2
:100A0C003B812A812193308371DF249608952B97A3
:100A1C0010E01093D10553DF2091780530917905C2
:100A2C001091910500919005131709F4021708F025
:100A3C00B1C00091900533272227E091CF0510918A
:100A4C0091050E9482E13B832A83198308830091DC
:100A5C00920510919305123009F4003008F07EC015
:100A6C00EFECF1E00091920510919305E00FF11F6E
:100A7C00FE83ED831091B105103059F4ED81FE81A8
:100A8C0000811181103009F4003010E091F41FEF57
:100A9C0010C0ED81FE8100811181228133813030C3
:100AAC0029F4203019F4103009F4003010E009F466
:100ABC001FEF1C83112309F443C06091C9057727EC
:100ACC00A0919205B0919305A60FB71FA093920524
:100ADC00B0939305FB81EA81B981A88100919205BD
:100AEC002091CA05109193050E945AE133272227C1
:100AFC000A0F1B1F2E1F3F1F01501040204030407B
:100B0C003A87298718870F830F93009189051091D5
:100B1C008A0520918B0530918C05D801F9013A8515
:100B2C00298518850F913F1729F42E1719F41B17D7
:100B3C0009F40A1778F53A85298518850F8131C093
:100B4C006091C9057727A0919205B0919305A60FE6
:100B5C00B71FA0939205B093930579CFA091900500
:100B6C00B09191051196A0939005B09391052091A9
:100B7C007805309179051091910500919005131726
:100B8C0009F4021738F410E000E00093920510937A
:100B9C00930541CF1FEF1093D1050FEF1FEF2FEFF0
:100BAC003FEF089510E000E000939005109391053D
:100BBC0000939205109393051FEF1093D20510E04C
:100BCC001A9301E010E020E030E03A932A931A9354
:100BDC000A9372DB25961BDF2B96089500917E05F8
:100BEC0010917F0533272227D801F9013B812A81F7
:100BFC00198108813F1729F42E1719F41B1709F4D2
:100C0C000A1710E008F01FEF1F933B812A81B9816E
:100C1C00A881F901309187052091860510918505F1
:100C2C00009184053F1729F42E1719F41B1709F4AA
:100C3C000A1710E008F01FEF0F911023F9F0FB8159
:100C4C00EA81B981A88100917E0510917F05332737
:100C5C0022270150104020403040209530951095AF
:100C6C0000950A0F1B1F2E1F3F1FE091D7050E94F6
:100C7C0066E10E5F1F4F2F4F3F4F04C000E010E0A6
:100C8C0020E030E008950091890510918A052091AB
:100C9C008B0530918C05D801F9013B812A81198192
:100CAC0008813F1729F42E1719F41B1709F40A179A
:100CBC001FEF10F009F011271F933B812A81198136
:100CCC000881303029F4203019F4103009F4013047
:100CDC0010E011F008F01FEF0F911023C9F0A09154
:100CEC007E05B0917F05FF2722272F933B812A8118
:100CFC00198108810250104020403040E091D70506
:100D0C000E9482E1EF910A0F1B1F2E1F3F1F04C090
:100D1C000FEF1FEF2FEF3FEF08950881083F78F09A
:100D2C0019811F3F61F41091B105113031F01B8115
:100D3C001F3028F00A810F3F11F41FEF01C010E0A3
:100D4C00089508810F3F79F419811F3F61F41091C8
:100D5C00B105113031F01B811F3028F00A810F3F93
:100D6C0011F41FEF01C010E00895229710E01883D2
:100D7C0011E01983193028F5FE01349609811127E9
:100D8C0001501040E00FF11F10811032D1F008819A
:100D9C0003950883EA81FB811127E00FF11FEF9384
:100DAC00FF93FE013496098101501040E00FF11FB2
:100DBC001081FF91EF9110831981139519831123E1
:100DCC00C9F61C85103299F1088103950883EA81D4
:100DDC00FB811127E00FF11F1EE2108319E019832C
:100DEC001C3028F5FE013496098111270150104062
:100DFC00E00FF11F10811032D1F0088103950883A8
:100E0C00EA81FB811127E00FF11FEF93FF93FE01A5
:100E1C003496098101501040E00FF11F1081FF91B1
:100E2C00EF9110831981139519831123C9F6EA8167
:100E3C00FB81188110830895239711E019831A837D
:100E4C00FE01359609811127E00FF11F10811E322A
:100E5C0091F41A81193008F093C0EB81FC810A815E
:100E6C00112701501040E00FF11F10E210831A817E
:100E7C0013951A83EECFFE01359609811127E00FE9
:100E8C00F11F10811A3259F51A89109509F05AC0C0
:100E9C001A81193088F41A81193000F5EB81FC8124
:100EAC000A81112701501040E00FF11F1FE310833E
:100EBC001A8113951A83EFCF1A811C3070F4EB81D1
:100ECC00FC810A81112701501040E00FF11F1FE334
:100EDC0010831A8113951A83EFCF6FC051C0FE0196
:100EEC00359609811127E00FF11F10811F3369F42A
:100EFC001A89109539F5EB81FC810A811127015073
:100F0C001040E00FF11F1FE337C0FE013596098139
:100F1C001127E00FF11F10811C3299F010F41030E2
:100F2C0048F41E3271F01F3261F0103451F020F48D
:100F3C001A3310F0189405C01F3F19F01F3708F032
:100F4C00189411F410E03AC0EB81FC810A8111274E
:100F5C0001501040E00FF11FEF93FF93FE01359607
:100F6C0009811127E00FF11F1081113618F01B3782
:100F7C0008F41052FF91EF9110831A8113951A8384
:100F8C000981039509831D81011709F028F41A8141
:100F9C001B3009F008F454CF1A811C3070F4EB812B
:100FAC00FC810A81112701501040E00FF11F10E263
:100FBC0010831A8113951A83EFCF1FEF0895219791
:100FCC0011E018831C3090F5FE013C960881112726
:100FDC0001501040E00FF11F1081113618F01B3733
:100FEC0008F410521F93FE0131960881112701500D
:100FFC001040E00FF11F1081113618F01B3708F468
:10100C0010520F91011769F0FE013C9608811127CF
:10101C0001501040E00FF11F10811F3311F010E050
:10102C0006C0188113951883112361F61FEF0895DC
:10103C0011E0109397053B812A8119810881009357
:10104C0098051093990520939A0530939B050F935F
:10105C001F932F933F9300917A0510917B053327B3
:10106C002227D801F9013F912F911F910F913F1722
:10107C0029F42E1719F41B1709F40A1710E009F4B8
:10108C001FEF10939605112309F01FEF1F9310917A
:10109C00B105123010E009F41FEF0F91102381F00D
:1010AC000091DE051091DF052091E0053091E105FE
:1010BC0000939C0510939D0520939E0530939F05EE
:1010CC0010919605112309F01FEF109511F1009165
:1010DC0098051091990520919A0530919B053A93AA
:1010EC002A931A930A937ADD249600939C05109305
:1010FC009D0520939E0530939F0500E010E020E0B5
:10110C0030E00093A0051093A1052093A205309325
:10111C00A30510E000E00093940510939505089545
:10112C00009197050395009397051091820501177F
:10113C0009F008F4C7C011E010939705A09194052D
:10114C00B09195051196A0939405B09395051091C7
:10115C009605112309F01FEF1F931091B105113063
:10116C0010E009F41FEF0F91102319F120918E0557
:10117C0030918F051091950500919405131709F482
:10118C00021709F487C0A0919805B0919905E091D8
:10119C009A05F0919B05119608F43196A093980549
:1011AC00B0939905E0939A05F0939B0511E01BBF52
:1011BC0089C0A0919805B0919905E0919A05F0919C
:1011CC009B05119608F43196A0939805B093990558
:1011DC00E0939A05F0939B0511E01BBF00917E05EF
:1011EC0010917F05332722270150104020403040BA
:1011FC0020953095109500950A0F1B1F2E1F3F1F31
:10120C00D801F9010091D6051127332722270A238B
:10121C001B232E233F23303029F4203019F41030B7
:10122C0009F4003009F04EC000919C0510919D0509
:10123C0020919E0530919F053A932A931A930A9315
:10124C006CDD2496112331F500919C0510919D05C0
:10125C0020919E0530919F050093A0051093A10548
:10126C002093A2053093A3053A932A931A930A93D9
:10127C008CDB249600939C0510939D0520939E0572
:10128C0030939F053A932A931A930A9346DD24963A
:10129C00112311F010E017C000919C0510919D05D1
:1012AC0020919E0530919F053A932A931A930A93A5
:1012BC00EADC2496009398051093990520939A05DF
:1012CC0030939B051FEF0895009198051091990597
:1012DC0020919A0530919B053A932A931A930A937D
:1012EC000FEC11E01A930A930E947B00269610953E
:1012FC0029F015E01093CE0110E016C010E0109309
:10130C00CE010091970501501040A0E2B0E0E894A6
:10131C0065F80E941AE0F1E0EFECE00FF11F10818C
:10132C00103010E009F01FEF089523971C8911234A
:10133C0051F03B892A89198908893A932A931A937F
:10134C000A9376DE2496C0DF112309F477C0FE01E0
:10135C003196EF93FF9300919705112701501040A0
:10136C00A0E2B0E0E89465F80E941AE0F1E0EFEC3E
:10137C00E00FF11F8F01FF91EF9101931083E98131
:10138C00FA813B9610811F3010E009F01FEF1F937C
:10139C00E981FA817A9601911081103009F40030BC
:1013AC0010E009F01FEF0F91102309F443C00B81DB
:1013BC0010E0011751F0E981FA813B9600811B8105
:1013CC00011710E061F01FEF0AC0E981FA813B962A
:1013DC0000811C811023011710E009F41FEF188302
:1013EC00112341F1E981FA811081153019F01E3277
:1013FC0009F0153EF9F0E981FA8110811F3F19F0CF
:10140C001F3708F01894B1F0FE0135962B972BE09E
:10141C0030E0DE010E940DDBEC85FD852B972BE087
:10142C0030E0DE010E940DDBCADD6796112311F05E
:10143C001FEF05C075DE109509F485CF10E00895F7
:10144C001FEF1A93E981FA81F19601911191219183
:10145C0030813A932A931A930A93ED81FE81719607
:10146C002B972BE030E0DE010E940DDB10E01A938D
:10147C0010E11A935ADF65961123C1F1E881F981C5
:10148C007196EF93FF93009197051127015010402F
:10149C00A0E2B0E0E89465F80E941AE0F1E0EFEC0D
:1014AC00E00FF11FBF91AF9120E230E00E940DDB05
:1014BC001FEF1093D005E881F981B5960191108149
:1014CC0033272227E0E10E9482E1D8012F933F933A
:1014DC00E881F981BB960191108133272227FF9176
:1014EC00EF910A2B1B2B2E2B3F2B04C000E010E09E
:1014FC0020E030E0089529973C852B851A850985D5
:10150C0038872F831E830D8300E010E020E030E04D
:10151C003C832B831A83098338852F811E810D818F
:10152C003A932A931A930A9330DA249638872F83A6
:10153C001E830D83303029F4203019F4103009F457
:10154C00003079F1BCD9EFECF1E0009192051091EB
:10155C009305E00FF11F1127119311930091B10521
:10156C00023011F411931083C1D92496FE013196E7
:10157C00A981BA818B819C81119608F40196A08374
:10158C00B1838283938338852F811E810D813A9399
:10159C002A931A930A93C1DB24961883112309F416
:1015AC00BBCF1FEF1093D2051A933D812C811B8169
:1015BC000A813A932A931A930A930E946201259600
:1015CC0008952197A981BA81E8EFF5EC689464F845
:1015DC000E948EDF51F1ABE2B5E010E2EBE0F0E0FF
:1015EC0031960000319711F01D93FCCF1CE5012FB3
:1015FC00E981FA8161E00E94B2DC1883103081F439
:10160C00E981FA81108118831B3009F070F4E981AB
:10161C00FA813196EF93FF93EBE2F5E0088110C06D
:10162C00188111501B3019F010F010E01BC0E9812B
:10163C00FA813196EF93FF93EBE2F5E008810150CC
:10164C001127DF01FF91EF9198010E940DDBE981D9
:10165C00FA81EF93FF9311E01F93188170E00E94C1
:10166C0062DB1FEF0895259738852F811E810D8130
:10167C003A932A931A930A9306DB24963B832A8384
:10168C00198308833F3F29F42F3F19F41F3F09F4B6
:10169C000F3F11F410E02BC0CF93DF930E94590041
:1016AC00DF91CF91109188051C833B812A81198190
:1016BC0008813A932A931A930A930091880511276B
:1016CC00332722273A932A931A930A930E94DC1BFE
:1016DC0029961C81103051F0CF93DF930E94611C2E
:1016EC00DF91CF911C811A951C83F3CF1FEF0895C6
:1016FC00249710E21093A505E4EAF5E0EF93FF932D
:10170C003196FA93EA931CE01A9317EF61221FEBC0
:10171C006122EF81F8850E94F5DC1CE00881101B2A
:10172C00FF91EF91108323961091A405113010E0D6
:10173C0011F008F01FEF1F93E4EAF5E00081112788
:10174C00E00FF11F10811C3510E009F41FEF0F9111
:10175C00102341F0E4EAF5E0108111501C3008F040
:10176C001CE010831091A5051C3509F418C1A4EADE
:10177C00B5E0E8EFF5EC689464F80E948EDFC9F4EC
:10178C00E4EAF5E0EF93FF933196FA93EA931CE0C9
:10179C001A9317EF61221FEB6122ECE3F5E00E9434
:1017AC00F5DC1CE00881101BFF91EF911083239650
:1017BC00F6C0ACE3B5E0E9EFF5EC689464F80E9490
:1017CC008EDF99F5A4EAB5E0E8EFF5EC689464F8DF
:1017DC000E948EDF10E009F01FEF1F931091A505FA
:1017EC001E3210E009F41FEF0F91102351F0E4EAC0
:1017FC00F5E0EF93FF9311E01F9370E00E9462DB22
:10180C00E1CF1091A5051C3509F4C9C0E9EFF5EC41
:10181C00EF93FF93E4EAF5E0EF93FF931CE01F9343
:10182C0011E092E00E94A3DBBAC010E01B83A4EA93
:10183C00B5E0E8EFF5EC689464F80E948EDF10E0F8
:10184C0009F01FEF1F931091A5051E3210E009F44B
:10185C001FEF0F91102359F0E4EAF5E0EF93FF939B
:10186C0011E01F9370E00E9462DB1FEFDFCF1B8142
:10187C00112309F479C010913C051A83103071F0D2
:10188C00ECE3F5E00A811127E00FF11F10811C3504
:10189C0029F01A811A951A831F3F81F71A81123089
:1018AC0010F5A4EAB5E0E8EFF5EC689464F80E9452
:1018BC008EDF09F074C0E4EAF5E0EF93FF93319604
:1018CC00FA93EA931CE01A9317EF61221FEB612243
:1018DC001CE50E94B7DF1CE00881101BFF91EF9103
:1018EC00108323965CC01A811A951A830091A40563
:1018FC00100F188311E019831A811A931A81088129
:10190C00011798F0EBEFF5ECEF93FF93E4EAF5E0B9
:10191C00EF93FF931CE01F9311E092E00E94A3DB76
:10192C001A8113951A83112351F72196E4EAF5E0F5
:10193C00EF93FF933196FA93EA931CE01A9317EF07
:10194C0061221FEB6122ECE3F5E001E01D810E94B6
:10195C00D6DC1CE00881101BFF91EF9110832396BD
:10196C0018811093A4051BC0E9EFF5ECEF93FF93DE
:10197C00E4EAF5E0EF93FF931CE01F9311E092E093
:10198C000E94A3DBECE3F5E0EF93FF93E4EAEF9323
:10199C00FF931CE01F9311E090E00E94A3DB1091D9
:1019AC00A405113010E011F008F01FEF1F93E4EACA
:1019BC00F5E000811127E00FF11F10811C3510E0BC
:1019CC0009F41FEF0F91102341F0E4EAF5E01081C8
:1019DC0011501C3008F01CE0108308952697E4EA9F
:1019EC00F5E0EF93FF933196FA93EA931CE01A9388
:1019FC0017EF61221FEB6122E985FA850E94F5DC65
:101A0C001CE00881101BFF91EF9110832396A4EA30
:101A1C00B5E0E8EFF5EC689464F80E948EDF19F1FC
:101A2C001091A5051C3539F400917A0510917B05B0
:101A3C003327222720C01091A5051E32A1F4009156
:101A4C007A0510917B05332722273D832C831B833A
:101A5C000A83CF93DF93EE81FF81FA93EA9348DEFA
:101A6C00DF91CF910CC00091380510913905209170
:101A7C003A0530913B053D832C831B830A831091DF
:101A8C00A405103010E009F01FEF1F931091A5056D
:101A9C001C3510E009F41FEF0F91102349F0E4EA14
:101AAC00F5E0EF93FF9311E01F9370E00E9462DB6F
:101ABC001091A405103010E009F01FEF1F93E4EA19
:101ACC00F5E000811127E00FF11F10811C3510E0AB
:101ADC0009F41FEF0F91102341F0E4EAF5E01081B7
:101AEC0011501C3008F01CE01083CF93DF93E4EA14
:101AFC00F5E0FA93EA9365DDDF91CF91112309F4B8
:101B0C0062C01FEF1A933E812D811C810B813A9389
:101B1C002A931A930A93EBE2F5E02B972BE030E033
:101B2C00DE010E940DDB10E11A9310E01A93FDDB2D
:101B3C006596109529F000E010E020E030E047C0F9
:101B4C00CF93DF9300919705112701501040A0E22D
:101B5C00B0E0E89465F80E941AE0F1E0EFECE00FD9
:101B6C00F11F74960191108133272227E0E10E9426
:101B7C0082E10F931F932F933F93009197051127A9
:101B8C0001501040E89465F80E941AE0F1E0EFEC87
:101B9C00E00FF11F7A960191108133272227FF91D4
:101BAC00EF91BF91AF910A2B1B2B2E2B3F2B3A930E
:101BBC002A931A930A9367D8DF91CF913D832C8394
:101BCC001B830A8392CF3D812C811B810A8108954E
:101BDC00E881F9813596EF93FF93E881F981B59609
:101BEC000191108133272227E0E10E9482E1D80184
:101BFC002F933F93E881F981BB9601911081332794
:101C0C002227FF91EF910A2B1B2B2E2B3F2BFF91A1
:101C1C00EF910193119321933083E881F9813196EF
:101C2C00EF93FF93E881F981359601911191219100
:101C3C0030813A932A931A930A9325D82496FF91CC
:101C4C00EF910193119321933083E881F9813196BF
:101C5C0001911191219130813F3F29F42F3F19F4CB
:101C6C001F3F09F40F3F10E009F01FEF0895219773
:101C7C00E981FA813196A081B1818281938111969B
:101C8C0008F40196A083B18382839383E981FA815E
:101C9C0031960191119121913081F901A0917E052C
:101CAC00B0917F0533272227A150B040204030400F
:101CBC0020953095B095A095A00FB11F2E1F3F1FFA
:101CCC00F9010091D6051127332722270A231B235C
:101CDC002E233F23303029F4203019F4103009F42E
:101CEC00003009F054C0E981FA81359601911191C7
:101CFC00219130813A932A931A930A930E94930666
:101D0C002496112311F010E043C0E981FA81359635
:101D1C00EF93FF93E981FA8135960191119121910D
:101D2C0030813A932A931A930A930E94CB042496F7
:101D3C00FF91EF910193119321933083E981FA8103
:101D4C00359601911191219130813A932A931A93EE
:101D5C000A930E94930624961095C9F0E981FA81A2
:101D6C003196EF93FF93E981FA81359601911191A8
:101D7C00219130813A932A931A930A930E9449062F
:101D8C002496FF91EF9101931193219330831FEFD0
:101D9C000895E881F9817C96008110E1011709F41E
:101DAC00B2C0CF93DF930E945900DF91CF911FEF08
:101DBC001A93E981FA81F196019111912191308167
:101DCC003A932A931A930A93ED81FE8171962B977D
:101DDC002BE030E0DE010E940DDB10E01A9310E1E5
:101DEC001A93A3DA65961123C9F000919705112770
:101DFC0001501040A0E2B0E0E89465F80E941AE0AF
:101E0C00F1E0EFECE00FF11F3B96108111701130F7
:101E1C0021F417E01093CE0176C0C3C0E881F9819C
:101E2C00F19601911191219130813A932A931A9351
:101E3C000A93FED8249648DA112309F4B2C0009113
:101E4C009705112701501040A0E2B0E0E89465F826
:101E5C000E941AE0F1E0EFECE00FF11F1081153059
:101E6C0009F0153E09F4B0C05BD9109521F310911F
:101E7C009605112309F01FEF112309F044C00091BE
:101E8C009C0510919D0520919E0530919F053A93DC
:101E9C002A931A930A930E94A7062496112399F564
:101EAC0000919C0510919D0520919E0530919F05F8
:101EBC003A932A931A930A930E9493062496112319
:101ECC0091F00E940D052B9600939C0510939D0597
:101EDC0020939E0530939F051091D105112309F095
:101EEC001FEF112381F400919C0510919D05209109
:101EFC009E0530919F053A932A931A930A93B3DB6C
:101F0C002996109511F010E089C00091A005109150
:101F1C00A1052091A2053091A3053A932A931A9317
:101F2C000A9300919C0510919D0520919E0530917E
:101F3C009F053A932A931A930A930E94EB042896CE
:101F4C0000919C0510919D0520919E0530919F0557
:101F5C003A932A931A930A930FEF1FEF2FEF3FEF49
:101F6C003A932A931A930A930E94EB0428960091B1
:101F7C009C0510919D0520919E0530919F053A93EB
:101F8C002A931A930A930E94490624960093980563
:101F9C001093990520939A0530939B0511E01093AB
:101FAC009705009198051091990520919A0530910B
:101FBC009B053A932A931A930A930FEC11E01A9308
:101FCC000A930E947B0026960091970511270150D9
:101FDC001040A0E2B0E0E89465F80E941AE0B1E08D
:101FEC00AFECA00FB11FE881F981719620E230E0CF
:101FFC000E940DDB009198051091990520919A058E
:10200C0030919B053A932A931A930A930FEC11E0A3
:10201C001A930A930E949B0026961FEF0895EA815B
:10202C00FB81F59601911081103011F4003021F0F4
:10203C00103029F4013019F40881198126C01030B0
:10204C0029F4023019F40881198111C0103029F4D7
:10205C00043019F40881198108C0103059F4083083
:10206C0049F40881198116950795169507951695CB
:10207C0007950BC0A881B981EA81FB81F596019186
:10208C001081E89465F80E943BE008952297EC815A
:10209C00FD81F59601911081198308830A811B81BA
:1020AC00103029F4003019F410E000E02AC0103090
:1020BC0029F4013019F40881198123C0103029F456
:1020CC00023019F40881198111C0103029F4043040
:1020DC0019F40881198108C0103059F4083049F4FA
:1020EC0008811981000F111F000F111F000F111F04
:1020FC0008C0A881B9810A811B81E89465F80E9407
:10210C001AE00895229710E01A9310E01A9300E059
:10211C0010E020E030E03A932A931A930A930E943D
:10212C009F0026960093EC051093ED052093EE0589
:10213C003093EF050F931F932F933F9300918905D5
:10214C0010918A0520918B0530918C05D801F901ED
:10215C003F912F911F910F913F1729F42E1719F4CE
:10216C001B1709F40A1708F009F4B7C000E010E0D7
:10217C0020E030E00093EC051093ED052093EE0584
:10218C003093EF0500917805109179051983088338
:10219C000091750510917605332722273A932A93DF
:1021AC001A930A930E941B1C2596CF93DF930E94CF
:1021BC00841CDF91CF911091CF03112309F01FEFF5
:1021CC001095A9F0EFECF1E000E0A091EC05B091D6
:1021DC00ED051081112319F41181112309F01196C9
:1021EC0032960A95B1F7A093EC05B093ED05A88152
:1021FC00B9811197A883B9830A2FB03009F4003044
:10220C00A1F6CF93DF930E944D1CDF91CF91A0914B
:10221C008905B0918A05E0918B05F0918C050091B0
:10222C00EC051091ED052091EE053091EF05015074
:10223C0010402040304020953095109500950A0FA5
:10224C001B1F2E1F3F1F0E5F1F4F2F4F3F4F009323
:10225C00EC051093ED052093EE053093EF050F93ED
:10226C001F932F933F930091890510918A0520911C
:10227C008B0530918C05D801F9013F912F911F915D
:10228C000F913F1729F42E1719F41B1709F40A178D
:10229C0089F080F00091890510918A0520918B05B9
:1022AC0030918C050093EC051093ED052093EE0511
:1022BC003093EF0510E01A931FEF1A930091EC0581
:1022CC001091ED052091EE053091EF053A932A938C
:1022DC001A930A930E949F0026960091EC05109188
:1022EC00ED052091EE053091EF050895229710E051
:1022FC001A9310E01A9300E010E020E030E03A93DB
:10230C002A931A930A930E949F0026960093EC0539
:10231C001093ED052093EE053093EF050F931F936B
:10232C002F933F930091890510918A0520918B057D
:10233C0030918C05D801F9013F912F911F910F918C
:10234C003F1729F42E1719F41B1709F40A1708F074
:10235C0009F4C7C000E010E020E030E00093EC0589
:10236C001093ED052093EE053093EF050091780561
:10237C0010917905198308830091750510917605E4
:10238C00332722273A932A931A930A930E941B1CF1
:10239C002596CF93DF930E94841CDF91CF911091EF
:1023AC00CF03112309F01FEF109529F1EFECF1E0A9
:1023BC0000E8A091EC05B091ED058091EE059091AF
:1023CC00EF051081112349F41181112331F412818D
:1023DC00112319F41381112319F0119608F40196A5
:1023EC0034960A9571F7A093EC05B093ED058093A4
:1023FC00EE059093EF05A881B9811197A883B98355
:10240C000A2FB03009F4003021F6CF93DF930E94ED
:10241C004D1CDF91CF91A0918905B0918A05E09177
:10242C008B05F0918C050091EC051091ED05209138
:10243C00EE053091EF0501501040204030402095C2
:10244C003095109500950A0F1B1F2E1F3F1F0E5F16
:10245C001F4F2F4F3F4F0093EC051093ED0520932A
:10246C00EE053093EF050F931F932F933F9300913D
:10247C00890510918A0520918B0530918C05D80126
:10248C00F9013F912F911F910F913F1729F42E17AE
:10249C0019F41B1709F40A1789F080F000918905CB
:1024AC0010918A0520918B0530918C050093EC05D9
:1024BC001093ED052093EE053093EF0510E01A9381
:1024CC001FEF1A930091EC051091ED052091EE058C
:1024DC003091EF053A932A931A930A930E949F0026
:1024EC0026960091EC051091ED052091EE053091AA
:1024FC00EF05089524971091B10512301FEF09F0E4
:10250C0010E011F4F3DE01C0FDDD22963B832A833B
:10251C0019830883E091D7050E9482E136952795AF
:10252C0017950795089522970E9400DA088319835E
:10253C00103009F4003009F461C0E881F98111E030
:10254C001083E881F981F196EF93FF93CF93DF939A
:10255C00FE013F96FA93EA9341DADF91CF91FF9116
:10256C00EF910193119321933083E881F981F596D2
:10257C000091CC011091CD0101931083E881F98178
:10258C00F1960191119121913081303029F4203054
:10259C0019F4103009F4003009F429C0CF93DF93FB
:1025AC0010E01A932D976F92FE01EF93FF933196E3
:1025BC00FA93EA931CE01A9317EF61221FEB612246
:1025CC00FE0173960E94F5DC1CE00881101BFF9144
:1025DC00EF91108323966F90EE85FF857196FA9399
:1025EC00EA930E942207DF91CF91109549F0088160
:1025FC0019811A930A930E9421DA229610E007C0DF
:10260C00EC8DFD8D08811981019310831FEF0895C6
:10261C002497CF93DF93FE017E96FA93EA93DED94B
:10262C00DF91CF913B832A8319830883303029F4BF
:10263C00203019F4103009F4003009F4D4C0CF93D1
:10264C00DF932D976F92FE01EF93FF933196FA93E0
:10265C00EA931CE01A9317EF61221FEB6122FE0133
:10266C00BE960E94F5DC0CE01881011BFF91EF91E6
:10267C00008323966F902D976F92FE01EF93FF933B
:10268C003196FA93EA931CE01A9317EF61221FEB31
:10269C006122FE01B1960E94F5DC0CE01881011B51
:1026AC00FF91EF91008323966F901FE31A93E0ED57
:1026BC00F3E0FA93EA936BD1DF91CF91112321F0E0
:1026CC0018E01093CE018FC0CF93DF9310E01A93D4
:1026DC002D976F92FE01EF93FF933196FA93EA9345
:1026EC001CE01A9317EF61221FEB6122FE01B296D8
:1026FC000E94F5DC1CE00881101BFF91EF91108308
:10270C0023966F90EBE2F5E0FA93EA930E9422078E
:10271C00DF91CF91109509F066C01FEF1A933C81A1
:10272C002B811A8109813A932A931A930A93EBE22B
:10273C00F5E02B972BE030E0DE010E940DDB10E082
:10274C001A9310E11A930E949B096596112309F4C0
:10275C004AC0CF93DF9310E01A932D976F92FE012E
:10276C00EF93FF933196FA93EA931CE01A9317EFC9
:10277C0061221FEB6122FE0175960E94F5DC1CE0C4
:10278C000881101BFF91EF91108323966F9000919D
:10279C009705112701501040A0E2B0E0E89465F8CD
:1027AC000E941AE0F1E0EFECE00FF11FFA93EA93CC
:1027BC000E942207DF91CF911095A9F40091980502
:1027CC001091990520919A0530919B053A932A9383
:1027DC001A930A930FEC11E01A930A930E949B0030
:1027EC0026961FEF01C010E00895249700E010E03A
:1027FC0020E030E0EC81FD81019311932193308333
:10280C00CF93DF9310E01A932D976F92FE01EF9305
:10281C00FF933196FA93EA931CE01A9317EF612217
:10282C001FEB6122FE0177960E94F5DC0CE018810B
:10283C00011B102FFF91EF91008323966F90EBE219
:10284C00F5E0FA93EA930E942207DF91CF9110955D
:10285C0009F044C0CF93DF932D976F92FE01EF9355
:10286C00FF933196FA93EA931CE01A9317EF6122C7
:10287C001FEB6122FE01B3960E94F5DC0CE018817F
:10288C00011BFF91EF91008323966F902D976F9210
:10289C00FE01EF93FF933196FA93EA931CE01A939F
:1028AC0017EF61221FEB6122FE01B3960E94F5DC4B
:1028BC000CE01881011BFF91EF91008323966F9020
:1028CC0017E21A93E0EDF3E0FA93EA9360D0DF910C
:1028DC00CF91109529F019E01093CE0110E00DC0A6
:1028EC00E9EFF3E00191119121913081EC81FD81AF
:1028FC0001931193219330831FEF08952497CF9365
:10290C00DF932D976F92FE01EF93FF933196FA931D
:10291C00EA931CE01A9317EF61221FEB6122FE0170
:10292C00B2960E94F5DC0CE01881011BFF91EF912F
:10293C00008323966F902D976F92FE01EF93FF9378
:10294C003196FA93EA931CE01A9317EF61221FEB6E
:10295C006122FE01B2960E94F5DC1CE00881101B7E
:10296C00FF91EF91108323966F900E8D18E11095C7
:10297C0010231A93E0EDF3E0FA93EA9308D0DF9179
:10298C00CF91109511F010E001C01FEF089524971E
:10299C00EC81FD81BD961E811083CF93DF93FE01E8
:1029AC007496FA93EA931AD8DF91CF913B832A83DA
:1029BC0019830883CF93DF931FEF1A932D976F9290
:1029CC00FE01EF93FF933196FA93EA931CE01A936E
:1029DC0017EF61221FEB6122FE0178960E94F5DC55
:1029EC001CE00881101BFF91EF91108323966F90D0
:1029FC00EA89FB89BE96FA93EA930E942207DF913B
:102A0C00CF91109509F094C01FEF1A933C812B8144
:102A1C001A8109813A932A931A930A93E985FA85C4
:102A2C00BE962B972BE030E0DE010E940DDB1E8959
:102A3C001A9310E01A930E949B096596112309F4CE
:102A4C0077C000919705112701501040A0E2B0E02B
:102A5C00E89465F80E941AE0F1E0EFECE00FF11F4A
:102A6C00EF93FF93EC81FD813D96DF01FF91EF9198
:102A7C0020E230E00E940DDBEC81FD813D962B972E
:102A8C002BE030E0DE010E940DDBEF85F889FA9334
:102A9C00EA930E94BB062F96EC81FD81EF5AFF4F03
:102AAC00109197051083EC81FD81EE5AFF4F009138
:102ABC0094051091950501931083EC81FD81E35BE6
:102ACC00FF4F009198051091990520919A0530912E
:102ADC009B050193119321933083EC81FD81EC5A7A
:102AEC00FF4F10919605112309F01FEF1083EC8115
:102AFC00FD81EF5BFF4F00919C0510919D0520918E
:102B0C009E0530919F050193119321933083EC81A5
:102B1C00FD81FD960091A0051091A1052091A205C3
:102B2C003091A30501931193219330831FEF01C0C2
:102B3C0010E00895E881F981EF5AFF4F108110934E
:102B4C009705E881F981EE5AFF4F019110810093AE
:102B5C00940510939505E881F981E35BFF4F019192
:102B6C001191219130810093980510939905209330
:102B7C009A0530939B05E881F981EC5AFF4F10813F
:102B8C00112309F01FEF10939605E881F981EF5B93
:102B9C00FF4F019111912191308100939C0510936D
:102BAC009D0520939E0530939F05E881F981FD9644
:102BBC0001911191219130810093A0051093A105F1
:102BCC002093A2053093A3050E949608112309F4C3
:102BDC0096C010E01A9300E010E020E030E03A9349
:102BEC002A931A930A93ED81FE81BE962B972BE0C4
:102BFC0030E0DE010E940DDBE889F989BD96108179
:102C0C001A9310E01A930E949B0965961123E1F226
:102C1C0000919705112701501040A0E2B0E0E89414
:102C2C0065F80E941AE0F1E0EFECE00FF11FEF9372
:102C3C00FF93E881F9813D96DF01FF91EF9120E24E
:102C4C0030E00E940DDBE881F9813D962B972BE05B
:102C5C0030E0DE010E940DDBEB85FC85FA93EA93F4
:102C6C000E94BB062F96E881F981EF5AFF4F109115
:102C7C0097051083E881F981EE5AFF4F0091940576
:102C8C001091950501931083E881F981E35BFF4F67
:102C9C00009198051091990520919A0530919B050A
:102CAC000193119321933083E881F981EC5AFF4F02
:102CBC0010919605112309F01FEF1083E881F9811B
:102CCC00EF5BFF4F00919C0510919D0520919E0597
:102CDC0030919F050193119321933083E881F98101
:102CEC00FD960091A0051091A1052091A2053091AF
:102CFC00A30501931193219330831FEF01C010E0C2
:102D0C000895E881F9817C96008110E1011709F49E
:102D1C00E0C0E881F981F196019111912191308106
:102D2C003A932A931A930A930E941E0824960E949F
:102D3C006A09112309F4D0C000919705112701509D
:102D4C001040A0E2B0E0E89465F80E941AE0F1E0CF
:102D5C00EFECE00FF11F3B9610811071103109F46C
:102D6C00B4C0E881F98171962B972BE030E0DE013D
:102D7C000E940DDB00919705112701501040A0E235
:102D8C00B0E0E89465F80E941AE0F1E0EFECE00F97
:102D9C00F11F2B972BE030E0DE010E940DDB0E942F
:102DAC00E5076796112309F490C000919705112748
:102DBC0001501040A0E2B0E0E89465F80E941AE0DF
:102DCC00F1E0EFECE00FF11F3B9610811170113028
:102DDC0021F417E01093CE017CC0CF93DF930091C8
:102DEC009705112701501040A0E2B0E0E89465F877
:102DFC000E941AE0F1E0EFECE00FF11F74960191E4
:102E0C00108133272227E0E10E9482E10F931F9368
:102E1C002F933F9300919705112701501040E89490
:102E2C0065F80E941AE0F1E0EFECE00FF11F7A96E2
:102E3C000191108133272227FF91EF91BF91AF9120
:102E4C000A2B1B2B2E2B3F2B3A932A931A930A9364
:102E5C000E94810ADF91CF910091980510919905FC
:102E6C0020919A0530919B053A932A931A930A93D1
:102E7C000FEC11E01A930A930E947B0026960091A6
:102E8C009705112701501040A0E2B0E0E89465F8D6
:102E9C000E941AE0F1E0EFECE00FF11F15EE108349
:102EAC00009198051091990520919A0530919B05F8
:102EBC003A932A931A930A930FEC11E01A930A93FC
:102ECC000E949B0026961FEF07C00E949608109543
:102EDC0011F010E001C02BCF0895CF93DF9310E0D9
:102EEC001A932D976F92FE01EF93FF933196FA93FD
:102EFC00EA931CE01A9317EF61221FEB6122FE018B
:102F0C0071960E94F5DC0CE01881011B102FFF91CB
:102F1C00EF91008323966F90E1EEF3E0FA93EA933E
:102F2C000E942207DF91CF91109581F511E010934B
:102F3C00D00316E21093EC03E1E0F4E0EF93FF937F
:102F4C00CF93DF93FE013D96FA93EA930E94F40C23
:102F5C00DF91CF91FF91EF910193119321933083E6
:102F6C00E1E0F4E00191119121913081303029F4AC
:102F7C00203019F4103009F4003041F000ED13E06A
:102F8C001A930A93BEDE2296109511F010E001C040
:102F9C001FEF0895088119811A930A930E9435DA5C
:102FAC002296109509F060C0E881F98110811130EA
:102FBC0009F0123009F058C010E01093D005E881E8
:102FCC00F9813596EF93FF93088119811A930A932F
:102FDC000E94260A2296FF91EF910193119321935F
:102FEC0030831091CE01103009F03EC01091D00505
:102FFC00112309F01FEF1123B9F1E881F9813596FE
:10300C000191119121913081303029F4203019F443
:10301C00103009F40030F9F4088119811A930A93DD
:10302C00EA81FB817C9610811A93EB81FC817F965F
:10303C00019110811A930A93ED81FE81B196019151
:10304C0010811A930A9331D02F96109569F4E88168
:10305C00F98111E01083088119811A930A930E9457
:10306C00EE0D2296109511F010E01EC0E881F9814A
:10307C00399610E000E001931083E881F9813D96C8
:10308C0000E010E020E030E00193119321933083B5
:10309C00E881F9813B9610E000E001931083E88110
:1030AC00F98112E010831FEF089528970D851E8576
:1030BC001A930A930E9435DA2296109509F0B3C040
:1030CC00ED85FE851081113009F0ADC01C851071A5
:1030DC00103109F4A8C01C851072103221F000E2E6
:1030EC001C85102B1C870D851E851A930A930E9434
:1030FC00260A22963F832E831D830C831091CE01CA
:10310C00103009F090C03F812E811D810C81303030
:10311C0029F4203019F4103009F4003099F190F1B1
:10312C0000919705112701501040A0E2B0E0E894FF
:10313C0065F80E941AE0F1E0EFECE00FF11F3B960E
:10314C0010811170113021F417E01093CE016BC077
:10315C00ED85FE85B5961F810E8101931083ED855B
:10316C00FE85BB961D810C81019310833F812E81BE
:10317C001D810C813A932A931A930A930E94810A17
:10318C002D9610C00E94D8053B832A83198308838F
:10319C00ED85FE85B59621933083ED85FE85BB9636
:1031AC0001931083ED85FE85B5960191108133272F
:1031BC002227E0E10E9482E1D8012F933F93ED8515
:1031CC00FE85BB960191108133272227FF91EF9149
:1031DC000A2B1B2B2E2B3F2B3F832E831D830C8303
:1031EC003A932A931A930A930FEF1FEF2FEF3FE0B6
:1031FC003A932A931A930A930E94EB042896ED852E
:10320C00FE8535963F812E811D810C810193119392
:10321C00219330830D851E851A930A930E94EE0D1F
:10322C002296109511F010E051C0ED85FE857C962C
:10323C001C851083ED85FE857F960A851B85019381
:10324C001083ED85FE85B196088519850193108351
:10325C00ED85FE85B7960A851B8501931083ED8558
:10326C00FE85B9960885198501931083ED85FE8539
:10327C00B3960885198501931083ED85FE85BD965F
:10328C0000E010E020E030E00193119321933083B3
:10329C00ED85FE8513E01083ED85FE85399610E0F3
:1032AC0000E001931083ED85FE853D9600E010E073
:1032BC0020E030E00193119321933083ED85FE855E
:1032CC003B9610E000E0019310831FEF08952297C6
:1032DC00EA81FB810191108108831983EA81FB81CA
:1032EC0010E000E001931083088119811A930A936E
:1032FC000E9435DA2296109571F5E881F9811081DA
:10330C00103011F1113009F41FC0133011F01430CA
:10331C0021F5E881F981BD96EF93FF93E881F9815E
:10332C003D960191119121913081FF91EF91019383
:10333C00119321933083088119811A930A930E9467
:10334C00CF0E2296109589F0088119811A930A9351
:10335C000E9421DA229610E010C0153031F4CF9380
:10336C00DF930E945900DF91CF91088119811A9344
:10337C000A930E9421DA22961FEF08950881198181
:10338C001A930A930E9435DA2296109511F01FEFCA
:10339C002AC0E881F9811081123011F010E023C0AD
:1033AC00E881F981BD9601911191219130810F93A2
:1033BC001F932F933F93E881F9813D9601911191D1
:1033CC0021913081D801F9013F912F911F910F91DB
:1033DC003F1729F42E1719F41B1709F40A171FEFBE
:1033EC0010F009F011270895229710E000E0EA810F
:1033FC00FB8101931083088519851A930A930E9407
:10340C0035DA2296109509F0E3C0088519851A93D0
:10341C000A930E811F811A930A930E944C102696D0
:10342C001D830C83E885F9851081123009F0D0C01A
:10343C00E885F9853D9601911191219130810F9389
:10344C001F932F933F93E885F985BD9601911191B8
:10345C0021913081D801F9013F912F911F910F914A
:10346C003F1729F42E1719F41B1709F40A1708F043
:10347C00AFC0E885F985BD96A191B19121913081BC
:10348C002F933F93E885F9853D96019111912191F8
:10349C0030810150104020403040209530951095DF
:1034AC000095FF91EF910A0F1B1F2E1F3F1F0F93CB
:1034BC001F932F933F930C811D8133272227D80113
:1034CC00F9013F912F911F910F913F1729F42E175E
:1034DC0019F41B1709F40A1790F4E885F985BD96C1
:1034EC00A191B081E885F9853D960191108101503B
:1034FC001040109500950A0F1B1F1D830C830C8127
:10350C001D81103009F4003009F4B4C0E885F98548
:10351C003996019120918005309181051081131706
:10352C0009F4021711F5E885F985399610E000E0E9
:10353C0001931083088519851A930A930E943D0EF6
:10354C002396109591F0088519851A930A93EC81AE
:10355C00FD81008111811A930A930E941510249603
:10356C00EA81FB810193108333C0E885F985399694
:10357C0001911081019509F41A95109530918105EE
:10358C0020918005020F131F1983088398011D8158
:10359C000C81131709F4021720F40C811D81198377
:1035AC000883E885F985319601911191219130813B
:1035BC003A932A931A930A930FEC11E01A930A93F5
:1035CC000E947B002696109529F015E01093CE01F1
:1035DC0010E067C0E885F985399601911081F1E01A
:1035EC00EFECE00FF11FEF93FF93EE81FF81088169
:1035FC001981DF01FF91EF9198010E940DDB198178
:10360C00B801AC81BD81A61BB70BAC83BD83E8852B
:10361C00F9853D960881198133272227B801C90104
:10362C0020813181A281B381260F371FA81FB91FBA
:10363C0020833183A283B383E885F9853996688129
:10364C007981A081B181A60FB71FA083B183EA81D4
:10365C00FB8168817981A081B181A60FB71FA083FE
:10366C00B18368817981AE81BF81A60FB71FAE830C
:10367C00BF8345CF088519851A930A93EC81FD8188
:10368C00008111811A930A930E9415102496EA81E5
:10369C00FB81019310831091CE01103010E009F4DE
:1036AC001FEF0895239712E00AE81A8309831FEF8E
:1036BC001A930E945EDA219618831F3F11F41FEFB4
:1036CC000BC0A981BA811197A983BA830A2FB03094
:1036DC0009F4003061F710E0089522971E811078EC
:1036EC001030A1F01E811F771E8317E71A9300E09C
:1036FC0010E020E030E03A932A931A930A93EDDF1E
:10370C0027961983113011F008F04EC02C9A1FEF38
:10371C001A930E945EDA21962C98C4DF23961E81A0
:10372C001A930E945EDA21961D811A930E945EDA2A
:10373C0021961C811A930E945EDA21961B811A93A2
:10374C000E945EDA21961A811A930E945EDA219603
:10375C001FEF18831E81103419F415E9188305C066
:10376C001E81183411F417E8188318811A930E94DB
:10377C005EDA21961AE018831FEF1A930E945EDA24
:10378C002196198318811A95188319811078103095
:10379C0010E009F41FEF1F93188110301FEF09F090
:1037AC0011270F91102B41F31981089521970FEFD9
:1037BC001FEF2FEF3FEF0093270510932805209361
:1037CC00290530932A0510918D05112309F01FEF5F
:1037DC00109561F038852F811E810D81E9E00E94E2
:1037EC0082E138872F831E830D830DC017ED1A934A
:1037FC003D812C811B810A813A932A931A930A9357
:10380C006CDF2796188319E51A93398528851F8153
:10381C000E813A932A931A930A935FDF27961883A3
:10382C00103010E009F41FEF08952197CF93DF9328
:10383C000E945900DF91CF9110918D05112309F051
:10384C001FEF109559F03C812B811A810981E9E019
:10385C000E9482E13C832B831A83098323DF239606
:10386C0012E51A933D812C811B810A813A932A938C
:10387C001A930A9332DF27961883103011F010E058
:10388C0005C01881103010E009F41FEF08951CE4F6
:10389C001A9300E010E020E030E03A932A931A9358
:1038AC000A931BDF27962C9A1FEF1A930E945EDA5D
:1038BC0021961FEF08950AEF1FEF0E945EDA1F3F5B
:1038CC0021F00A95C9F710E018C01CEF0E945EDACF
:1038DC0080E092E011270E945EDA0197D9F71FEF82
:1038EC000E945EDA1FEF0E945EDA1FEF0E945EDA22
:1038FC001F71153010E009F41FEF0895002780E7C1
:10390C0097E11FEF0E945EDA1E3F0000000021F0DD
:10391C000197B9F7112712C0EFECF1E080E092E0CB
:10392C001FEF0E945EDA1193012B0197C9F71FEF6D
:10393C000E945EDA1FEF0E945EDA1FEF0095009383
:10394C00CF0308952B9700E010E020E030E00093C7
:10395C0071051093720520937305309374050FEF66
:10396C001FEF2FEF3FEF00932705109328052093AF
:10397C00290530932A0510E010938D052C9A18EC2C
:10398C001987103041F01FEF1A930E945CDA2196D0
:10399C0019851A95F5CF14E6198710E01E83198541
:1039AC00103009F4E3C010E41A9300E010E020E0BA
:1039BC0030E03A932A931A930A938FDE27961130AC
:1039CC0009F0D0C010E0198719E004ECE7ECF5E041
:1039DC00B1E00E949CE118E41A930AEA11E020E09D
:1039EC0030E03A932A931A930A9377DE2796113094
:1039FC0009F075C01FEF1A930E945CDA21961FEF35
:103A0C001A930E945CDA21961FEF1A930E945CDADB
:103A1C0021961B831FEF1A930E945CDA21961A835E
:103A2C001B81113010E009F41FEF1F931A811A3A11
:103A3C0010E009F41FEF0F91102309F48AC017E767
:103A4C001A9300E010E020E030E03A932A931A93A6
:103A5C000A9343DE279619EE1A9300E010E020E05B
:103A6C0030E43A932A931A930A9337DE2796103050
:103A7C0019F0082D017019F71AE71A9300E010E0FD
:103A8C0020E030E03A932A931A930A9326DE279685
:103A9C00103009F51FEF1A930E945CDA21961C83F3
:103AAC001FEF1A930E945CDA21961FEF1A930E9463
:103ABC005CDA21961FEF1A930E945CDA21961C8126
:103ACC001074103029F01FEF10938D0514E001C015
:103ADC0013E01E833EC0082D017071F63AC019EE3A
:103AEC001A9300E010E020E030E03A932A931A9306
:103AFC000A93F3DD2796113008F021F412E01D83B0
:103B0C0019EE03C011E01D8311E41F831D811E8378
:103B1C001F811A9300E010E020E030E03A932A93E2
:103B2C001A930A93DADD2796103019F0082D0170DC
:103B3C0079F710E51A9300E012E020E030E03A93B8
:103B4C002A931A930A93C9DD2796103011F010E0CE
:103B5C001E83082D017011F410E01E831E8110309D
:103B6C0029F41DCF19851A95198719CF2C9A1FEF97
:103B7C001A930E945CDA21960E9454DA1FEF1A9372
:103B8C000E945EDA21961FEF1A930E945EDA21964C
:103B9C001E81103010E009F01FEF0895EFECF1E0FA
:103BAC008F010093B2051093B30508950A811B8110
:103BBC001A930A9310E000E01A930A9311E00FEFA6
:103BCC001A930A930E9431E226961123C1F10A81BD
:103BDC001B811A930A9310E000E81A930A9310E0E1
:103BEC000FEB1A930A930E9431E226961F930A81D7
:103BFC001B811A930A9310E000ED1A930A9310E0BC
:103C0C000FED1A930A930E9431E226960F91102B16
:103C1C0031F01981103010E009F01FEF1983E8E042
:103C2C00FFE20A811B81E00FF11F19811083E5E788
:103C3C00F1E30A811B81E00FF11F188110830895B5
:103C4C0022970D811E81198308832D813E810B8162
:103C5C001C81020F131F015010401A930A93AA8162
:103C6C00BB8128813981B31709F4A21709F088F4B4
:103C7C00E5E7F1E30A811B81E00FF11F1C81108342
:103C8C00AA81BB811196AA83BB83BB2351F7AA23BC
:103C9C0041F722960895229710E01983ECE0F0E0AA
:103CAC00FA93EA9317E0108310E01A9310810881BD
:103CBC00011709F0D8F41C81110F1F93E8E8FFE2FB
:103CCC000D811C2D100F012F1127E00FF11F1081FA
:103CDC00112309F01FEF11700F91102B1C83E98138
:103CEC00FA8110811A9510831F3F09F723961981C9
:103CFC000895ECE0F0E0FA93EA9310E0108317E0FB
:103D0C001A93108108810117C8F0E8E8FFE20B81D3
:103D1C000C0D1127E00FF11FEF93FF93FE0134966A
:103D2C00DF011C2D0E94ABE2FF91EF911083E98122
:103D3C00FA81108113951083112321F7239608958E
:103D4C0022971A811A93A7DF2396D12ED8821A8133
:103D5C00185F1A93A0DF2396D12ED98208811D2DCE
:103D6C00089510919308103091F4EBE0F8E0EF9384
:103D7C00FF933196FA93EA931FE11A9317EF61229E
:103D8C001FEB6122EFE7F6EC0E94E9DCAFC0EBE041
:103D9C00F8E0EF93FF933196FA93EA931FE11A93AD
:103DAC0017EF61221FEB61221DE20E94B7DF109119
:103DBC009308CF93DF931A9310E01A9310E01A93A1
:103DCC0010E21A930E9409DDDF91CF91E6E8F6EC40
:103DDC000E94E9DC1FE10881101BFF91EF91108319
:103DEC002396ECE0F0E0FA93EA9310E0108316E0EF
:103DFC001A93108108810117B8F1A3E9B8E01C2DC2
:103E0C000E94ABE2112349F1EBE0F8E0EF93FF9352
:103E1C003196FA93EA931FE11A9317EF61221FEB85
:103E2C006122EBE0F8E00E94F5DC0C2D1127A5E0F7
:103E3C00B0E0E89465F80E941AE0FDECE7E7E00FCB
:103E4C00F11F0E94E9DC10E20E94B7DF0FE118813C
:103E5C00011BFF91EF9100832396E981FA81108178
:103E6C0013951083112331F62396EBE0F8E0EF93D2
:103E7C00FF933196FA93EA931FE11A9317EF61229D
:103E8C001FEB6122EBE0F8E00E94F5DC10E20E94EF
:103E9C00B7DF0D811E81CF93DF931A930A9310E045
:103EAC001A9310E01A9310E21A93689465F8E89448
:103EBC0074F875F80E9438DFDF91CF9110E20E9400
:103ECC00B7DF0B811C81CF93DF931A930A9310E019
:103EDC001A9310E01A9310E21A93689465F8E89418
:103EEC0074F875F80E9438DFDF91CF910FE11881DB
:103EFC00011BFF91EF9100832396EBE0F8E0EF9329
:103F0C00FF933196FA93EA931FE11A9317EF61220C
:103F1C001FEB6122EBE0F8E00E94F5DC1DE50E944E
:103F2C00B7DF1FE10881101BFF91EF9110832396DF
:103F3C00CF93DF9318E0612A08E719ED1A930A93DF
:103F4C00EBE0F8E00E94F5DC1DE00E94B7DF1AE020
:103F5C000E94B7DFDF91CF9110E010939308089582
:103F6C00A3E9B8E01C810E9490E2CF93DF930A8111
:103F7C001B811A930A930A811B811A930A93F1DE0F
:103F8C00DF91CF910895EBE0F8E0EF93FF9331963A
:103F9C00FA93EA931FE11A9317EF61221FEB612248
:103FAC003E812D811C810B81CF93DF933A932A9311
:103FBC001A930A9310E01A9310E01A9310E21A93D2
:103FCC00689465F8E89474F875F862F80E9449DD15
:103FDC00DF91CF911FE10881101BFF91EF911083AE
:103FEC002396CF93DF9318E0612A08E719ED1A9313
:103FFC000A93EBE0F8E00E94F5DC1DE00E94B7DFCD
:10400C001AE00E94B7DFDF91CF910895EBE0F8E062
:10401C00EF93FF933196FA93EA931FE11A9317EFFC
:10402C0061221FEB61221B81CF93DF931A9310E067
:10403C001A9310E01A9310E21A930E9409DDDF9193
:10404C00CF911FE10881101BFF91EF9110832396F4
:10405C00CF93DF9318E0612A08E719ED1A930A93BE
:10406C00EBE0F8E00E94F5DC1DE00E94B7DF1AE0FF
:10407C000E94B7DFDF91CF910895CF93DF93188122
:10408C001A93C4DFDF91CF910895EBE0F8E0EF9342
:10409C00FF933196FA93EA931FE11A9317EF61227B
:1040AC001FEB61223E812D811C810B81CF93DF930D
:1040BC003A932A931A930A9310E01A9310E01A93E6
:1040CC0010E21A93689465F8E89474F875F862F83D
:1040DC000E9449DDDF91CF91EDE8F6EC0E94E9DC1E
:1040EC003E812D811C810B81B801C901492F0E9491
:1040FC00ABDF482F0E94ABDF472F0E94ABDF462F70
:10410C000E94ABDF1DE50E94B7DF1FE10881101B89
:10411C00FF91EF9110832396CF93DF9318E0612AE0
:10412C0008E719ED1A930A93EBE0F8E00E94F5DC2E
:10413C001DE00E94B7DF1AE00E94B7DFDF91CF913C
:10414C000895EBE0F8E0EF93FF933196FA93EA933E
:10415C001FE11A9317EF61221FEB6122E1E9F6ECE4
:10416C000E94E9DCEBE4F8E00E94F5DC1DE50E941E
:10417C00B7DF1FE10881101BFF91EF91108323968D
:10418C00CF93DF9318E0612A08E719ED1A930A938D
:10419C00EBE0F8E00E94F5DC1DE00E94B7DF1AE0CE
:1041AC000E94B7DFDF91CF910895CF93DF9318E092
:1041BC00612A08E719ED1A930A93E5E9F6EC0E94D7
:1041CC00E9DCDF91CF910895CF93DF9318E0612A5A
:1041DC0008E719ED1A930A93EFE9F6EC0E94E9DC73
:1041EC00DF91CF9108955A98082D027039F410E0A0
:1041FC000BE4E0EFF5E0B2E00E94A8E108955A98D4
:10420C00082D027039F410E009E1E0EFF5E0B2E0BE
:10421C000E94A8E108955A98082D027039F410E014
:10422C000DE7E0EFF5E0B2E00E94A8E108955A989E
:10423C0011E004EFE0EFF5E0B2E00E94A8E1089590
:10424C0018811095E894112309F068941BB112F9A8
:10425C001BB90895ECE0F0E0FA93EA9310E01083B8
:10426C001A811A9310810881011788F05A9810E06E
:10427C0004E60E94F5DA5A9810E004E60E94F5DA9A
:10428C00E981FA81108113951083112361F723962C
:10429C0010E01A93D5DF219608951091DB352B98F9
:1042AC001EBD1DB517FFFDCF1EB51093DC352B9A27
:1042BC0008951091D8352B981EBD1DB517FFFDCF55
:1042CC001EB51093DA351091D7351EBD1DB517FFED
:1042DC00FDCF1EB51093D9352B9A08951091CE357C
:1042EC002B981EBD1DB517FFFDCF1EB51093D235F3
:1042FC001091CD351EBD1DB517FFFDCF1EB510930A
:10430C00D1351091CC351EBD1DB517FFFDCF1EB597
:10431C001093D0351091CB351EBD1DB517FFFDCFB9
:10432C001EB51093CF352B9A08951091C835299846
:10433C001EBD1DB517FFFDCF1091C7351EBD1DB598
:10434C0017FFFDCF299A089518811093C73510E0F7
:10435C001093C835EADFCF93DF93C0DFDF91CF91A5
:10436C000091CF351091D0352091D1353091D23587
:10437C00089518811093C73510E81093C835D5DF10
:10438C0010E01093D83519811093D735CF93DF9364
:10439C0090DFDF91CF91089518811093C73510E805
:1043AC001093C835C2DF09811127000F111F00932C
:1043BC00D7351093D835CF93DF937BDFDF91CF9137
:1043CC000895E7ECF5E31981108310E81093C835D4
:1043DC00ACDF10E01093D835FF931A811A93198132
:1043EC001A9314E61A930E94D7DA2396FF9110932E
:1043FC00D735CF93DF935DDFDF91CF910895E7EC55
:10440C00F5E318811083E8EC10E811938EDF098135
:10441C0011270093D7351093D8351A930A9300912E
:10442C00D7351091D8351A930A9310E000E41A93FB
:10443C000A9310E00E94E3DA26960093D735109386
:10444C00D835CF93DF9335DFDF91CF910895188165
:10445C001093C73510E81093C83567DF09811A81AE
:10446C000093D7351093D835CF93DF9322DFDF91AC
:10447C00CF91089518811093C73510E81093C83563
:10448C0054DF3C812B811A8109810093CB35109329
:10449C00CC352093CD353093CE35CF93DF931EDFC3
:1044AC00DF91CF910895219710E01093C9351093A7
:1044BC00CA351981112381F01AE314B91CE51CBD0E
:1044CC0010E01DBD1FE915B910E010938E08469839
:1044DC0015E00E9404DB469A10E0188310E00AE015
:1044EC000E94F5DA188113951883112737991FEF5D
:1044FC001F9318811A3F10E011F008F01FEF0F9175
:10450C00102B61F31981112321F01BEB14B91FE956
:10451C0015B9E8943799689418B116F918B9379BFE
:10452C008BC013E01A9310DF21961091CF351093A6
:10453C00D5351091D0351093D6351091D1351093C7
:10454C00D4351091D2351093D3350091CF351091CD
:10455C00D0352091D1353091D23540E834273038E0
:10456C0029F4203019F4103009F4003010E009F06F
:10457C001FEF1F930091CF351091D0352091D1357D
:10458C003091D23540E834273F3729F42F3F19F4C6
:10459C001F3F09F40F3F10E009F01FEF0F9110239C
:1045AC001093C935112309F01FEF1F930091D335D8
:1045BC001091D4352091D5353091D63540E834273B
:1045CC00303A29F4263219F4123009F4093010E08B
:1045DC0008F01FEF0F9110231093CA351091C935B5
:1045EC00112309F01FEF1123E1F01091CA351123AB
:1045FC0009F01FEF1095B9F1CF93DF9318E0612A02
:10460C0008E719ED1A930A93EBEAF6EC0E94E9DC41
:10461C001DE00E94B7DF1AE00E94B7DFDF91CF9157
:10462C0022C0CF93DF9318E0612A08E719ED1A93A3
:10463C000A93E7ECF6EC0AC0CF93DF9318E0612AFB
:10464C0008E719ED1A930A93EFEDF6EC0E94E9DCFA
:10465C001DE00E94B7DF1AE00E94B7DFDF91CF9117
:10466C001FEF10938E0810918E08112309F01FEF85
:10467C00112311F11091042F112309F01FEF1123B5
:10468C00D1F010E01A9310E01A9311E01A930E94E3
:10469C000AD82396CF93DF9318E0612A06EF17ED23
:1046AC001A930A93EBE0F7EC0E94E9DCDF91CF91CF
:1046BC0010E00E942AD87FC01091042F112309F01A
:1046CC001FEF112309F454C013E01A933DDE219619
:1046DC000091CF351091D0352091D1353091D23514
:1046EC0000938108109382082093830830938408E8
:1046FC0010E01A9310E01A9311E01A930E940AD852
:10470C002396CF93DF9318E0612A06EF17ED1A93E7
:10471C000A93E6E1F7EC0E94E9DCDF91CF91CF93AD
:10472C00DF9318E0612A06EF17ED1A930A930091B4
:10473C008108109182082091830830918408689434
:10474C0063F8B801C901492F0E94ABDF482F0E94C2
:10475C00ABDF472F0E94ABDF462F0E94ABDFDF9110
:10476C00CF9110E00E942AD811E004EF0E94F5DAF4
:10477C00CF93DF9350DDDF91CF91ECE0F0E0FA9333
:10478C00EA9310E010831FEF1A9310810881011730
:10479C0088F012E01A93D8DD219612E01A93D4DD3A
:1047AC0021961A9907C0E981FA811081139510831B
:1047BC00112361F723960895229710E000E01983E6
:1047CC00088313E00FEF1A930A93AA81BB81288107
:1047DC003981E0E8BE273E27B31709F4A21709F088
:1047EC0078F412E01A93B0DD21961A9909C0AA81C7
:1047FC00BB811196AA83BB83B03849F7A03039F737
:10480C00229610E01A931AD0219610E005E00E942F
:10481C00F5DA12E01A9398DD21961091D1351A3AF7
:10482C0039F41091D035109391081091CF3503C005
:10483C0010E01093910810939208089510E81093CB
:10484C00C83511E81093C73570DD18811093DB352E
:10485C00CF93DF9322DDDF91CF91089518811A93C6
:10486C00EDDF219610E81093C7355FDD0895229790
:10487C001A81113011F0183059F510E000E019834D
:10488C0008830B811C81015010401A930A93AA8152
:10489C00BB8128813981B31709F4A21709F0B8F448
:1048AC00E4E1FDE10A811B81E00FF11F10811093FF
:1048BC00DB35CF93DF93F1DCDF91CF91AA81BB8104
:1048CC001196AA83BB83BB2321F7AA2311F733C00C
:1048DC00123011F0103189F510E000E019830883D3
:1048EC000B811C81015010401A930A93AA81BB8141
:1048FC0028813981B31709F4A21709F0E0F4E4E137
:10490C00FDE10A811B81000F111FE00FF11F0191C6
:10491C0010810093D7351093D835CF93DF93C9DC32
:10492C00DF91CF91AA81BB811196AA83BB83BB2354
:10493C00F9F6AA23E9F622963CC0143011F0103295
:10494C00C1F510E000E0198308830B811C81015034
:10495C0010401A930A93AA81BB8128813981B3171D
:10496C0009F4A21709F020F5E4E1FDE10A811B81AD
:10497C00000F111F000F111FE00FF11F019111917A
:10498C00219130810093CB351093CC352093CD35CC
:10499C003093CE35CF93DF93A1DCDF91CF91AA81F9
:1049AC00BB811196AA83BB83BB23B9F6AA23A9F6B4
:1049BC00229608951091DE351EBD1DB517FFFDCF53
:1049CC001EB51093DF350895289815E01093DE3549
:1049DC00F1DFF0DF1091DF3511701030D1F7289A2C
:1049EC000895289816E01093DE35E4DF289A089590
:1049FC00F8DF289811E01093DE35DCDF10E010931F
:104A0C00DE35D8DF289AE0DF0895EBDF289811E037
:104A1C001093DE35CFDF1FE31093DE35CBDF289A02
:104A2C00D3DF0895DEDF28980881198133272227E8
:104A3C0040E050E160E070E0689465F80E9476E038
:104A4C000093E0351093E1352093E2353093E33554
:104A5C0010E21093DE35AEDF1091E2351093DE35A7
:104A6C00A9DF1091E1351093DE35A4DF1091E0350C
:104A7C001093DE359FDF289AA7DF1091DF35107277
:104A8C00103010E009F41FEF0895ABDF289817ECF5
:104A9C001093DE358FDF289A97DF1091DF35107277
:104AAC00103010E009F41FEF0895269710E000E095
:104ABC001D830C83088519853327222740E050E19C
:104ACC0060E070E0689465F80E9476E03B832A838E
:104ADC0019830883E4EEF5E3FA93EA9310E000E01F
:104AEC0011830083EF93FF9308851985D80120E08B
:104AFC0031E0E89465F80E943CE001501040FF91D1
:104B0C00EF911A930A93A081B18128813981B3174F
:104B1C0009F4A21711F008F05EC063DF28983F81FA
:104B2C002E811D810C810093E0351093E13520938B
:104B3C00E2353093E33512E01093DE353BDF109114
:104B4C00E2351093DE3536DF1091E1351093DE350A
:104B5C0031DF1091E0351093DE352CDFEBE0F0E027
:104B6C00FA93EA9310E010831FEF1A9310810881D7
:104B7C000117B0F0E4E1FDE10B851C85E00FF11F9E
:104B8C0010811093DE3516DFAB85BC851196AB8793
:104B9C00BC87E981FA81108113951083112339F7B1
:104BAC002396289A11DFAC81BD818E819F81A05004
:104BBC00BF4F8F4F9F4FAC83BD838E839F83EA8102
:104BCC00FB81A081B1811196A083B183BB2311F429
:104BDC00AA2309F09ACF24961091DF351072103069
:104BEC0010E009F41FEF08952197CF93DF9300DFB6
:104BFC00DF91CF9110E018830B811C811A930A93DB
:104C0C0011DF2296112359F00B811C811A930A9300
:104C1C000B811C811A930A9348DF2A961883CF9331
:104C2C00DF93F3DEDF91CF9118810895CDDE0A81F9
:104C3C001B813327222740E050E160E070E068944C
:104C4C0065F80E9476E00093E0351093E1352093EF
:104C5C00E2353093E33528981BE01093DE35AADE5D
:104C6C001091E2351093DE35A5DE1091E1351093ED
:104C7C00DE35A0DE1091E0351093DE359BDE10E0C2
:104C8C001093DE3597DEE4EEF5E3FA93EA9310E049
:104C9C0000E0118300830A811B81015010401A939C
:104CAC000A93A081B18128813981B31709F4A21725
:104CBC0009F0B8F47FDEE4E1FDE10091E4351091F8
:104CCC00E535E00FF11F1091DF351083EA81FB8190
:104CDC00A081B1811196A083B183BB2321F7AA23B4
:104CEC0011F72496289A089526975A981091042F14
:104CFC00112309F01FEF1123A9F010E00E9422D814
:104D0C00CF93DF9318E0612A06EF17ED1A930A93FD
:104D1C00EDE1F7EC0E94E9DCDF91CF9110910706F1
:104D2C001093040610E000E01983088308851985A8
:104D3C001D830C830E811F811A930A93AE81BF8150
:104D4C0028813981B31709F4A21711F008F043C078
:104D5C000E811F811A930A9310E100E01A930A93B3
:104D6C0065DF249610E000E01D830C831FE00FEF3D
:104D7C001A930A93AE81BF8128813981B31709F444
:104D8C00A21709F0B8F42C813D81E4E1FDE10E811C
:104D9C001F81E00FF11F00811127020F131F1D83CC
:104DAC000C83AE81BF811196AE83BF83BB2321F7E9
:104DBC00AA2311F7229668945A99E8941BB112F918
:104DCC001BB9AE81BF811196AE83BF83BB2311F497
:104DDC00AA2309F0B5CF2296088119810895289746
:104DEC0008851985103109F4003070F4088519858F
:104DFC00D80124E030E0E89465F80E943CE01B8385
:104E0C000A830885198506C014E000E01B830A8319
:104E1C0010E100E0198308831A851A931FDD21968F
:104E2C000B851C851F830E8308851985D80120E00E
:104E3C0030E1E89465F80E943CE03C852B85020F3C
:104E4C00131F1D830C830E811F811A930A930A81F1
:104E5C001B811A930A93EADE24960A811B811A930A
:104E6C000A9310E21A9303DD2596AE81BF81119649
:104E7C00AE83BF832C813D810A2FB31709F402172F
:104E8C0010F31A851A93DADC2196089522971A8169
:104E9C001030C9F4EBE4F8E0EF93FF933196FA93FA
:104EAC00EA931FE11A9317EF61221FEB6122EBE3E8
:104EBC00F6EC0E94E9DC1FE10881101BFF91EF91D9
:104ECC00108323964DC00A811127005E1C4F198355
:104EDC0008831A930A9311E000E01A930A93A6DE52
:104EEC0024961091D41D1A9311E01A931FE01A9373
:104EFC000E9426E223961123C9F0EBE4F8E0EF932D
:104F0C00FF933196FA93EA931FE11A9317EF6122FC
:104F1C001FEB6122E4EDFDE10E94F5DC1FE108814D
:104F2C00101BFF91EF91108323961AC0EBE4F8E06D
:104F3C00EF93FF933196FA93EA931FE11A9317EFCD
:104F4C0061221FEB6122EDE2F7EC0E94E9DC1FE12C
:104F5C000881101BFF91EF911083239610E001C084
:104F6C001FEF089522970C811D811A930A9310E16B
:104F7C0000E01A930A935ADE24960A811B81198346
:104F8C0008831FE00FEF1A930A93AA81BB81288133
:104F9C003981B31709F4A21709F0D0F4E0E0F0E07E
:104FAC000A811B81E00FF11FEF93FF93E4E1FDE118
:104FBC00E00FF11F1081FF91EF910E941CDBAA8181
:104FCC00BB811196AA83BB83BB2309F7AA23F9F6ED
:104FDC00229608955A981091042F112309F01FEF6F
:104FEC00112309F43DC010E00E9422D8CF93DF9327
:104FFC0018E0612A06EF17ED1A930A93E7E3F7EC32
:10500C000E94E9DCDF91CF9110E01A9310E01A9323
:10501C0011E01A930E940AD82396CF93DF9318E0DD
:10502C00612A06EF17ED1A930A93009181081091EB
:10503C0082082091830830918408689463F8B80141
:10504C00C901492F0E94ABDF482F0E94ABDF472FCD
:10505C000E94ABDF462F0E94ABDFDF91CF91DBD8F4
:10506C0010910408112309F01FEF112339F0E5E02A
:10507C00F8E0FA93EA930E946D192496CF93DF938C
:10508C0018E0612A08E719ED1A930A93E7E4F7ECA4
:10509C000E94E9DC1DE00E94B7DF1AE00E94B7DF36
:1050AC00DF91CF9110E004E60E94F5DA10E015BF15
:1050BC00109369001DBB109368001093600010934F
:1050CC00610014BF0C9400FC28975A98ECE0F0E0B7
:1050DC00FA93EA9310E0108313E01A93108108817D
:1050EC000117C0F0FE013996FA93EA9314E61A936D
:1050FC000E9441D923961985153510E009F41FEF4C
:10510C001A87112339F4E981FA81108113951083E0
:10511C00112329F723961F81112379F0FE0136966E
:10512C00FA93EA931AE01A930E9441D923961E81AE
:10513C001A3A10E009F41FEF1F831F81112309F4A1
:10514C0061C0FE013296FA93EA9314E61A93A2E038
:10515C00B0E00E943AD9239610E000E0198308834E
:10516C0010E000E01D830C83088519850150104068
:10517C001A930A93AE81BF8128813981B31709F440
:10518C00A21709F098F5FE013896FA93EA9312E308
:10519C001A930E9441D923961987E4E1FDE10E810F
:1051AC001F81E00FF11F188511932A813B8108851F
:1051BC001127020F131F1B830A83AE81BF8120E8C6
:1051CC0030E0E89465F80E943CE08F01103009F45F
:1051DC00003019F416E00E9478D9AE81BF81119687
:1051EC00AE83BF83BB2341F6AA2331F622962A81D4
:1051FC003B8119810881131709F4021710E009F497
:10520C001FEF1F8314D81F81089521975A981FEF01
:10521C001883CF93DF93ECDBDF91CF910B811C8153
:10522C001A930A93FFDB2296112361F00B811C81E8
:10523C001A930A930B811C811A930A9336DC2A96D3
:10524C00109511F010E01883CF93DF93DEDBDF9124
:10525C00CF911881089510910E30183078F4BFE278
:10526C00A8E810E0E4E0F0E031960000319711F08E
:10527C001D93FCCF17E010930E3016C000910E302A
:10528C001FEF03FF11271093882F1FEF02FF112729
:10529C001093892F1FEF01FF112710938A2F1FEFF7
:1052AC0000FF112710938B2F089510E010930E30F0
:1052BC00AEE0B0E31091882F112309F01FEF03E04B
:1052CC000E94C1E2AEE0B0E31091892F112309F0E6
:1052DC001FEF02E00E94C1E2AEE0B0E310918A2F12
:1052EC00112309F01FEF01E00E94C1E2AEE0B0E330
:1052FC0010E01F9310918B2F112309F01FEF0F91CA
:10530C000E94C1E210910E30183018F417E010937F
:10531C000E30089510E010930F30AFE0B0E31F9300
:10532C001091942F112309F01FEF0F910E94C1E2ED
:10533C00AFE0B0E31091952F112309F01FEF01E0BE
:10534C000E94C1E208951091F9301330A9F4ACED2C
:10535C00BFE210E0E6E0F0E031960000319711F08A
:10536C001D93FCCFECEDFFE2009110301127E00F04
:10537C00F11F1FEF10832EC01091F930103051F136
:10538C001091F930113029F410911030ECEDF7EE4A
:10539C0004C010911030E4EEF7EE17700027E10F07
:1053AC00F01F11E01BBFD69000910D001FEF00FF06
:1053BC0011271093DC2F1FEF01FF11271093DD2F06
:1053CC001FEF02FF11271093DE2F1FEF03FF112792
:1053DC001093DF2FA9E4B2E310E0E6E0F0E03196A1
:1053EC000000319711F01D93FCCF1FEF10930306B3
:1053FC0008951091F930133029F510E01093103006
:10540C00ECE0F0E0FA93EA9311E0108315E01A93C4
:10541C00108108810117A0F0ECEDFFE21127EC0DD3
:10542C00F11F1081112309F01FEF112311F0C0920D
:10543C001030E981FA81108113951083112349F7FB
:10544C0023966CC01091F930103009F467C010919C
:10545C00F9301130C1F514E0109310301091DC2F9D
:10546C00112309F01FEF1F931091DD2F112309F069
:10547C001FEF0F9110231030C9F41091DD2F112361
:10548C0009F01FEF112331F01091103012501093CE
:10549C0010300CC01091DC2F112309F01FEF1123D9
:1054AC0029F01091103014501093103010911030CE
:1054BC001A9310E01A9314E01A930E941CE223969C
:1054CC00109310301CC01091F9301230C1F410E060
:1054DC00109310301091DD2F112309F01FEF1123C1
:1054EC0021F012E0109310300AC01091DE2F11231E
:1054FC0009F01FEF112319F014E0109310301091E4
:10550C00DF2F112309F01FEF112329F01091103018
:10551C0013951093103010E410937D321FEF1093FD
:10552C00030608950091153010910131011710E018
:10553C0009F41FEF10931E06112309F01FEF1F93A0
:10554C0010911530103010E009F41FEF0F91102B53
:10555C00109320060091163010910131011710E0C4
:10556C0009F41FEF10931F06112309F01FEF1F936F
:10557C0010911630103010E009F41FEF0F91102B22
:10558C001093210610911E06112309F01FEF1F9393
:10559C001091FF30123010E009F41FEF0F9110231F
:1055AC001093220610911F06112309F01FEF1F9371
:1055BC001091FF30123010E009F41FEF0F911023FF
:1055CC00109323061091FF30123029F010E0109345
:1055DC002406109325060895A1E8B2E310E0E4E058
:1055EC00F0E031960000319711F01D93FCCFA8ED3F
:1055FC00BFE210E0E0E1F0E031960000319711F0ED
:10560C001D93FCCFA5E3B2E310E0E0E1F0E03196AE
:10561C000000319711F01D93FCCF08951B810E945F
:10562C00F9D81123E1F01AE00E9404DBE89477F832
:10563C004B811A81312FE89460F8A0E0B0E050E083
:10564C000E9410D91AE00E9404DB1B81412FE881D3
:10565C00F981A1E0B0E00E9402D91FEF01C010E077
:10566C0008951A810E94F9D8112391F01AE00E9432
:10567C0004DBE89477F84A811981312FE89460F8BB
:10568C00FE01A1E0B0E050E00E9410D91FEF01C074
:10569C0010E0089521971981165A18830E94F9D8A1
:1056AC00112309F446C015E00E9404DBECE0F0E0A5
:1056BC00FA93EA9310E0108316E11A931081088193
:1056CC00011718F1E0EFF5E31127EC0DF11FEF9343
:1056DC00FF930C81A8E1B0E0E89465F80E941AE011
:1056EC0098010C2D1127020F131FF7E0E0E3E00FD8
:1056FC00F11F0E943EDBFF91EF911083E981FA814B
:10570C001081139510831123D1F623961FEF10935C
:10571C000736E89477F8488110E0312FE89460F868
:10572C00E0EFF5E3A8E1B0E050E00E9410D91FEFE4
:10573C0001C010E008951091C935112309F01FEF35
:10574C00112309F485C011E01A930E94AA21219615
:10575C001091CF35103009F450C01091042F112343
:10576C0009F01FEF1F931091F807112309F01FEF99
:10577C0010950F9110231F931127082D027009F417
:10578C0010950F91102391F11091070610930406B8
:10579C0010E01A9310E01A9310E01A930E940AD8A2
:1057AC002396CF93DF9318E0612A06EF17ED1A9337
:1057BC000A93E4EAF7EC0E94E9DCDF91CF9110E068
:1057CC001A9310E01A9311E01A930E940AD82396A8
:1057DC00CF93DF9318E0612A06EF17ED1A930A9323
:1057EC00E5EBF7EC0E94E9DCDF91CF9110E009E1E9
:1057FC00E0EFF5E0B2E00E94A8E11091F807112368
:10580C0009F01FEF1F931091CF35103010E009F401
:10581C001FEF0F911023A1F0CF93DF9318E0612AB3
:10582C0008E719ED1A930A93E6ECF7EC0E94E9DC11
:10583C001DE00E94B7DF1AE00E94B7DFDF91CF9125
:10584C001091CF35103010E009F01FEF1093F807CE
:10585C000895249710E810935D07A4E9BAE01FEFB0
:10586C00E0E0F4E031960000319711F01D93FCCF8D
:10587C0010E000E01B830A8312E00FEF1A930A93E7
:10588C00AC81BD8128813981E0E8BE273E27B31762
:10589C0009F4A21711F008F051C0E4E9F1E10C8110
:1058AC001D81E00FF11F10811F701A831A9310E0F5
:1058BC001A9313E01A930E9426E223961123A1F166
:1058CC00E4E9FEE00C811D81E00FF11F10811B83C8
:1058DC001038C8F40A811127A0E8B0E0E89465F804
:1058EC000E941AE098010B811127020F131F000F61
:1058FC00111FFAE0E4E9E00FF11F0C811D81085142
:10590C001C4F019310831B81103410E009F41FEF1E
:10591C001F931B81123410E009F41FEF0F91102B11
:10592C0019F010E010935D07AC81BD811196AC832A
:10593C00BD83B03811F4A03009F0A4CF229608959D
:10594C000881112700561C4F1A930A931DE000E0A2
:10595C001A930A936BD92496A4E9BEE0FDE1E4E125
:10596C0020E83CE00E940DDB1091841A1F30C9F036
:10597C00C0F0E4E8FAE1EF93FF933196FA93EA93DF
:10598C001FE01A9317EF61221FEB6122E9EDF7EC90
:10599C000E94E9DC1FE00881101BFF91EF9110833E
:1059AC00239657DF24960895229710E000E0198380
:1059BC000883D801B13009F4AF3E09F0D0F4E8E027
:1059CC00FFE208811981E00FF11FEF93FF93E0E5EF
:1059DC00F4E0E00FF11F0E943EDBFF91EF9110838A
:1059EC00A881B9811196A883B983BB2319F7AA237F
:1059FC0009F717E010937D3008952497A4E9B8E0D7
:105A0C001FEFE0E0F2E031960000319711F01D93AA
:105A1C00FCCFECE0F0E0FA93EA9310E0108316E987
:105A2C001A9310810881011778F1E0EFF1ED0C2D3C
:105A3C001127000F111FE00FF11F01E00BBF0791A1
:105A4C0016911E830D831A930A9313E008EE1A9392
:105A5C000A9315E006ED1A930A930E947CE22696AF
:105A6C00112359F00D811E81085E13401C830B839A
:105A7C00E4E9F8E0E00FF11FC082E981FA811081BE
:105A8C0013951083112371F62396A4E1B9E01CE061
:105A9C00E4E0F0E031960000319711F01D93FCCF5B
:105AAC00A0E2B9E017E0E2E0F0E0319600003197B7
:105ABC0011F01D93FCCFA4E3B9E01CE2EBE0F0E0A5
:105ACC0031960000319711F01D93FCCFA8E6B9E098
:105ADC001DE0E6E0F0E031960000319711F01D93E7
:105AEC00FCCF0895249710E01983183908F03DC0B5
:105AFC00E0E7FBED09811127E00FF11F11E01BBF5F
:105B0C001691188310910108112309F01FEF1095BD
:105B1C001F9308811FEF06FF112710950F9110237B
:105B2C00F1F0E0EFF1ED09811127000F111FE00FEB
:105B3C00F11F01E00BBF079116911B830A83A0E8AC
:105B4C001A27133809F4083E50F0E8E0FFE20A8106
:105B5C001B81085E1340E00FF11F10E010831981C8
:105B6C0013951983112309F0C0CF0895ECE0F0E0F0
:105B7C00FA93EA9310E010831FE01A9310810881C6
:105B8C00011718F1E8E5F0E31127EC0DF11FEF9385
:105B9C00FF930B81A0E1B0E0E89465F80E941AE055
:105BAC0098010C2D1127020F131FF6E0E0EBE00F0C
:105BBC00F11F0E943EDBFF91EF911083E981FA8186
:105BCC001081139510831123D1F62396188110930D
:105BDC00A23012E01093C5320895259715E50E9466
:105BEC0078D91AEA0E9478D912E00E9478D910E08C
:105BFC0000E01A83098310E000E01C830B830D8105
:105C0C001E81015010401A930A93AD81BE812881E8
:105C1C003981B31709F4A21711F008F046C0E4E17A
:105C2C00FDE10D811E81E00FF11FC1901C2D0E9422
:105C3C0078D92B813C810C2D1127020F131F1C834B
:105C4C000B83AD81BE8120E830E0E89465F80E94BA
:105C5C003CE08F01103009F40030E9F410E01A83B5
:105C6C00EDE0F0E0FA93EA9312E31A930E9441D923
:105C7C0023961A8113951A831D2D163010E009F402
:105C8C001FEF1F931A81173010E011F008F01FEF6F
:105C9C000F91102B29F3AD81BE811196AD83BE837C
:105CAC00BB2311F4AA2309F0B2CF22961A810E94C9
:105CBC0078D919810E9478D913E00E9478D9089577
:105CCC0021971BE10E9478D918831B810E9478D9F7
:105CDC000881100F188319810E9478D90881100F40
:105CEC0018831A810E9478D90881100F188308959F
:105CFC0010E00E9422D810E01A9310E01A9310E0E2
:105D0C001A930E940AD82396CF93DF9318E0612A46
:105D1C0006EF17ED1A930A93E5EEF7EC0E94E9DC17
:105D2C00DF91CF9110E01A9310E01A9311E01A93BF
:105D3C000E940AD82396CF93DF9318E0612A06EFCE
:105D4C0017ED1A930A93E3EFF7EC0E94E9DC0A8152
:105D5C001B81CF93DF931A930A9310E01A9310E0F0
:105D6C001A9310E21A93689463F8689465F8E894AF
:105D7C0074F875F80E9438DFDF91CF91DF91CF91E5
:105D8C000E941D2110910706109304060895ECE063
:105D9C00F0E0FA93EA9310E010831A81175E1A93DD
:105DAC00108108810117B0F010E001E00E94F5DAD3
:105DBC000E9471D9112339F00E9454D9163019F46C
:105DCC001FEF239609C0E981FA8110811395108386
:105DDC00112339F7239610E00895289710915C074A
:105DEC00133011F415E001C014E01B8310E01E8386
:105DFC0010E0188310915C07133051F41127F894BC
:105E0C0010930301109304011093050167FC78941F
:105E1C001B811A930A851B851A930A9351DF2496CA
:105E2C001F8318850E9478D9712F1F81170F1F832C
:105E3C0009851A85085E13401A83098310E01D83B7
:105E4C00188511501A931E8108810117C0F0E8E0E3
:105E5C00FFE20A811B81E00FF11F70817D831885A1
:105E6C00170F1887172F0E9478D9AA81BB8111961A
:105E7C00AA83BB831E8113951E83112329F72196B8
:105E8C001F810E9478D910915C07133029F4188572
:105E9C001A937DDF219601C01FEF18831E81139585
:105EAC001E8318811F931E81133010E011F008F02F
:105EBC001FEF0F91102B09F49DCF0895249710918B
:105ECC005C07133011F415E001C014E0198310E0E5
:105EDC001A8310E0188319811A930E811F811A936B
:105EEC000A93EEDE24961B8311E00E9478D91B8165
:105EFC0013951B831C810E9478D9712F1B81170F5E
:105F0C001B830E9478D910915C07133029F410E0A0
:105F1C001A933DDF219601C01FEF18831A81139548
:105F2C001A8318811F931A81133010E011F008F0B6
:105F3C001FEF0F91102B79F20895229710E000E0DB
:105F4C0019830883D801B03009F4A23009F000F5A8
:105F5C00CF93DF9308811981A0E1B0E0E89465F854
:105F6C000E941AE008511C4F1A930A931CE01A93D2
:105F7C0034DFDF91CF9110E00FE00E94F5DAA881B9
:105F8C00B9811196A883B983BB23E9F6AA23D9F664
:105F9C0010E000E019830883D801B03009F4A33075
:105FAC0009F000F5CF93DF9308811981A8E0B0E0E8
:105FBC00E89465F80E941AE0085E1B4F1A930A9346
:105FCC0015E01A930ADFDF91CF9110E00AE00E94EE
:105FDC00F5DAA881B9811196A883B983BB23E9F6B8
:105FEC00AA23D9F614E008E31A930A931BE01A9338
:105FFC00F4DE2B9610E00FE00E94F5DA14E008E4D2
:10600C001A930A931CE01A93E8DE2B9610E00FE02B
:10601C000E94F5DA14E008E51A930A931AE01A9331
:10602C00DCDE2B9610E00FE00E94F5DA10E000E0C9
:10603C0019830883D801B03009F4A33009F000F5B6
:10604C00CF93DF9308811981A0E1B0E0E89465F863
:10605C000E941AE008591B4F1A930A9310E11A93E5
:10606C00BCDEDF91CF9110E00FE00E94F5DAA88141
:10607C00B9811196A883B983BB23E9F6AA23D9F673
:10608C0014E008EC1A930A9318E11A93A6DE2B96E7
:10609C0010E004E10E94F5DA14E000EF1A930A9381
:1060AC0019E01A939ADE2B9610E00AE00E94F5DABA
:1060BC0015E008E21A930A931EE01A938EDE2B96D3
:1060CC0010E00AE00E94F5DA15E008EA1A930A9348
:1060DC001CE01A9382DE2B9610E00AE00E94F5DA9F
:1060EC0015E008EC1A930A931CE01A9376DE2B96B3
:1060FC0010E00AE00E94F5DA16E00AE41A930A931B
:10610C001FE71A93DBDE2796A5E7B1E310E0E1EF7A
:10611C00F1E00000319711F01D93FCCF0895219709
:10612C0019811A931FE01A9314E61A930E94D7DA76
:10613C0023961F5F1883E89477F84A8112E0312F79
:10614C00E89460F8E6E1F0E0A1E0B0E060E050E057
:10615C000E9410D9E89477F84A8113E0312FE89423
:10616C0060F8FE01A1E0B0E00E9410D9E89477F845
:10617C004A8114E0312FE89460F8E6E1F0E0A1E008
:10618C00B0E060E00E9410D9E89477F84A8115E0FD
:10619C00312FE89460F8FE013196A1E0B0E00E9446
:1061AC0010D9089521970091F7300F5F1091F730B7
:1061BC000E9407E0115F1883ECE0F0E0FA93EA9399
:1061CC0010E0108315E01A93108108810117C8F0B4
:1061DC00E4E1FDE21127EC0DF11F1081112309F010
:1061EC001FEF112339F01C2D105A1A931C811A938E
:1061FC0096DF2396E981FA81108113951083112380
:10620C0021F72396ECE0F0E0FA93EA9316E0108382
:10621C0017E01A93108108810117C8F0E4E1FDE240
:10622C001127EC0DF11F1081112309F01FEF112321
:10623C0039F01C2D105A1A931FEF1A9370DF239606
:10624C00E981FA81108113951083112321F723968C
:10625C00089510E20E94F6D70895CF93DF9318E0CB
:10626C00612A06EF17ED1A930A93EBEFF7EC0E94F5
:10627C00E9DCDF91CF91089510910A36113009F4C1
:10628C0071C010E01A9310E01A9310E01A931EE0FC
:10629C001A9311E11A931A931A931EE01A9310E0B1
:1062AC001A9310E01A930E943FD82A9610E01A9382
:1062BC0011E01A9310E01A931EE01A931FE11A933F
:1062CC001A931A931EE01A9310E01A9310E01A9383
:1062DC000E943FD82A9610E01A9312E01A9310E00D
:1062EC001A931AE01A9311E11A9310E01A9311E120
:1062FC001A931AE01A9310E01A9310E01A930E9462
:10630C003FD82A9610E01A9313E01A9310E01A93D0
:10631C001EE01A931BE11A9315E11A931BE11A93D1
:10632C001EE01A9310E01A9310E01A930E943FD8C3
:10633C002A9611E010930A3610E005E00E94F5DA77
:10634C0010E01A9310E01A9311E01A930E940AD8E5
:10635C00239610E01A931FEF1A9310E01A930E94E1
:10636C00FCD72396089510910A36123009F464C0B4
:10637C0010E01A9310E01A931FE11A931A931A93D0
:10638C001A931A931A931A9310E01A930E943FD8F7
:10639C002A9610E01A9311E01A931FE11A9318E150
:1063AC001A931A931A931A931A931FE11A9310E0E3
:1063BC001A930E943FD82A9610E01A9312E01A936F
:1063CC0010E11A931A931A931A931A931A931A9315
:1063DC0010E01A930E943FD82A9610E01A9313E00B
:1063EC001A931FE11A9310E01A9310E01A9310E01D
:1063FC001A9310E01A9310E01A931FE11A9310E00D
:10640C001A930E943FD82A9612E010930A3610E095
:10641C0005E00E94F5DA10E01A9310E01A9311E0EF
:10642C001A930E940AD8239610E01A9310E01A933C
:10643C001A930E94FCD72396089518811123D9F141
:10644C0010910936113009F46FC010E01A9316E060
:10645C001A9314E01A931AE01A9315E11A9310E0A8
:10646C001A9315E11A931AE01A9314E01A9310E098
:10647C001A930E943FD82A9610E01A9317E01A93A9
:10648C0012E01A9316E01A931EE01A931EE11A9367
:10649C001EE01A9316E01A9312E01A9310E01A9366
:1064AC000E943FD82A9611E01093093610E005E0BF
:1064BC000E94F5DA39C0109109361230A9F110E0BA
:1064CC001A9316E01A9314E01A931EE01A931FE124
:1064DC001A9310E01A931FE11A931EE01A9314E01A
:1064EC001A9310E01A930E943FD82A9610E01A9340
:1064FC0017E01A9312E01A9314E01A931AE01A9305
:10650C0014E11A931AE01A9314E01A9312E01A93F6
:10651C0010E01A930E943FD82A9612E01093093685
:10652C0010E005E00E94F5DA089510E00E94D3D740
:10653C001123E1F110E005E00E94F5DA10E01A9366
:10654C0015E01A931FE11A9319E11A9317E11A93A4
:10655C001BE11A931DE11A9313E11A931FE11A938D
:10656C0010E01A930E943FD82A9610E005E00E9492
:10657C00F5DACF93DF93F7DEDF91CF911FEF109316
:10658C00042F10E00E943BD810E005E00E94F5DAE1
:10659C00CF93DF9318E0612A06EF17ED1A930A9355
:1065AC00EEE2F6EC0E94E9DCDF91CF910895F894CD
:1065BC0013E01093F5051093F60510E01093F80511
:1065CC00789410930D0608952397E0EFF1ED0B816D
:1065DC001127000F111FE00FF11F01E00BBF0791F6
:1065EC001691085E13401A8309831A930A9310E0DC
:1065FC0000E01A930A9311E00FEF1A930A930E948A
:10660C007CE22696112351F0ECEDFFED09811A8105
:10661C00E00FF11F11E01BBF169101C01FEF188393
:10662C0008952397F8941091F80510930C0610E038
:10663C001093F805789410910C0620E81227103866
:10664C0010E009F01FEF1093FB05009108360023B2
:10665C0061F411E210930836F8941091F905109337
:10666C000D0610E01093F905789410910D0617FDA6
:10667C00119520E81227113831F128F110910706F5
:10668C001A93A2DF24961883CF93DF93012F11273F
:10669C001A930A9300910D06112700230AF41FEF99
:1066AC001A930A9310E000E41A930A931FEF0E94C6
:1066BC00E3DADF91CF911A830983102F00910C0636
:1066CC00100F10930C06089510E00E945BD8176C05
:1066DC0010951093FD0508811981103009F40030D4
:1066EC0021F0088119810E94F5DA1091FD05103016
:1066FC0011F410E001C01FEF08952397E0E7FBEDC4
:10670C000B811127E00FF11F11E01BBF16911983AC
:10671C0012E01A8310910D301A9310E01A9312E0C4
:10672C001A930E941CE2239618831B811A9319E575
:10673C001A9311E61A930E9426E223961123A9F0CC
:10674C001091812F112309F01FEF10951F93FE015B
:10675C003196DF010C911FEF07FF112710950F9158
:10676C00102369F011E01A830AC0FE013196DF0193
:10677C0018810E94ABE2109511F010E01A83109171
:10678C000108112309F01FEF10951F93FE0131969C
:10679C00DF010C911FEF06FF112710950F911023AD
:1067AC0011F010E01A83EFE8F9E00B811127E00FEC
:1067BC00F11F0E943EDB109511F010E01A831B8133
:1067CC00163910E009F41FEF1F9310919208113540
:1067DC0010E009F01FEF0F91102311F010E001C031
:1067EC001A810895ECE0F0E0FA93EA9310E010833C
:1067FC0017E91A9310810881011778F0EFE8F9E096
:10680C001127EC0DF11F1FEF0E941CDBE981FA81AF
:10681C00108113951083112371F7239663D9249655
:10682C000895ECE0F0E0FA93EA9310E010831CE09A
:10683C001A9310810881011760F1E8E2F1ED11273C
:10684C00EC0DF11F11E01BBF1691ED81FE81108341
:10685C00E5E3F1ED1127EC0DF11F11E01BBF1691D3
:10686C00EB81FC8110831F811A93EE81FF811081D3
:10687C001A93ED81FE8110811A930E9426E22396D1
:10688C00112339F4E981FA811081139510831123B6
:10689C0089F6239608952197E8E5F1ED0091070616
:1068AC001127E00FF11F11E01BBF1691188318324E
:1068BC0029F0193219F0173209F0193110E009F4E6
:1068CC001FEF1093FE0518811A3110E009F41FEF29
:1068DC001093FF051881173210E009F41FEF1F9376
:1068EC001881193110E009F41FEF0F91102B11F0E2
:1068FC0017E006C018811A3111F41DE001C01BE02D
:10690C0010930206109107061A93F7DE24961130A5
:10691C0008F029F410E01093FE051093090610916D
:10692C0007061A9310E01A9315E11A930E9426E2B7
:10693C0023961093000608952597109107061A9335
:10694C00FE013496FA93EA93FE013596FA93EA9394
:10695C0068DF259610E01883109107061C830C81C4
:10696C001D81100F1C83183C10E011F008F01FEF74
:10697C001F930C811B8101171FEF08F011270F913A
:10698C00102B11F01A811C830C811A81011719F03C
:10699C0010F01B811C831C811A93AFDE2496198383
:1069AC001D8120E81227103810F011E001C01FEFF4
:1069BC001D831981103010E009F01FEF012F188191
:1069CC00102B69F21981103019F01C8110930706F5
:1069DC000895CF93DF9310910906112309F01FEF4F
:1069EC001A932BDDDF91CF9110E01A931FE01A93CD
:1069FC0010E01A930E940AD8239616E00E94F6D74C
:106A0C0010E01A931FE01A9311E01A930E940AD80F
:106A1C00239610910006112309F01FEF112311F09A
:106A2C0010E201C015E00E94F6D71091FF0511236A
:106A3C0009F01FEF1F931091FE05112309F01FEFB2
:106A4C000F91102B71F110E01A93109101061A930B
:106A5C0011E01A930E940AD823961091090611236B
:106A6C0009F01FEF112361F010E01A931FEF1A9336
:106A7C001A930E94FCD7239610E01A931FE00CC0C7
:106A8C0010E01A931FEF1A9310E01A930E94FCD790
:106A9C00239610E01A931EE01A930E94F7D72296C1
:106AAC0008C010E01A9310E01A931A930E94FCD7B6
:106ABC002396089517E00E94F6D710E00E942AD87A
:106ACC00089510E010930B0600E01A930A93FCDD76
:106ADC0022961093FC05112309F01FEF112399F056
:106AEC000091FD0505FF04C01FEF10930B0607C0B6
:106AFC000091FD0504FF03C011E010930B0610E09C
:106B0C0005E00E94F5DA089510E01A9310E01A934C
:106B1C0010E01A930E940AD82396CF93DF9318E0C3
:106B2C00612A06EF17ED1A930A93FE0132960E9422
:106B3C00F5DCDF91CF9110E00E942AD810E01A9377
:106B4C0010E01A9311E01A930E940AD82396089524
:106B5C0018811C3210E009F41FEF1F9310910D30B7
:106B6C00123010E008F01FEF0F91102399F0CF9323
:106B7C00DF9360976F92FE01EF93FF933196FA9338
:106B8C00EA931FE01A9317EF61221FEB6122E2E0F8
:106B9C00F8EC1CC0CF93DF9360976F92FE01EF93DC
:106BAC00FF933196FA93EA931FE01A9317EF612241
:106BBC001FEB61220B891127AEE0B0E0E89465F879
:106BCC000E941AE0F3EDE0E2E00FF11F0E94E9DC15
:106BDC001FE00881101BFF91EF91108323966F909B
:106BEC0093DFDF91CF91089510E01A9310E01A9380
:106BFC0011E01A930E940AD82396CF93DF9318E0E2
:106C0C00612A06EF17ED1A930A93FE0132960E9441
:106C1C00F5DCDF91CF9108951881112359F0CF93B2
:106C2C00DF9318E0612A06EF17ED1A930A93EBE055
:106C3C00F8EC0AC0CF93DF9318E0612A06EF17ED4A
:106C4C001A930A93EFE0F8EC0E94E9DCDF91CF9104
:106C5C0008951881133459F4CF93DF9318E0612A07
:106C6C0006EF17ED1A930A93E3E1F8EC40C01535E3
:106C7C0059F4CF93DF9318E0612A06EF17ED1A93BE
:106C8C000A93EAE1F8EC33C01C3459F4CF93DF9348
:106C9C0018E0612A06EF17ED1A930A93E0E2F8EC7C
:106CAC0026C0103559F4CF93DF9318E0612A06EF14
:106CBC0017ED1A930A93E6E2F8EC19C0143459F460
:106CCC00CF93DF9318E0612A06EF17ED1A930A931E
:106CDC00ECE2F8EC0CC01F3479F4CF93DF9318E09E
:106CEC00612A06EF17ED1A930A93E5E3F8EC0E947C
:106CFC00E9DCDF91CF9110C0123571F4CF93DF93A3
:106D0C0018E0612A06EF17ED1A930A93EBE3F8ECFF
:106D1C000E94E9DCDF91CF9108951091042F11238B
:106D2C0009F01FEF112349F110E00E9422D8CF93F4
:106D3C00DF9318E0612A06EF17ED1A930A93E2E449
:106D4C00F8EC0E94E9DCDF91CF91CF93DF931881AF
:106D5C001A937FDFDF91CF911881143471F0CF93A8
:106D6C00DF9318E0612A06EF17ED1A930A93E8E413
:106D7C00F8EC0E94E9DCDF91CF9108951091042F7B
:106D8C00112309F01FEF112399F110E00E9422D872
:106D9C00CF93DF9318E0612A06EF17ED1A930A934D
:106DAC00ECE4F8EC0E94E9DCDF91CF9110E01A934F
:106DBC0010E01A9311E01A930E940AD82396CF93ED
:106DCC00DF9318811A9345DFDF91CF91CF93DF9337
:106DDC0018E0612A06EF17ED1A930A93E5E5F8EC33
:106DEC000E94E9DCDF91CF91109107061093040605
:106DFC000895CF93DF9318811A93C0DFDF91CF9161
:106E0C0015E01A930E94302121961091042F112322
:106E1C0009F01FEF112319F010E00E9422D80895F9
:106E2C0010E010930406109308061091042F112300
:106E3C0009F01FEF112339F010E01093093610E020
:106E4C001A93FBDA219627DD2196CF93DF93AFDBE4
:106E5C00DF91CF9108951091042F112309F01FEFAA
:106E6C001123B1F010E00E9422D8CF93DF9318E0E9
:106E7C00612A06EF17ED1A930A93EAE5F8EC0E94E3
:106E8C00E9DCDF91CF9113E01A930E943021219617
:106E9C000E94DB20CF93DF9318E0612A08E719EDFD
:106EAC001A930A93EAE5F8EC0E94E9DC1DE00E94D3
:106EBC00B7DF1AE00E94B7DFDF91CF9108950E94EF
:106ECC00A81C2B96112349F0CF93DF930E94A001AD
:106EDC00DF91CF911FEF109303081091030811233A
:106EEC0009F01FEF112311F01FEF07C0A3E9B8E061
:106EFC0011E00E9490E2AFDF10E0089510910308BA
:106F0C00112309F01FEF1095C1F00E94A81C2B96BD
:106F1C00112399F0CF93DF930E94A001DF91CF91C1
:106F2C001FEF10930308112309F01FEF109529F0A0
:106F3C00A3E9B8E011E00E9490E20895A6E5B0E064
:106F4C00CA1BDB0B10E01883CF93DF93B8DFDF9104
:106F5C00CF91112309F492C0CF93DF932D976F92A9
:106F6C00FE01EF93FF933196FA93EA931CE01A9388
:106F7C0017EF61221FEB61221CE50E94B7DF0CE0CA
:106F8C001881011BFF91EF91008323966F902D9731
:106F9C006F92FE01EF93FF933196FA93EA931CE004
:106FAC001A9317EF61221FEB6122E4E7F0E0EC0F7C
:106FBC00FD1F0E94F5DC0CE01881011BFF91EF9185
:106FCC00008323966F901FE31A93FE017C96FA932D
:106FDC00EA930E94CD14DF91CF91112309F44EC096
:106FEC00FE01EA5AFF4F10811123C9F0CF93DF93B2
:106FFC0018E0612A08E719ED1A930A93E8E6F8EC11
:10700C000E94E9DCFE0133960E94F5DC1DE00E9433
:10701C00B7DF1AE00E94B7DFDF91CF9122C0088161
:10702C001127A0E1B0E0E89465F80E941AE0FBE2B9
:10703C00E4E1E00FF11FEF93FF933196FA93EA939B
:10704C001FE01A9317EF61221FEB6122FE013496A9
:10705C000E94F5DC1FE00881101BFF91EF9110835B
:10706C002396188113951883FE013196FA93EA93AF
:10707C000E94A0152296109509F4B2CF188108959C
:10708C002D9700E010E020E030E000938108109391
:10709C00820820938308309384081A830983109103
:1070AC000308112309F01FEF109511F0D4DE76C2FE
:1070BC001091042F112309F01FEF112341F110E05F
:1070CC000E9422D8CF93DF9318E0612A06EF17EDC8
:1070DC001A930A93EBE6F8EC0E94E9DCDF91CF916E
:1070EC0010E01A9310E01A9311E01A930E940AD838
:1070FC002396CF93DF9318E0612A06EF17ED1A93CE
:10710C000A93FE013F960E94F5DCDF91CF9110E0CF
:10711C0018830D8D1E8D1C830B83CF93DF932D97BE
:10712C006F92FE01EF93FF933196FA93EA931CE072
:10713C001A9317EF61221FEB61221CE50E94B7DF47
:10714C000CE01881011BFF91EF91008323966F9047
:10715C002D976F92FE01EF93FF933196FA93EA937A
:10716C001CE01A9317EF61221FEB6122FE01BA9605
:10717C000E94F5DC0CE01881011BFF91EF9100835C
:10718C0023966F9017E21A930E948414DF91CF918B
:10719C00112309F4BBC1CF93DF932D976F92FE019E
:1071AC00EF93FF933196FA93EA931CE01A9317EF3F
:1071BC0061221FEB61221CE50E94B7DF0CE01881F5
:1071CC00011BFF91EF91008323966F902D976F9287
:1071DC00FE01EF93FF933196FA93EA931CE01A9316
:1071EC0017EF61221FEB6122FE01BA960E94F5DCBB
:1071FC001CE00881101BFF91EF91108323966F9078
:10720C00FE01B396FA93EA930E94FB13DF91CF91A0
:10721C003C852B851A850985A801B901A0E0B0E150
:10722C00E0E0F0E0E89465F80E94C1E00F5F1F4FCA
:10723C002F4F3F4F3C872B871A870987CF93DF93BC
:10724C00FE013796FA93EA932D976F92FE01EF9316
:10725C00FF933196FA93EA931CE01A9317EF61228D
:10726C001FEB61220CE01881011BFF91EF91008351
:10727C0023966F902D976F92FE01EF93FF933196AB
:10728C00FA93EA931CE01A9317EF61221FEB612229
:10729C00FE01BC960E94F5DC1CE00881101BFF91DE
:1072AC00EF91108323966F9010E001E00093CC01D6
:1072BC001093CD010E949912DF91CF910F81188507
:1072CC001A930A930E94D01722960E94FE2410E073
:1072DC0010938E080F8118851A930A930E94C41973
:1072EC002296109509F4F3C01091042F112309F084
:1072FC001FEF112351F110E01A9319E01A9310E0CB
:10730C001A930E940AD8239613E20E94F6D718E02B
:10731C00612A06EF17ED1A930A930D811E81CF9304
:10732C00DF931A930A9310E01A9310E01A9310E269
:10733C001A93689463F8E89465F8E89474F875F80F
:10734C000E9438DFDF91CF9122960F8118851A9316
:10735C000A9304E11DE11A930A9310E100E01A93D9
:10736C000A93FE013B96FA93EA930E94FA192A9625
:10737C000B811C811A930A930E9418252296109552
:10738C0049F11FEF10938E0813E018831091042F0E
:10739C00112309F01FEF1123E1F010E01A9310E014
:1073AC001A9310E01A930E940AD82396CF93DF9376
:1073BC0018E0612A06EF17ED1A930A93E4E7F8EC4C
:1073CC000E94E9DCDF91CF911AE01A930E943021E0
:1073DC0021967DC00B811C811A930A9310E100E069
:1073EC001A930A930E945B252A96109521F11FEFA0
:1073FC0010938E0814E018831091042F112309F0B8
:10740C001FEF1123B9F010E01A9310E01A9310E05B
:10741C001A930E940AD82396CF93DF9318E0612A1F
:10742C0006EF17ED1A930A93E3E8F8EC0E94E9DCF7
:10743C00DF91CF9140C0AB81BC811196AB83BC83F3
:10744C0009811A81103009F4053C10E011F008F0A4
:10745C001FEF1F933A8529851A810981131709F4A7
:10746C00021710E011F008F01FEF0F91102B49F1EB
:10747C001FEF10938E0814E018831091042F112322
:10748C0009F01FEF1123B9F010E01A9310E01A93D2
:10749C0010E01A930E940AD82396CF93DF9318E03A
:1074AC00612A06EF17ED1A930A93E3E9F8EC0E94B0
:1074BC00E9DCDF91CF911AE01A930E9430212196DA
:1074CC0006C0A981BA811196A983BA8303CFFE01A4
:1074DC003796FA93EA930E946D1924960E940B2515
:1074EC001881103029F0A3E9B8E011E00E9490E275
:1074FC001881133028F0A3E9B8E013E00E9490E261
:10750C001091070610930406188149C00E94EA20C6
:10751C00CF93DF9318E0612A08E719ED1A930A93C9
:10752C00E2EAF8EC0E94E9DCFE013F960E94F5DCF1
:10753C00ECEAF8EC0E94E9DC1DE00E94B7DF1AE0EF
:10754C000E94B7DFDF91CF911091042F112309F026
:10755C001FEF1123E1F010E01A9310E01A9310E0E2
:10756C001A930E940AD82396CF93DF9318E0612ACE
:10757C0006EF17ED1A930A93E9EBF8EC0E94E9DC9D
:10758C00DF91CF9113E01A930E94302121961FEFC7
:10759C0010938E08109107061093040612E00895BC
:1075AC00229710E019831883193008F05AC0EBE6C3
:1075BC00F8E0EF93FF933196FA93EA931FE01A9356
:1075CC0017EF61221FEB6122E9ECF8EC0E94E9DC79
:1075DC001B81CF93DF931A9310E01A9310E01A9348
:1075EC0010E21A930E9409DDDF91CF91EFECF8ECD9
:1075FC000E94E9DC1FE00881101BFF91EF911083C2
:10760C00239619811F93CF93DF930881112700567E
:10761C001C4F1A930A9360976F92FE01EF93FF939E
:10762C003196FA93EA931FE01A9317EF61221FEB3E
:10763C006122EBE6F8E00E94F5DC1FE00881101BEC
:10764C00FF91EF91108323966F901ADDDF91CF910C
:10765C000F91102B1983188113951883112309F09E
:10766C00A3CF19810895229710E0198319E018838C
:10767C001B3008F05AC0EBE6F8E0EF93FF9331961D
:10768C00FA93EA931FE01A9317EF61221FEB612222
:10769C00E9ECF8EC0E94E9DC1B81CF93DF931A93A1
:1076AC0010E01A9310E01A9310E21A930E9409DD6D
:1076BC00DF91CF91EFECF8EC0E94E9DC1FE0088140
:1076CC00101BFF91EF911083239619811F93CF9379
:1076DC00DF930881112700561C4F1A930A93609769
:1076EC006F92FE01EF93FF933196FA93EA931FE0AA
:1076FC001A9317EF61221FEB6122EBE6F8E00E9470
:10770C00F5DC1FE00881101BFF91EF91108323968D
:10771C006F90B6DCDF91CF910F91102B19831881EC
:10772C0013951883112309F0A3CF19810895249779
:10773C0010E01B8300E01983088310E01A831830D3
:10774C0008F05FC0EBE6F8E0EF93FF933196FA9305
:10775C00EA931FE01A9317EF61221FEB6122E4ED0D
:10776C00F8EC0E94E9DC1D81CF93DF931A9310E0B3
:10777C001A9310E01A9310E21A930E9409DDDF911C
:10778C00CF91ECEDF8EC0E94E9DC1FE00881101BB6
:10779C00FF91EF91108323961B811F93CF93DF935F
:1077AC000881198100541C4F1A930A9360976F92A9
:1077BC00FE01EF93FF933196FA93EA931FE01A932D
:1077CC0017EF61221FEB6122EBE6F8E00E94F5DC7B
:1077DC001FE00881101BFF91EF91108323966F908F
:1077EC004FDCDF91CF910F91102B1B83A881B981B6
:1077FC001496A883B9831A8113951A83112309F05F
:10780C009ECF1B810895229710E0198318831430A2
:10781C0008F05BC0EBE6F8E0EF93FF933196FA9338
:10782C00EA931FE01A9317EF61221FEB6122E1EE3E
:10783C00F8EC0E94E9DC1B811F5FCF93DF931A9356
:10784C0010E01A9310E01A9310E21A930E9409DDCB
:10785C00DF91CF91EFECF8EC0E94E9DC1FE008819E
:10786C00101BFF91EF911083239619811F93CF93D7
:10787C00DF930881112705541C4F1A930A936097C4
:10788C006F92FE01EF93FF933196FA93EA931FE008
:10789C001A9317EF61221FEB6122EBE6F8E00E94CE
:1078AC00F5DC1FE00881101BFF91EF9110832396EC
:1078BC006F90E6DBDF91CF910F91102B198318811C
:1078CC0013951883112309F0A2CF198108952297DB
:1078DC0010E010938E081FEF19831B81112309F4FC
:1078EC0023C1CF93DF9310E000E01A930A936097C3
:1078FC006F92FE01EF93FF933196FA93EA931FE098
:10790C001A9317EF61221FEB6122E7EEF8EC0E944D
:10791C00E9DC1FE00881101BFF91EF911083239687
:10792C006F90AEDBDF91CF91103051F01FEF1093C1
:10793C008E08A3E9B8E013E00E9490E210E01983EE
:10794C00CF93DF9313E000EB1A930A9360976F9237
:10795C00FE01EF93FF933196FA93EA931FE01A938B
:10796C0017EF61221FEB6122E4EFF8EC0E94E9DCD7
:10797C000FE01881011B102FFF91EF9100832396CC
:10798C006F907EDBDF91CF9110301FEF09F010E08C
:10799C0041F038F0A3E9B8E015E00E9490E210E065
:1079AC001983CF93DF93FCDDDF91CF9110301FEF64
:1079BC0009F010E041F038F0A3E9B8E015E00E94BE
:1079CC0090E210E01983CF93DF931DDFDF91CF910D
:1079DC0010301FEF09F010E041F038F0A3E9B8E0E7
:1079EC0015E00E9490E210E01983CF93DF939FDEA5
:1079FC00DF91CF91103039F0A3E9B8E015E00E9487
:107A0C0090E210E01983CF93DF9313E00FEB1A93FE
:107A1C000A9360976F92FE01EF93FF933196FA935E
:107A2C00EA931FE01A9317EF61221FEB6122EDEF2F
:107A3C00F8EC0E94E9DC0FE01881011BFF91EF913B
:107A4C00008323966F901CDBDF91CF91CF93DF9354
:107A5C000ADEDF91CF91CF93DF9313E000E11A930D
:107A6C000A9360976F92FE01EF93FF933196FA930E
:107A7C00EA931FE01A9317EF61221FEB6122E9E0F2
:107A8C00F9EC0E94E9DC1FE00881101BFF91EF91DB
:107A9C00108323966F90F4DADF91CF91CF93DF931D
:107AAC0013E000E01A930A9360976F92FE01EF9334
:107ABC00FF933196FA93EA931FE01A9317EF612222
:107ACC001FEB6122E4E1F9EC0E94E9DC1FE0088184
:107ADC00101BFF91EF91108323966F90D1DADF91F9
:107AEC00CF91CF93DF9313E000E21A930A93609740
:107AFC006F92FE01EF93FF933196FA93EA931FE096
:107B0C001A9317EF61221FEB6122E1E2F9EC0E945C
:107B1C00E9DC1FE00881101BFF91EF911083239685
:107B2C006F90AEDADF91CF9110E018831A81112398
:107B3C0009F499C0CF93DF9313E009EB1A930A93DE
:107B4C0060976F92FE01EF93FF933196FA93EA934D
:107B5C001FE01A9317EF61221FEB6122EDE2F9ECA3
:107B6C000E94E9DC1FE00881101BFF91EF9110834C
:107B7C0023966F9085DADF91CF91103011F41FEFBF
:107B8C001883CF93DF9313E000EE1A930A93609758
:107B9C006F92FE01EF93FF933196FA93EA931FE0F5
:107BAC001A9317EF61221FEB6122E8E3F9EC0E94B4
:107BBC00E9DC1FE00881101BFF91EF9110832396E5
:107BCC006F905EDADF91CF91103009F04AC0CF93FD
:107BDC00DF9318E0612A08E719ED1A930A93E5E49C
:107BEC00F9EC0E94E9DC1DE00E94B7DF1AE00E946C
:107BFC00B7DFDF91CF9118811123D1F0CF93DF93B1
:107C0C0018E0612A08E719ED1A930A93EDE5F9ECEF
:107C1C000E94E9DC1DE00E94B7DF1AE00E94B7DF8A
:107C2C00DF91CF911FEFEFE0F0E00E941CDB14C05E
:107C3C00CF93DF9318E0612A08E719ED1A930A93A2
:107C4C00E8E7F9EC0E94E9DC1DE00E94B7DF1AE0DE
:107C5C000E94B7DFDF91CF910E94F8330E94F0278A
:107C6C0002C010E019831981109541F01FEF109399
:107C7C008E08A3E9B8E015E00E9490E20895009107
:107C8C00793010915D07102B1A9315E01A930E940E
:107C9C00BF21229615E303E11A930A9310915D0715
:107CAC0016951A93B3D12396089515E300E51A930C
:107CBC000A931091E82F1A93A9D1239615E301E5A5
:107CCC001A930A931091F02F1A93A0D1239615E3CF
:107CDC0002E51A930A931091F82F1A9397D12396D1
:107CEC0010E00AE00E94F5DA15E304E51A930A9312
:107CFC001091EB2F1A938AD1239615E305E51A936D
:107D0C000A931091F32F1A9381D1239615E306E56C
:107D1C001A930A931091FB2F1A9378D1239610E0A3
:107D2C000AE00E94F5DA0895ECE0F0E0FA93EA93A9
:107D3C0010E0108316E01A9310810881011708F4E3
:107D4C004AC01C2D133009F43EC00C2D1127A0E1A4
:107D5C00B0E0E89465F80E941AE0F7E0EEE6E00F78
:107D6C00F11FEF93FF933196FA93EA931FE01A9366
:107D7C0017EF61221FEB6122E0E9F9EC0E94E9DCCC
:107D8C001FE00881101BFF91EF9110832396EEE505
:107D9C00F7E01127EC0DF11F10E01083E6E6F7E099
:107DAC001127EC0DF11F10E010830C2D1127005939
:107DBC001A4C1A930A931FE71A9328D1239610E0B2
:107DCC0003E00E94F5DAE981FA81108113951083A2
:107DDC00112309F0B2CF239608952697E4E9F1E137
:107DEC000F811885E00FF11F10811C831F3F09F4D0
:107DFC00CEC0E4E9FEE00F811885E00FF11F108181
:107E0C001B83E4E9F4E10F811885E00FF11F108169
:107E1C001A83E4E9F7E10F811885E00FF11F108157
:107E2C0019831C8112951F701D831C811F701C836C
:107E3C001D811130C1F4E9800A81E01A1E2D103029
:107E4C0061F01E811A93EA921FE71A930E94D7DA07
:107E5C002396012F1A81100F1E830E811981011791
:107E6C00A9F1A0F115C0133089F41E811A931B815E
:107E7C001A931B811A930E941CE223961E8319816C
:107E8C000A81010F1E81011B0E8320C0143019F4CE
:107E9C0019811E831BC0183079F41E811A931B8123
:107EAC001A931B811A930E94D7DA23961E831A9376
:107EBC0010E01A931FE705C01E811A931B811A93B9
:107ECC001B811A930E941CE22396E3CF1B81163070
:107EDC00C1F510E01883103208F059C00881112741
:107EEC00A4E0B0E0E89465F80E941AE0FAE1E4E955
:107EFC00E00FF11F2191308118850F81131709F4C0
:107F0C000217C9F4CF93DF9308811127A4E0B0E0E6
:107F1C00E89465F80E941AE0FAE1E4E9E00FF11F39
:107F2C003296019110811A930A9318851A936ED088
:107F3C00DF91CF912CC0188113951883112359F61A
:107F4C0026C00F8118851A930A9312E008E01A9341
:107F5C000A9303E11A930A930E9431E226961123A5
:107F6C0071F01C8110551A930DD122961B811A9316
:107F7C0009D122961E811A9305D1229608C01C8124
:107F8C001A931C811A9318851A9333D1239608954A
:107F9C00239710E000E01983088311E00FEF1A9388
:107FAC000A93AA81BB8128813981B31709F4A217DE
:107FBC0009F050F5E8E0FFE20A811B81E00FF11FA8
:107FCC0010811C830A811B811A930A931E811A93B8
:107FDC0004DF2996E5E7F1E30A811B81E00FF11F2D
:107FEC00EF93FF93E5E7F1E3E00FF11F10811B7FA7
:107FFC00FF91EF911083AA81BB811196AA83BB8359
:10800C00BB2389F6AA2379F62296089509811A8151
:10801C0000781078A0E81A27103809F40030D9F449
:10802C0010E01A9312E61A931B811A93E2D023964E
:10803C0010E01A9313E61A931C811A93DAD0239644
:10804C0010E01A9316E01A931A811A93D2D0239641
:10805C0018E20E9404DB089516E01A9380D0219652
:10806C000A811B811A930A93C5D124960881198120
:10807C001A930A93BFD12496CF93DF937ED0DF91CE
:10808C00CF91089522971AE01A9369D021960C810A
:10809C001D811A930A93AED124960C811D811983EC
:1080AC0008832C813D810A811B81020F131F015013
:1080BC0010401A930A93AA81BB8128813981E0E888
:1080CC00BE273E27B31709F4A21709F0B8F4E8E06D
:1080DC00FFE20A811B81085E1340E00FF11F008153
:1080EC0011271A930A9386D12496AA81BB811196E3
:1080FC00AA83BB83B03809F7A030F9F62296CF9348
:10810C00DF933BD0DF91CF91089500EF10E020E298
:10811C0034E0009354061093550620935606309382
:10812C005706ECE0F0E0FA93EA9310E0108313E0CA
:10813C001A9310810881011780F0E4E5F6E011270D
:10814C00EC0DF11F10811A931DD02296E981FA8152
:10815C00108113951083112369F723960895CF93FB
:10816C00DF93D3DFDF91CF9113E31A930BD02296D9
:10817C0018811A9307D02296089517EF1A9302D0FC
:10818C002296089521971091C935112309F01FEFFC
:10819C00112341F11091CA35112309F01FEF11235E
:1081AC00B9F010E01A930E94AA2121961091CF35B4
:1081BC001370103010E009F01FEF1883112321F019
:1081CC0010E002E00E94F5DA1881109551F303C01B
:1081DC0018E20E9404DB19811A931CE01A930E9486
:1081EC00BF212296089518811F771A93CBDF229610
:1081FC0008951A81143019F010F01A810CC00091F6
:10820C0078301A81100F1A9310E01A931FE01A930A
:10821C000E941CE2239610930C3610551A93B2DF71
:10822C00229619811A93AEDF229618811F771A9322
:10823C00A9DF229608951981143019F010F01981D4
:10824C000CC0009178301981100F1A9310E01A931A
:10825C001FE01A930E941CE2239610930C361052C6
:10826C001A9390DF229610E01A938CDF22961881D5
:10827C001F771A9387DF229608951A811A931A8111
:10828C001A931A8116951A93B4DF239608951981BF
:10829C00143019F010F019810CC00091783019814C
:1082AC00100F1A9310E01A931FE01A930E941CE20D
:1082BC00239610930C3610541A9364DF229618816F
:1082CC001A9360DF2296089500910B3618810117DE
:1082DC0061F010E01A9310917B301A931A811A9363
:1082EC0088DF2396188110930B36089510EB1A93A0
:1082FC0019E41A930E94BF21229612E30E9404DB18
:10830C0015E11A9319E41A930E94BF21229612E3E5
:10831C000E9404DB10918E2F112309F01FEF112303
:10832C0059F010918F2F112309F01FEF112311F029
:10833C0012E003C011E001C010E01A9319E41A9383
:10834C000E94BF21229612E30E9404DB089521971C
:10835C0010E01883ECE0F0E0FA93EA9310E010835D
:10836C0016E01A9310810881011768F1EE81FF81E4
:10837C0000811181FDE1E4E1E00FF11FE0801E2D91
:10838C00103820F01B81110F116002C01B81110FDE
:10839C001B831E2D1F77E12EEA92F4DE2296EC81D0
:1083AC00FD8100811E2D100F1083EE81FF81A081B5
:1083BC00B1811196A083B183E981FA811081139563
:1083CC001083112381F6239618811A93DBDE2296F3
:1083DC00E981FA8100811881100F108308950981B9
:1083EC00112727E00E9476E1980108811127022BC2
:1083FC00132B089522971A811F7718830A811B81EA
:10840C0027E00E945AE1102F1F7719831A93BADEC6
:10841C00229618811A93B6DE2296089522971A8115
:10842C00183068F413E00FEB1A930A9312E01A93C6
:10843C0000E01A930A930E94F5262D9643C012E091
:10844C001A930E943424219610E000E019830883CB
:10845C0011E00FEF1A930A93AA81BB81288139810D
:10846C00B31709F4A21709F038F50A811B811030F3
:10847C0009F40830B0F4E4EFF7EE0A811B81000F29
:10848C00111FE00FF11F01E00BBF0791169133276D
:10849C0022270093CB351093CC352093CD353093D8
:1084AC00CE350E947421AA81BB811196AA83BB830D
:1084BC00BB23A1F6AA2391F6229612E01A930E94EE
:1084CC002424219608951091293110932A3110916A
:1084DC002B3110932C3110912D3110932E31109192
:1084EC002F3110933031ECE0F0E0FA93EA9315E081
:1084FC0010831FE31A93108108810117A0F0E9E1A2
:10850C00F1E31127EC0DF11FD080DA921C2D1055E0
:10851C001A930E94BF212296E981FA81108113954A
:10852C001083112349F72396109135311A9313EBCD
:10853C001A930E94BF21229611E01093C5310E941C
:10854C005D4D219608950E9490290091FF0710918E
:10855C000F30011779F015E300E01A930A93E9E55F
:10856C00F1E300910F301127E00FF11F11911A93D5
:10857C004DDD239610910F30103009F46FC0E8E9EF
:10858C00F0E300910F3001501127E00FF11F108123
:10859C001A9310915E2F1A931FE71A930E94D7DA41
:1085AC002396C12E15E302E01A930A93CA922EDD8C
:1085BC00239615E305E01A930A93EDE5F1E3009198
:1085CC000F301127E00FF11F01911C2D16951695F8
:1085DC00100F1A931BDD23960091FF0710910F309B
:1085EC000117E1F115E303E01A930A93E1E6F1E3D5
:1085FC0000910F301127E00FF11F10811A9306DD47
:10860C00239615E304E01A930A93E5E6F1E300914F
:10861C000F301127E00FF11F10811A93F7DC23960E
:10862C0015E306E01A930A93E9E6F1E300910F30A3
:10863C001127E00FF11F10811A93E8DC239615E344
:10864C0007E01A930A93EDE6F1E300910F3011273E
:10865C00E00FF11F11911A93D9DC23961091942FEE
:10866C00112309F01FEF1F9349E331E00E9476D8E4
:10867C000F91002311F0106101C01F7E49E331E01E
:10868C000E946ED81091952F112309F01FEF1F93A4
:10869C0049E331E00E9476D80F91002311F010626B
:1086AC0001C01F7D49E331E00E946ED810910F305C
:1086BC001093FF07089528971885103010E009F4DF
:1086CC001FEF1F9300913D3610913E36103009F488
:1086DC00003010E009F01FEF0F9110231F93009151
:1086EC00333610913436103009F4003010E009F0B4
:1086FC001FEF0F9110231F9310910D30123010E0CB
:10870C0008F01FEF0F91102319831885103010E01B
:10871C0009F41FEF1F931091882F112309F01FEFFD
:10872C000F9110231F9310910D30103010E009F4AD
:10873C001FEF0F91102379F01091892F112309F05D
:10874C001FEF1F931091F607112309F01FEF0F91E4
:10875C00102B109501C010E01883ADE0B6E310E0CB
:10876C00E0E1F0E031960000319711F01D93FCCF61
:10877C00ADE1B6E310E0E0E1F0E0319600003197B6
:10878C0011F01D93FCCF18851230C9F5ECE0F0E028
:10879C00FA93EA9310E0108318E01A931081088181
:1087AC00011718F1EC85FD851127EC0DF11FD08018
:1087BC00EDE0F6E3EC0DF11FEF93FF93DA92E8E1B5
:1087CC00F0E31127EC0DF11F10811A931FE71A9398
:1087DC000E94D7DA2396FF91EF911083E981FA81F9
:1087EC001081139510831123D1F6239610910D3619
:1087FC0010931C36EDE0F6E310E0108342C0ECE081
:10880C00F0E0FA93EA9310E0108318E01A931081C9
:10881C0008810117A8F1EC85FD851127EC0DF11FDE
:10882C00D080EDE0F6E3EC0DF11FEF93FF93DA92BD
:10883C00E8E1F0E31127EC0DF11F10811A9317E812
:10884C001A930E94D7DA2396FF91EF9110831C8123
:10885C00112379F0EDE1F6E31127EC0DF11FEF9305
:10886C00FF93E8E6FFE2EC0DF11F1081FF91EF9111
:10887C001083E981FA81108113951083112341F63D
:10888C00239610910108112309F01FEF1F931091EB
:10889C000D30113010E008F01FEF0F91102309F488
:1088AC00D1C0ECE0F0E0FA93EA9310E0108315E00D
:1088BC001A9310810881011708F4C3C0E8EAF0E3A9
:1088CC001127EC0DF11F10811A87E0EBF0E3112753
:1088DC00EC0DF11F10811987E8EBF0E31127EC0D7B
:1088EC00F11F1081188710E0D12E1F8318851030CE
:1088FC0069F118851A93ED85FE853B9610811A93C4
:10890C001FE71A930E94D7DA2396D12EDA92E8E168
:10891C00F0E31C2D175F012F1127E00FF11F1081C1
:10892C001A931CE81A930E94D7DA2396D12E1C8135
:10893C00112361F018851A93E3E7FFE210811A9373
:10894C0010E81A930E94D7DA23961F8319851030EA
:10895C0069F119851A93ED85FE853A9610811A9363
:10896C001FE71A930E94D7DA2396D12EDA92E8E108
:10897C00F0E31C2D175F012F1127E00FF11F108161
:10898C001A931CE81A930E94D7DA2396D12E1C81D5
:10899C00112361F019851A93E2E7FFE210811A9313
:1089AC0010E81A930E94D7DA23961F831A85103089
:1089BC0069F11A851A93ED85FE85399610811A9303
:1089CC001FE71A930E94D7DA2396D12EDA92E8E1A8
:1089DC00F0E31C2D175F012F1127E00FF11F108101
:1089EC001A931CE81A930E94D7DA2396D12E1C8175
:1089FC00112361F01A851A93E1E7FFE210811A93B3
:108A0C0010E81A930E94D7DA23961F83EDE0F6E361
:108A1C001C2D175F012F1127E00FF11FD082EDE104
:108A2C00F6E31C2D175F012F1127E00FF11F1F819B
:108A3C001083E981FA81108113951083112309F0B9
:108A4C0039CF2396ECE0F0E0FA93EA9310E0108330
:108A5C001FE01A9310810881011708F452C0EDE051
:108A6C00F6E31127EC0DF11FD080ABE3B6E31C2D20
:108A7C000E94ADE20C81102301F1EAEBFDEC112711
:108A8C00ED0DF11F11E01BBFD6901D2D1695109307
:108A9C00DB35EDE1F6E31127EC0DF11FD080EAEBAD
:108AAC00FDECED0DF11F11E01BBFD6900091DB35F5
:108ABC001D2D100F1093DB351AC0EAEBFDEC1127BE
:108ACC00ED0DF11F11E01BBF16911093DB351B81CF
:108ADC00112369F01091DB351A931091EC301A9335
:108AEC001FE71A930E94D7DA23961093DB350E9466
:108AFC005321E981FA81108113951083112309F018
:108B0C00AACF239608951BE01A930E943424219631
:108B1C00ECE0F0E0FA93EA9310E010831FE01A9374
:108B2C00108108810117E8F0E1E4F6E31127EC0D60
:108B3C00F11F0081000F111FFEECEAE3E00FF11FA3
:108B4C0001E00BBF079116910093D7351093D835E0
:108B5C000E945F21E981FA81108113951083112302
:108B6C0001F72396ECE0F0E0FA93EA9310E010831F
:108B7C001FE01A93108108810117E8F0E1E5F6E394
:108B8C001127EC0DF11F0081000F111FFEECEAE321
:108B9C00E00FF11F01E00BBF079116910093D73541
:108BAC001093D8350E945F21E981FA8110811395C9
:108BBC001083112301F7239610E01093D835ECE0C5
:108BCC00F0E0FA93EA9310E010831FE01A931081FF
:108BDC000881011790F0E1E6F6E31127EC0DF11F87
:108BEC001081110F1093D7350E945F21E981FA8112
:108BFC00108113951083112359F72396ECE0F0E0C4
:108C0C00FA93EA9310E010831FE01A931081088105
:108C1C000117E8F0E1E7F6E31127EC0DF11F0081F5
:108C2C00000F111FFEECEAE3E00FF11F01E00BBF98
:108C3C00079116910093D7351093D8350E945F2178
:108C4C00E981FA81108113951083112301F7239682
:108C5C001BE01A930E942424219608956397109187
:108C6C003C2F04E00E940BE010591A8B1091392F05
:108C7C00198B10913A2F1F8710913B2F188BECE01A
:108C8C00F0E0FA93EA9310E010831FE01A9310813E
:108C9C000881011708F4E6C010E01E871D871FE746
:108CAC001C8710E01B87ADE3B6E31C2D0E94ADE2E0
:108CBC00112351F01091382F1E871C891D8710919C
:108CCC003A2F1C871B891B87ABE3B6E31C2D0E9434
:108CDC00ADE21123F9F010E01E871C891D871B895A
:108CEC001B87EDE0F6E31127EC0DF11F1081198BBA
:108CFC00EDE1F6E31127EC0DF11F1081188B1989AA
:108D0C001A931FE71A931A8911581A930E94D7DAEB
:108D1C0023961C87AFE3B6E31C2D0E94ADE2112312
:108D2C0009F456C0E8E6FFE21127EC0DF11F1081A3
:108D3C001A931BE41A9314E61A930E94D7DA23961B
:108D4C00012F11271A8709872091382F3327020FFB
:108D5C00131F18870F831A930A9310E000E01A93DD
:108D6C000A9310E00FE71A930A930E9469E2269681
:108D7C000E872C89332709851A85020F131F1E8332
:108D8C000D831A930A9310E000E01A930A9310E0F3
:108D9C000FE71A930A930E9469E226960D871091A9
:108DAC003A2F1C872B89332709851A85020F131F2D
:108DBC001C830B831A930A9310E000E01A930A9316
:108DCC0010E00FE71A930A930E9469E226960B872C
:108DDC00E1E4F6E31127EC0DF11F1E851083E1E5AC
:108DEC00F6E31127EC0DF11F1D851083E1E6F6E388
:108DFC001127EC0DF11F1C851083E1E7F6E3112719
:108E0C00EC0DF11F1B8510831C891A931E891A9374
:108E1C0010E81A930E94D7DA23961C8B1A9310E051
:108E2C001A931FE71A930E941CE223961C8B1B8932
:108E3C001A931E891A9310E81A930E94D7DA239674
:108E4C001B8B1A9310E01A931FE71A930E941CE2D3
:108E5C0023961B8BE981FA811081139510831123C2
:108E6C0009F016CF2396089510E010934436109114
:108E7C00F4301093543618E2109364361091F43099
:108E8C0010937436089518E01A930E943424219696
:108E9C00E8E0FFE2FA93EA9310E01A930CDC2B96CD
:108EAC0018E01A930E942424219610910D30113051
:108EBC0010E009F41FEF1F931091A52F112309F057
:108ECC001FEF0F91102311F0CFDF1DDE10910D302D
:108EDC00113021F018F0C2DE639615DE0895249748
:108EEC0010E01883ECE0F0E0FA93EA9310E01083C2
:108EFC0015E01A9310810881011708F46CC01091C9
:108F0C000108112309F01FEF1123A9F0E8EAF0E39F
:108F1C001127EC0DF11F10811E83E0EBF0E31127FC
:108F2C00EC0DF11F10811D83E8EBF0E31127EC0D24
:108F3C00F11F108103C010E01E831D831C831030B1
:108F4C0010E009F01FEF1F93FE013796DF010C9123
:108F5C001FEF03FF11270F91102339F0FE013396F9
:108F6C00DF011C2D1F5F0E9490E21D81103010E06C
:108F7C0009F01FEF1F93FE013796DF010C911FEFD5
:108F8C0002FF11270F91102339F0FE013396DF01F8
:108F9C001C2D1F5F0E9490E21E81103010E009F022
:108FAC001FEF1F93FE013796DF010C911FEF01FF9E
:108FBC0011270F91102339F0FE013396DF011C2D80
:108FCC001F5F0E9490E2E981FA8110811395108352
:108FDC00112309F090CF23961881089522971A81B6
:108FEC001883DB80FE013196EF93FF931D2D1170DA
:108FFC001F931D2DDA9273DF25960F91102BFF9185
:10900C00EF91108308811981089510E000E000931E
:10901C00DC301093DD300093E2301093E33000939A
:10902C00E4301093E5300093E6301093E730009372
:10903C00DA301093DB300093DE301093DF30109178
:10904C00882F112309F01FEF1F931091F60711239E
:10905C0009F01FEF10950F91102369F010918B2FD1
:10906C00112309F01FEF112319F010E000E105C0E6
:10907C0010E008E002C010E000E00093E030109334
:10908C00E13010910D30103049F411E00FEF0093E6
:10909C00D8301093D93010E000E007C010E21A93DA
:1090AC000E94A61E23960F7F1F700093F207109349
:1090BC00F30710910108112309F01FEF112309F494
:1090CC007CC010910D301130B9F41FE00FEF0093FC
:1090DC00D8301093D9301091A52F112309F01FEF20
:1090EC00112351F010E008E00093DC301093DD30D8
:1090FC000093DE301093DF301091882F112309F08C
:10910C001FEF1F9310910D30133010E009F01FEF7B
:10911C000F9110231F930091F2071091F307103059
:10912C0009F4003010E009F01FEF0F91102341F00B
:10913C000091F2071091F3070093E0301093E130A7
:10914C0010910D30123008F43EC010E000E0009396
:10915C00D8301093D9301FE00FEF0093DA30109312
:10916C00DB300093E4301093E53010910D30133068
:10917C0051F41FE00FEF0093E2301093E3300093B3
:10918C00DC301093DD3010910D30143031F41FE0D1
:10919C000FEF0093E6301093E7301091A62F1123B8
:1091AC0009F01FEF112379F00091F2071091F307EA
:1091BC000093DE301093DF3006C011E00FEF009308
:1091CC00D8301093D9302CD0229671D42196089592
:1091DC001091882F112309F01FEF1F931091F607A0
:1091EC00112309F01FEF10950F91102369F01091C6
:1091FC008B2F112309F01FEF112319F010E000E160
:10920C0005C010E008E002C010E000E00093E03080
:10921C001093E130CF93DF93F8DEDF91CF91089577
:10922C0022971091F707112309F01FEF1F9310914C
:10923C00882F112309F01FEF0F9110231883009131
:10924C00E2301091E3301A930A93C8DE249600930F
:10925C003B3610933C360091E4301091E5301A9374
:10926C000A93BCDE249600933D3610933E36009153
:10927C00E6301091E7301A930A93B0DE24960093EF
:10928C003F36109340360091E0301091E1301A9344
:10929C000A93A4DE24960093393610933A36009143
:1092AC00D8301091D9301A930A9398DE24960093F3
:1092BC003136109332360091DA301091DB301A933C
:1092CC000A938CDE24969801009131361091323637
:1092DC0000951095022313230093333610933436E4
:1092EC001881112351F000913136109132360F7FD5
:1092FC001E7F00933136109332360091DC30109182
:10930C00DD301A930A936ADE249600933536109357
:10931C0036360091DE301091DF301A930A935EDE00
:10932C002496009337361093383610E01983143096
:10933C00B8F4E1E3F6E309811127000F111FE00FE8
:10934C00F11F019110811A930A931B81185D1A93D6
:10935C000E942D222396198113951983112339F715
:10936C000091393610913A361A930A9310E21A93F7
:10937C000E942D2223960895279710E000E01E836B
:10938C000D831091892F112309F01FEF112319F070
:10939C001091E93002C01091E8301D830091EE303D
:1093AC00112726E00E9476E11C830B831A930A9303
:1093BC0016E21A930E942D22239610918A2F1123C4
:1093CC0009F01FEF112329F0EAE3FEEC0091EB30DA
:1093DC0004C0EAE3FEEC0091EA301127000F111FE4
:1093EC00E00FF11F01E00BBF079116911C830B835B
:1093FC00D80128E030E0E89465F80E943CE01C833A
:10940C000B8310910108112309F01FEF1F9310918A
:10941C000D30113010E008F01FEF0F91102318835E
:10942C00112309F47DC01091A42F112309F01FEF13
:10943C001123C1F010E000E01C830B831091892FE5
:10944C00112309F01FEF112349F0FE013596EF931C
:10945C00FF931091F5301A931CE369C01091F5300D
:10946C001D836EC010E0D12E00E01A830983ECE05E
:10947C00F0E0FA93EA9310E010831FE01A93108146
:10948C0008810117F0F0A9E3B6E31C2D0E94ADE2B0
:10949C00112381F0D3942C813D81E8E1F1ED11276A
:1094AC00EC0DF11F11E01BBF06911127020F131FCA
:1094BC001D830C83E981FA8110811395108311238C
:1094CC00F9F623961D2D1030D9F1A981BA810D2DF5
:1094DC001127E89465F80E943BE01A830983FE018A
:1094EC003596EF93FF931D811A93E8E0F1ED112768
:1094FC00ED0DF11F11E01BBF16911A9314E61A9390
:10950C000E94D7DA2396FF91EF911083FE013596D6
:10951C00EF93FF931D811A931A811A9316E409C0D5
:10952C00FE013596EF93FF931D811A9310EA1A935F
:10953C0014E61A930E94D7DA2396FF91EF911083C9
:10954C001D81183C19F010F018EC1D830B811C8147
:10955C001A930A9317E21A930E942D2223960D81D7
:10956C001E811A930A9311E21A930E942D222396BC
:10957C0008952597EF81F8853496108104E00E94B8
:10958C000BE010591C83EF81F88510811B83ECE0F4
:10959C00F0E0FA93EA9310E010831FE01A93108125
:1095AC000881011720F1FE013896DF011C2D0E9465
:1095BC00ADE2112311F0DE8001C0DD24EAE3FEEC04
:1095CC000D2D1127000F111FE00FF11F01E00BBF34
:1095DC00079116910093D7351093D8350E945F21CF
:1095EC00E981FA811081139510831123C9F6239612
:1095FC00EF81F885319610811A83ECE0F0E0FA9354
:10960C00EA9310E010831FE01A9310810881011770
:10961C0008F440C01C2D1F3029F4EA85FB853196D7
:10962C0010811D83FE013896DF011C2D0E94ADE2D6
:10963C00112311F0DD8001C0DD24EAE3FEEC0D2DD9
:10964C001127000F111FE00FF11F01E00BBF079155
:10965C0016910093D7351093D8351D811A93188520
:10966C001A9310E81A930E94D7DA23961D831A9343
:10967C0010E01A931FE71A930E941CE223961D8395
:10968C000E945F21E981FA811081139510831123C7
:10969C0009F0BCCF239610E01093D835EF81F885F4
:1096AC0032961081110F1983ECE0F0E0FA93EA93F3
:1096BC0010E010831FE01A93108108810117B8F095
:1096CC00FE013896DF011C2D0E94ADE2112311F032
:1096DC00DC8002C01FEFD12ED092D7350E945F21C3
:1096EC00E981FA81108113951083112331F72396A8
:1096FC00EF81F885339610811883ECE0F0E0FA9353
:10970C00EA9310E010831FE01A931081088101176F
:10971C0008F440C01C2D1F3029F4EA85FB853396D4
:10972C0010811B83FE013896DF011C2D0E94ADE2D7
:10973C00112311F0DB8001C0DD24EAE3FEEC0D2DDA
:10974C001127000F111FE00FF11F01E00BBF079154
:10975C0016910093D7351093D8351B811A93188521
:10976C001A9310E81A930E94D7DA23961B831A9344
:10977C0010E01A931FE71A930E941CE223961B8396
:10978C000E945F21E981FA811081139510831123C6
:10979C0009F0BCCF23960895229719E01A930E94E2
:1097AC0034242196E8E1FFE2FA93EA9311E01A934C
:1097BC000E9461432B9619E01A930E94242421964F
:1097CC0010910108112309F01FEF112371F1109171
:1097DC000D30113051F148F110E31A930E94A61E7E
:1097EC0023961A930A93FADB2496198308831FE0B5
:1097FC000FEF1A930A931CE21A930E942D222396C0
:10980C001CE01A930E9434242196E0E4FFE2FA93C0
:10981C00EA930A811B811A930A93ABDE29961CE00A
:10982C001A930E942424219609C010E000E01A9398
:10983C000A931CE21A930E942D22239608952197D5
:10984C00ECE0F0E0FA93EA9310E010831BE01A933B
:10985C0010810881011708F1E8E2FFE21127EC0DF5
:10986C00F11FEF93FF931091502F1A93EFEBFAE047
:10987C001127EC0DF11F0E943EDB1A931FE71A9380
:10988C000E94D7DA2396FF91EF911083E981FA8138
:10989C001081139510831123E1F62396ECE0F0E090
:1098AC00FA93EA9312E010831BE01A93108108815B
:1098BC00011768F1E8E2FFE21127EC0DF11F1081AE
:1098CC001F931091522F1A93E7EAFAE01127EC0D2F
:1098DC00F11F0E943EDB1A931FE71A930E94D7DAFE
:1098EC0023960F91100FD12E1D2D1F3719F010F04C
:1098FC001FE7D12EE8E2FFE21127EC0DF11FD08219
:10990C00E981FA81108113951083112381F6239636
:10991C000895ECE0F0E0FA93EA9310E010831BE07A
:10992C001A93108108810117B8F11091502F1A93D6
:10993C00EFEBFAE01127EC0DF11F0E943EDB1A93BE
:10994C001FE71A930E94D7DA23961F931091512F79
:10995C001A93EBECFAE01127EC0DF11F0E943EDBA1
:10996C001A931FE71A930E94D7DA23960F91100FC0
:10997C00D12E1D2D1F3719F010F01FE7D12EE8E264
:10998C00FFE21127EC0DF11FD082E981FA811081E1
:10999C0013951083112331F62396ECE0F0E0FA9343
:1099AC00EA9312E010831BE01A93108108810117CF
:1099BC0008F447C01091522F1A93E7EAFAE01127E6
:1099CC00EC0DF11F0E943EDB1A931FE71A930E94C5
:1099DC00D7DA23961F931091532F1A93E3EBFAE0E7
:1099EC001127EC0DF11F0E943EDB1A931FE71A930F
:1099FC000E94D7DA23960F91100FD12E1D2D1F37F1
:109A0C0019F010F01FE7D12EE8E2FFE21127EC0D60
:109A1C00F11F00811D2D100FD12E1D2D1F3719F098
:109A2C0010F01FE7D12EE8E2FFE21127EC0DF11F39
:109A3C00D082E981FA81108113951083112309F0EA
:109A4C00B5CF2396089510910231103019F4F7DE3A
:109A5C00219605C010910231113009F45ADF1AE039
:109A6C001A930E9434242196E8E2FFE2FA93EA93D7
:109A7C0012E01A930E9461432B961AE01A930E94EB
:109A8C00242421961DE01A930E9434242196E8E4A4
:109A9C00FFE2FA93EA931FEF0FEF1A930A9369DD33
:109AAC0029961DE01A930E9424242196089521974B
:109ABC0010918C2F112309F01FEFE894112309F05A
:109ACC0068941091020812F91093020810918D2FCE
:109ADC00112309F01FEFE894112309F068941091F9
:109AEC00020813F91093020810910108112309F0D0
:109AFC001FEF1123E1F01091922F112309F01FEFAA
:109B0C00E894112309F068941091020810F910934D
:109B1C0002081091932F112309F01FEFE8941123E1
:109B2C0009F068941091020811F910930208109131
:109B3C00902F112309F01FEF1095E894112309F0D1
:109B4C0068941091020814F9109302081091912F47
:109B5C00112309F01FEF1095E894112309F0689474
:109B6C001091020815F9109302080091FE301FEFB6
:109B7C0006FF11271F931091912F112309F01FEF4E
:109B8C000F91102318831091962F112309F01FEFBA
:109B9C001F930091FD301FEF03FF112710950F91BC
:109BAC001023012F1881102BE894112309F06894CD
:109BBC001091020816F910930208109102081A93DA
:109BCC0012E41A930E94BF21229618811A9310E472
:109BDC001A930E94BF212296CF93DF9315E30EE0D8
:109BEC001A930A931091A72F112309F01FEF1A93C0
:109BFC000E940C40DF91CF910895109193301A93ED
:109C0C001AE01A930E94BF21229610916B301A937E
:109C1C001DE01A930E94BF21229610917D3007E01F
:109C2C0010271A931EE01A930E94BF2122961091BE
:109C3C006A301A9316E01A930E94BF212296109153
:109C4C0069301A9318E01A930E94BF212296109142
:109C5C001306112309F01FEF1F931091972F112357
:109C6C0009F01FEF0F911023C9F010E01A9317E0C1
:109C7C001A930E94BF21229610E003E00E94F5DAAD
:109C8C0012E01A9317E01A930E94BF21229610E05B
:109C9C0003E00E94F5DA10E0109313061091972F51
:109CAC00112309F01FEF11701F931091B62F112380
:109CBC0009F01FEF10710F91102B1F931091B72FFC
:109CCC00112309F01FEF10720F91102BD12EDA9285
:109CDC0017E01A930E94BF2122960895D0907830F5
:109CEC00DA9214E01A930E94BF2122960E94453EFC
:109CFC0000917030000F000F000F000F10917130A9
:109D0C001F70102BD12EDA9219E01A930E94BF21EA
:109D1C002296109193301A931AE01A930E94BF2145
:109D2C00229610916B301A931DE01A930E94BF215A
:109D3C00229610916C30112309F01FEF1170D12E67
:109D4C000D2DD0907330DD0CDD0CD02ADA921BE097
:109D5C001A930E94BF212296EAEAFDEC00918F3003
:109D6C001127E00FF11F11E01BBFD690DA9214E41B
:109D7C001A930E94BF21229610910D30113008F0D9
:109D8C0059F400918D300F70D0908E30DD0CDD0CBD
:109D9C00DD0CDD0CD02A04C010918D301F70D12E3B
:109DAC00DA9213E41A930E94BF21229610E01A93C0
:109DBC0010E41A930E94BF212296089510EF1A9373
:109DCC000E94AA2121960093810810938208209367
:109DDC00830830938408E0E1F0E00E944CDB0F7FB5
:109DEC001F7F2F7F3070009381081093820820937F
:109DFC008308309384083A932A931A930A9310EFAA
:109E0C001A930E9440222596E4E1F0E00E944CDB7C
:109E1C000F7F1F7F2F7F3070009381081093820873
:109E2C0020938308309384083A932A931A930A93C5
:109E3C0011EF1A930E9440222596089523971091B2
:109E4C008C3004E00E9407E0012F112700541C4FB6
:109E5C001983088314E01A930E943424219610E08D
:109E6C001A831430F0F4088119811A930A9310E1C3
:109E7C0000E01A930A930E941C26249618E000E036
:109E8C001A930A9310E11A930E943D242596A881F7
:109E9C00B9811196A883B9831A8113951A8311235A
:109EAC0001F714E01A930E94242421960895249714
:109EBC0010E000E01983088310E01B83103108F0D8
:109ECC0045C0E8E2F0E30B811127E00FF11F108190
:109EDC001A83ECE0F0E0FA93EA9310E010831FE3AE
:109EEC001A9310810881011750F1E4E1FDE10B8117
:109EFC001C81E00FF11F0D81008303950D83AB8155
:109F0C00BC811196AB83BC8310918A30011710E091
:109F1C0008F01FEF1F9310916F30112309F01FEF02
:109F2C000F91102319F01D811C5001C01FE71D83D8
:109F3C00E981FA81108113951083112399F62396E8
:109F4C001B8113951B83112309F0B8CF13E01A93CF
:109F5C000E9434242196088119811A930A9318E0DF
:109F6C001A930E943D24259613E01A930E942424F0
:109F7C0021960895249710E01B83103108F05CC0E3
:109F8C00E8E2F0E30B811127E00FF11F10811A8337
:109F9C00ECE0F0E0FA93EA9310E010831FE31A93DD
:109FAC0010810881011708F440C0E4E1FDE10B8148
:109FBC001C81000F111FE00FF11FEF93FF93E2E0E4
:109FCC00F0ED0D811127000F111FE00FF11F01E0C3
:109FDC000BBF079116911A930A9300919130112798
:109FEC001A930A9310E000E41A930A9310E00E946B
:109FFC00E3DA2696FF91EF91019310830D8103957F
:10A00C000D83AB81BC811196AB83BC8310918A30DC
:10A01C00011718F01D811C501D83E981FA811081F4
:10A02C0013951083112309F0BCCF23961B81139534
:10A03C001B83112309F0A1CF16E01A930E9434243C
:10A04C002196088119811A930A9310E11A930E94A0
:10A05C003D24259616E01A930E94242421960895F7
:10A06C00249710E000E01B830A83ECE0F0E0FA9305
:10A07C00EA9310E010831FE11A93108108810117F5
:10A08C0008F441C008851127A0E2B0E0E89465F817
:10A09C000E941AE098010C2D1127020F131F000FBC
:10A0AC00111FF1EEECEDE00FF11F01E00BBF07917A
:10A0BC0016911C830B83E4E1FFE10C2D1127000F9B
:10A0CC00111FE00FF11F0B811C8101931083E4E140
:10A0DC00FDE10C2D1127000F111FE00FF11F0D8159
:10A0EC001E81019310832D813E810B811C81020FF7
:10A0FC00131F1E830D83E981FA8110811395108340
:10A10C00112309F0BBCF23960091521D1091531DC2
:10A11C001B830A83ECE0F0E0FA93EA9310E21083DD
:10A12C001FE71A93108108810117F8F0E4E1FFE1B1
:10A13C000C2D1127000F111FE00FF11F10E000E094
:10A14C0001931083E4E1FDE10C2D1127000F111F89
:10A15C00E00FF11F0D811E8101931083E981FA81BB
:10A16C001081139510831123F1F6239610E000E073
:10A17C001B830A83ECE0F0E0FA93EA931FEF108361
:10A18C0010EE1A9310810881011711F008F046C0E7
:10A19C000F811127A0E2B0E0E89465F80E941AE064
:10A1AC0098010FEF0C191127020F131F000F111F2D
:10A1BC00F1EEECEDE00FF11F01E00BBF07911691F2
:10A1CC001C830B83E4E1FFE10C2D1127000F111F01
:10A1DC00E00FF11F0B811C8101931083E4E1FDE181
:10A1EC000C2D1127000F111FE00FF11F0D811E8187
:10A1FC00019310830B811C81019509F41A9510951C
:10A20C003E812D81020F131F1E830D83E981FA817C
:10A21C0010811A9510831F3F09F0B5CF239600913A
:10A22C00D41E1091D51E1B830A83ECE0F0E0FA9348
:10A23C00EA931FED108310E81A931081088101171F
:10A24C0009F0F8F4E4E1FFE10C2D1127000F111FC8
:10A25C00E00FF11F10E000E001931083E4E1FDE159
:10A26C000C2D1127000F111FE00FF11F0D811E8106
:10A27C0001931083E981FA8110811A9510831F3F95
:10A28C00E9F6239617E01A930E943424219610E0E5
:10A29C0000E01B830A8311E00FEF1A930A93AC8141
:10A2AC00BD8128813981E0E8BE273E27B31709F428
:10A2BC00A21709F0C8F4E4E1FDE10C811D81000F47
:10A2CC00111FE00FF11F019110810093D7351093EE
:10A2DC00D8350E945F21AC81BD811196AC83BD83C2
:10A2EC00B038F9F6A030E9F6229617E01A930E94DE
:10A2FC00242421960895249715E01A930E9434245F
:10A30C00219610918930103009F060C0EDE0F0E03A
:10A31C00FA93EA9310E0108316E01A9310810881E7
:10A32C00011768F1ECE0F0E0FA93EA9310E0108387
:10A33C001BE01A93108108810117C8F0EAEBFFECBF
:10A34C000C2D1127000F111FE00FF11F01E00BBFA7
:10A35C00079116910093D7351093D8350E945F2141
:10A36C00E981FA81108113951083112321F723962B
:10A37C00E981FA81108113951083112381F62396BC
:10A38C00ECE0F0E0FA93EA9310E010831BE01A93F0
:10A39C00108108810117C8F0E2EDFFEC0C2D11279C
:10A3AC00000F111FE00FF11F01E00BBF0791169179
:10A3BC000093D7351093D8350E945F21E981FA813B
:10A3CC00108113951083112321F77CC010E001E05C
:10A3DC001B830A8310918930123021F410E004E0C1
:10A3EC001B830A8310918930133021F410E008E0AC
:10A3FC001B830A83EDE0F0E0FA93EA9310E01083FC
:10A40C0017E01A9310810881011708F45BC0ECE087
:10A41C00F0E0FA93EA9310E010831BE01A9310819A
:10A42C000881011708F445C0EAEEFFEC0C2D11274A
:10A43C00000F111FE00FF11F01E00BBF07911691E8
:10A44C000093D7351093D83510918930113039F1EC
:10A45C0030F110E000E01A930A930A851B851A93D9
:10A46C000A930E94E4E124961F830E8300FD07C02B
:10A47C002091D7353091D8350E811F810AC00E81BD
:10A48C001F81019509F41A9510953091D8352091BA
:10A49C00D735020F131F0093D7351093D8350E9470
:10A4AC005F21E981FA81108113951083112309F042
:10A4BC00B7CF2396E981FA8110811395108311236C
:10A4CC0009F0A1CF239615E01A930E94242421961B
:10A4DC00EAEAFDEC00918F301127E00FF11F11E03B
:10A4EC001BBF16911A9314E41A930E94BF21229653
:10A4FC00089521971981133008F081F409811127EF
:10A50C0005541C4F1A930A9311E01A9310E100E0C2
:10A51C001A930A930E94F5262D96E1C011E01A9326
:10A52C000E943424219600E010E020E030E00093FB
:10A53C00CB351093CC352093CD353093CE35ECE024
:10A54C00F0E0FA93EA9310E010831FE01A93108165
:10A55C000881011708F4BDC01C811430D1F4EDE062
:10A56C00F0E0FA93EA9310E010831FE31A93108142
:10A57C000881011768F010918B301093CB350E9435
:10A58C007421E981FA81108113951083112381F7CD
:10A59C005BC0153049F510918B301A9315E51A9361
:10A5AC0014E61A930E94D7DA23961B83EDE0F0E0B1
:10A5BC00FA93EA9310E010831FE31A931081088139
:10A5CC00011788F01C2D03E00E9407E00E81100F8C
:10A5DC001093CB350E947421E981FA811081139577
:10A5EC001083112361F730C0163081F510918B3038
:10A5FC001A9310E51A9314E61A930E94D7DA23964D
:10A60C001B83EDE0F0E0FA93EA9310E010831FE374
:10A61C001A93108108810117B8F00E811D2D169523
:10A62C001695100F1F931C2D04E00E9407E00F914C
:10A63C00100F1093CB350E947421E981FA8110819F
:10A64C0013951083112331F723963BC01730C9F5AE
:10A65C0010918B301A931BE41A9314E61A930E94F0
:10A66C00D7DA23961B83EDE0F0E0FA93EA9310E03F
:10A67C0010831FE31A9310810881011708F11E81C2
:10A68C001F931C2D1F5F1A931D2D1F5F1A9310E132
:10A69C001A930E94D7DA23960F91100F1F931C2D3B
:10A6AC0004E00E9407E00F91100F1093CB350E942D
:10A6BC007421E981FA811081139510831123E1F63D
:10A6CC002396E981FA81108113951083112309F0E7
:10A6DC003FCF239611E01A930E9424242196D09008
:10A6EC00923010916E301270123049F4DA9212E3FB
:10A6FC001A9314E61A930E94D7DA2396D12E11E0FE
:10A70C001A930E9434242196ECE0F0E0FA93EA9339
:10A71C0010E010831BE01A9310810881011758F088
:10A72C00D092DB350E945321E981FA811081139577
:10A73C001083112391F7239611E01A930E9424247D
:10A74C002196D090283010916E301170103011F489
:10A75C007CE0D70E13E01A930E9434242196ECE08F
:10A76C00F0E0FA93EA9310E010831BE01A93108147
:10A77C000881011760F0D092DB350E945321D394ED
:10A78C00E981FA81108113951083112389F723969F
:10A79C0013E01A930E942424219608952397A1E88C
:10A7AC00B6E3F0E3E8E520E130E00E940DDB10E0D9
:10A7BC0000E01A830983ECE0F0E0FA93EA9314E0EA
:10A7CC00108317E01A9310810881011798F02C81DF
:10A7DC003D81E8E5F0E31127EC0DF11F0081020F3C
:10A7EC00131F1D830C83E981FA811081139510834B
:10A7FC00112351F7239609811A81D80124E030E006
:10A80C00E89465F80E943CE01A8309830883109150
:10A81C009D2F112309F01FEF1F9310919C2F1123D3
:10A82C0009F01FEF10950F91102309F471C01091CE
:10A83C005B301A9312E81A9314E61A930E94D7DA33
:10A84C00239610938436109162301A931DE71A9355
:10A85C0014E61A930E94D7DA239610938B36109134
:10A86C0063301A9318E71A9314E61A930E94D7DAF6
:10A87C00239610938C36109165301A9318E71A931F
:10A88C0014E61A930E94D7DA239610938E36109101
:10A89C0066301A9318E71A9314E61A930E94D7DAC3
:10A8AC00239610938F361091603010611093893677
:10A8BC00ECE0F0E0FA93EA9314E0108316E01A93BC
:10A8CC00108108810117F0F0E1E8F6E31127EC0D97
:10A8DC00F11FEF93FF93E8E5F0E3EC0DF11F10810E
:10A8EC001A9319E61A9314E61A930E94D7DA239650
:10A8FC00FF91EF911083E981FA81108113951083F8
:10A90C001123F9F6239610915F301A9318E27AC04E
:10A91C0010919D2F112309F01FEF10951F9310918B
:10A92C009C2F112309F01FEF0F91102309F473C012
:10A93C0010915B301A931BE41A9314E61A930E943D
:10A94C00D7DA239610938436109162301A9310E55F
:10A95C001A9314E61A930E94D7DA239610938B3627
:10A96C00109163301A931BE41A9314E61A930E9405
:10A97C00D7DA239610938C36109165301A931BE41A
:10A98C001A9314E61A930E94D7DA239610938E36F4
:10A99C00109166301A931BE41A9314E61A930E94D2
:10A9AC00D7DA239610938F36ECE0F0E0FA93EA9323
:10A9BC0014E0108316E01A93108108810117F0F04F
:10A9CC00E1E8F6E31127EC0DF11FEF93FF93E8E5B7
:10A9DC00F0E3EC0DF11F10811A931C811A9318E708
:10A9EC001A930E94D7DA2396FF91EF911083E98195
:10A9FC00FA811081139510831123F9F6239618818F
:10AA0C001A9310EA1A9314E61A930E94D7DA239633
:10AA1C001093883679C010919D2F112309F01FEFE8
:10AA2C001F9310919C2F112309F01FEF0F911023EE
:10AA3C0009F46AC010915B301A9312E81A9314E669
:10AA4C001A930E94D7DA23961093843610916230B1
:10AA5C001A931DE71A9314E61A930E94D7DA2396D9
:10AA6C0010938B36109163301A9318E71A9314E6EF
:10AA7C001A930E94D7DA239610938C361091653076
:10AA8C001A9318E71A9314E61A930E94D7DA2396AE
:10AA9C0010938E36109166301A9318E71A9314E6B9
:10AAAC001A930E94D7DA239610938F36ECE0F0E0DD
:10AABC00FA93EA9314E0108316E01A93108108813C
:10AACC000117F0F0E1E8F6E31127EC0DF11FEF931D
:10AADC00FF93E8E5F0E3EC0DF11F10811A9310E5FC
:10AAEC001A9314E61A930E94D7DA2396FF91EF91EA
:10AAFC001083E981FA811081139510831123F9F6E3
:10AB0C00239612E8109388360091893603FD05C010
:10AB1C0010918436169510938436ECE0F0E0FA939D
:10AB2C00EA9312E010831FE01A9310810881011739
:10AB3C00A0F0E1E8F6E31127EC0DF11F10811A9358
:10AB4C001C2D10591A930E94BF212296E981FA817B
:10AB5C00108113951083112349F7239608951091B2
:10AB6C009E2F112309F01FEF112319F0109159306A
:10AB7C0002C0109158301093FE0700912D3600231F
:10AB8C00B1F511E0D12E0091FD071091FE070117D0
:10AB9C0070F41091FD0713951093FD0710919F2FE2
:10ABAC00112309F01FEF112311F0D09061300091A7
:10ABBC00FD071091FE07011781F078F01091FD0749
:10ABCC001A951093FD0710919F2F112309F01FEF79
:10ABDC00112319F0D0906130D694D0922D3610916B
:10ABEC00FD071A9311E71A930E94BF21229608952C
:10ABFC002297D0901030D694E1E5F0E31127ED0DBB
:10AC0C00F11F10811983109149301A931D2D1D5F6E
:10AC1C001A9315E01A930E94D7DA239618830091A1
:10AC2C00103000FF1AC019811A93109154301695E8
:10AC3C0016951E5C1A9312E31A930E94D7DA239688
:10AC4C001983109148301A9311E41A9314E61A934D
:10AC5C000E94D7DA2396115F0BC0109148301A93DB
:10AC6C0011E61A931FE71A930E94D7DA2396125E05
:10AC7C00D12EDA9210E91A930E94D22122961981D0
:10AC8C001A9310E01A9313E71A930E941CE223966E
:10AC9C00198318811A9310E01A931FE71A930E94D4
:10ACAC001CE2239618831A9311E91A930E94D2215D
:10ACBC002296ECE0F0E0FA93EA9310E010831EE0A9
:10ACCC001A93108108810117C0F01C811A93CA9243
:10ACDC001CE11A930E94D7DA23961F5FD12EDA92C9
:10ACEC001C2D10561A930E94BF212296E981FA81DD
:10ACFC00108113951083112329F723961091553049
:10AD0C001A93DA921FE71A930E94D7DA2396D12E60
:10AD1C00DA9219E91A930E94D22122961091563098
:10AD2C001A931AE91A930E94D2212296D090573086
:10AD3C000091573005FF05C0ADE0B0E014E00E9473
:10AD4C009DE2DA921BE91A930E94BF212296109180
:10AD5C004A301A9312E91A930E94D221229610912A
:10AD6C004B301A9313E91A930E94D2212296109118
:10AD7C004C301A9314E91A930E94D2212296109106
:10AD8C004D301A9315E91A930E94D2212296009104
:10AD9C004E3016E9101B1A9316E91A930E94BF2124
:10ADAC0022960091103000FF0BC010914F301A9377
:10ADBC0017E91A930E94D22122961091503008C0A4
:10ADCC0010E01A9317E91A930E94BF2122961DE7EF
:10ADDC001A9318E91A930E94D22122960E945D4D73
:10ADEC0021960895109178301093CB3514E01A9376
:10ADFC000E94AA2121961091D1351C70103010E0C0
:10AE0C0009F41FEF1093100610918E2F112309F0E7
:10AE1C001FEF112309F461C010918F2F112309F03A
:10AE2C001FEF112349F01091CA301E5C1093FB07E1
:10AE3C001091CB301E5C06C01091C8301093FB07EC
:10AE4C001091C9301093FC0700912E360023F9F4B1
:10AE5C000091F9071091FB07011748F41091F907BD
:10AE6C0013951093F9071091CC3010932E36009156
:10AE7C00F9071091FB07011751F048F01091F907F1
:10AE8C001A951093F9071091CE3010932E3600912D
:10AE9C002F36002309F06DC00091FA071091FC07C2
:10AEAC00011748F41091FA0713951093FA071091B3
:10AEBC00CD3010932F360091FA071091FC07011733
:10AECC0059F008F456C01091FA071A951093FA0726
:10AEDC001091CF3010932F364CC01091F9071530CC
:10AEEC0089F080F000912E36002329F51FE0109395
:10AEFC002E360091F90775E07017E8F40A95009367
:10AF0C00F90719C00091D1351091D035100F1F30B1
:10AF1C0091F088F01091D1351E701093D1351091AD
:10AF2C00D0351E701093D0350091D135011719F41E
:10AF3C0010E01093F9071091FA07153089F080F0A2
:10AF4C0000912F360023A9F418E010932F360091AE
:10AF5C00FA0775E0701768F40A950093FA0709C0B0
:10AF6C001091CF351E701A3021F018F010E01093AC
:10AF7C00FA071091F9071A9311EB1A930E94BF214B
:10AF8C0022961091FA071A9312EB1A930E94BF2182
:10AF9C002296089514EF1A930E94AA2121960093E9
:10AFAC0081081093820820938308309384080091C1
:10AFBC0081081FEF01FF11271093010808952797AF
:10AFCC001091EE07112309F01FEF10951F931885B0
:10AFDC001E3F10E008F01FEF0F91102341F01F816E
:10AFEC00112321F05D9A000000005D98A8C0E1E9F2
:10AFFC00F7E309851127E00FF11FE08070E07E1563
:10B00C0010F4EA941FEF112351F01FEF1883E1E9BC
:10B01C00F7E309851127E00FF11FE08206C010E06D
:10B02C00188300000000000000001F811123F1F0C4
:10B03C0013E910937A0013EC10937A00ECEFFDE215
:10B04C0009851127000F111FE00FF11F01911081CD
:10B05C001C830B8300917A0004FFFCCF13E8109340
:10B06C007A005D9A000000005D9827C018851A933D
:10B07C0010E51A9317E51A930E9426E223961123E2
:10B08C0019F011E00E9404DB13E910937A0013EC21
:10B09C0010937A00ECEFFDE209851127000F111FC8
:10B0AC00E00FF11F019110811C830B8300917A003A
:10B0BC0004FFFCCF13E810937A000091790011275C
:10B0CC001A8309831A930A930D811E811A930A938A
:10B0DC0010E008E01A930A930E944FE2269610950E
:10B0EC0051F0E1E9F7E309851127E00FF11F12E3B5
:10B0FC0010831FEF18832B813C811A810981A0E8F2
:10B10C001A273A27131709F4021710E009F01FEF5A
:10B11C0008811023A1F0ECEFFDE209851127000F47
:10B12C00111FE00FF11F09811A8101931083E1E9CE
:10B13C00F6E309851127E00FF11F1FEF1083089527
:10B14C0012B1106712B91398089525971091EE0754
:10B15C00112309F01FEF1F931091FF30123010E0F4
:10B16C0008F01FEF0F91102B09F459C11091240610
:10B17C00112309F01FEF1F9310912206112309F0E0
:10B18C001FEF0F910117D9F010912206112309F02E
:10B19C001FEF1F9349E331E00E9476D80F910023F3
:10B1AC0011F0116001C01E7F49E331E00E946ED89E
:10B1BC0010912206112309F01FEF10932406109111
:10B1CC002506112309F01FEF1F931091230611235D
:10B1DC0009F01FEF0F910117D9F0109123061123DD
:10B1EC0009F01FEF1F9349E331E00E9476D80F91CD
:10B1FC00002311F0126001C01D7F49E331E00E9471
:10B20C006ED810912306112309F01FEF1093250619
:10B21C0097DF17E210937C001091EE07112309F0D1
:10B22C001FEF112321F010E01983188316C0109121
:10B23C002206112309F01FEF112311F014E601C0AF
:10B24C0010E0198310912306112309F01FEF11232D
:10B25C0011F014E601C010E0188314981BB11F788C
:10B26C00B12E10E01A8319811C83ECE0F0E0FA9304
:10B27C00EA9310E0108317E01A93108108810117EC
:10B28C0078F11D811B291BB91D81105F1D83E1E124
:10B29C00F7E30F811127E00FF11F10811E831F3F71
:10B2AC0010E009F41FEF1F931091EE07112309F022
:10B2BC001FEF10950F91102309F09AC01F811A935C
:10B2CC001F811A9310E01A937ADE2A961F81139528
:10B2DC001F83E981FA81108113951083112371F674
:10B2EC002396149A159810E01A83ECE0F0E0FA9388
:10B2FC00EA9318E010831FE01A931081088101175C
:10B30C0008F43EC01D811B291BB91D81105F1D83D4
:10B31C001C2D183011F40C8104C01C2D1C3028F08D
:10B32C000B811C2D100F1F8301C0CF82E1E1F7E3CD
:10B33C000F811127E00FF11F10811E831F3F10E0BA
:10B34C0009F41FEF1F931091EE07112309F01FEF63
:10B35C0010950F91102309F04BC01F811A931F8178
:10B36C001A9310E01A932BDE2A961F8113951F83D4
:10B37C00E981FA81108113951083112309F0BECF56
:10B38C002396159A169810E01A83ECE0F0E0FA93E5
:10B39C00EA9310E1108317E11A93108108810117C9
:10B3AC0008F43CC01D811B291BB91D81105F1D8336
:10B3BC001C2D143108F029F40B811C2D100F1F8348
:10B3CC0001C0CF82E1E1F7E30F811127E00FF11FFC
:10B3DC0010811E831F3F10E009F41FEF1F93109183
:10B3EC00EE07112309F01FEF10950F91102319F0A0
:10B3FC00A7DE239615C01F811A931F811A9310E0A4
:10B40C001A93DDDD2A961F8113951F83E981FA813A
:10B41C00108113951083112309F0C0CF239690DE71
:10B42C00089522971091EE07112309F01FEF1F9337
:10B43C001091FF30123010E008F01FEF0F91102B1D
:10B44C00B9F112B1186712B95D985C9A00005D9A57
:10B45C0017E210937C0000005D985C9811E00E944C
:10B46C0004DB18E11983183518F5E1E1F7E30981DC
:10B47C001127E00FF11F108118831F3F10E009F412
:10B48C001FEF1F931091EE07112309F01FEF10957A
:10B49C000F91102369F419811A9319811A931FEFD4
:10B4AC001A938DDD2A961981139519831123D9F6D8
:10B4BC0047DE08952697ECEFFDE208851127000F73
:10B4CC00111FE00FF11FE19000810D83EC82E694D7
:10B4DC0010910331143691F0EA92109103311A93C2
:10B4EC0014E61A930E94D7DA23961A9310E01A9353
:10B4FC001FE71A930E941CE22396E12E1F811A93D8
:10B50C0010E81A931BE91A930E9426E223961883DB
:10B51C001F81198308811A9310E01A931BE11A9367
:10B52C000E9426E22396102B91F11F811F7719831D
:10B53C001091FF30133009F070C019811A9310E08C
:10B54C001A931BE01A930E9426E22396112349F0CA
:10B55C0010911E06112309F01FEF08810117B1F09D
:10B56C00CCC019811A9310E11A931BE11A930E9413
:10B57C0026E22396112351F010911F06112309F096
:10B58C001FEF0881011709F448C0B7C046C00E81EF
:10B59C001F811A9310E51A931FE51A930E9426E255
:10B5AC002396102349F0EAE3FFEC1127EE0DF11F6F
:10B5BC0011E01BBFE69092C01F811A9318EC1A93EE
:10B5CC0013ED1A930E9426E22396112379F00F8132
:10B5DC001127085C1040085F1D4F1B830A831A93C8
:10B5EC000A93EA920E94F33E299687C01F811A9310
:10B5FC0018EF1A931AEF1A930E9426E2239611233E
:10B60C0061F00F81085F0983E0EDF0E31127E00F93
:10B61C00F11FE082EDE3F3E36BC01091FF301230C9
:10B62C0021F510912206112309F01FEF012F1F8124
:10B63C001A9310E01A9318E01A930E9426E22396AC
:10B64C00102309F05AC010912306112309F01FEFA3
:10B65C00012F1F811A9310E11A9318E11A930E947B
:10B66C0026E223961023D1F148C01091FF301430FC
:10B67C00A8F110911206113071F41F811A9310E089
:10B68C001A9318E01A930E9426E22396112331F1A3
:10B69C001F81105F10C0109112061230A1F41F818F
:10B6AC00103011F418E407C0113011F41AE403C07F
:10B6BC00123019F413E4198311C0133078F01830D8
:10B6CC00E1F060F41AC01F811A9310E11A9318E18B
:10B6DC001A930E9426E22396112379F4E8E0FFE204
:10B6EC0009811127E00FF11FE082E5E7F1E3098101
:10B6FC001127E00FF11F10E4108308952797109184
:10B70C00EE07112309F01FEF1F931091FF30123039
:10B71C001FEF08F011270F91102B09F03DC100917C
:10B72C00FD301FEF05FF11271A8310911D06112301
:10B73C0009F01FEF1F931091FF30153010E009F442
:10B74C001FEF0F911023F9F01AE51A9312E01A93D8
:10B75C00FE013696FA93EA930E94142B24961BE56D
:10B76C001A9312E01A93FE013596FA93EA930E940B
:10B77C00142B24960B811C81011710E011F008F09A
:10B78C001FEF1093E42F10E01E83183170F5E1E1E8
:10B79C00F7E30E811127E00FF11F10811D831E3F6F
:10B7AC00F9F01D811F3F09F1E1E9F6E30E81112744
:10B7BC00E00FF11F1081112309F01FEF112381F00D
:10B7CC00E1E9F6E30E811127E00FF11F10E0108381
:10B7DC001E811A931E811A931C811A936BDE299673
:10B7EC001E8113951E83112381F618E11E831835D3
:10B7FC0070F5E1E1F7E30E811127E00FF11F1081E5
:10B80C001D831E3FF9F01D811F3F09F1E1E9F6E3AD
:10B81C000E811127E00FF11F1081112309F01FEF8A
:10B82C00112381F0E1E9F6E30E811127E00FF11FFE
:10B83C0010E010831E811A931E811A931C811A9397
:10B84C0039DE29961E8113951E83112381F61091E2
:10B85C00FF30123009F0A0C010912206112309F01C
:10B86C001FEF112309F448C014E61E831D3608F09F
:10B87C0043C0E1E1F7E30E811127E00FF11F1081C6
:10B88C001D831E3F99F11D811F3FB1F1E1E9F6E3E4
:10B89C000E811127E00FF11F1081112309F01FEF0A
:10B8AC00112321F1E1E9F6E30E811127E00FF11FDD
:10B8BC0010E01083ECEFFDE20E811127000F111F39
:10B8CC00E00FF11FE19000810983E882E694E8E043
:10B8DC00FFE20D811127E00FF11FE082E5E7F1E3B4
:10B8EC000D811127E00FF11F10E410831E811395B9
:10B8FC001E83112309F0BACF10912306112309F0EE
:10B90C001FEF112309F448C010E71E83193708F004
:10B91C0043C0E1E1F7E30E811127E00FF11F108125
:10B92C001D831E3F99F11D811F3FB1F1E1E9F6E343
:10B93C000E811127E00FF11F1081112309F01FEF69
:10B94C00112321F1E1E9F6E30E811127E00FF11F3C
:10B95C0010E01083ECEFFDE20E811127000F111F98
:10B96C00E00FF11FE19000810983E882E694E8E0A2
:10B97C00FFE20D811127E00FF11FE082E5E7F1E313
:10B98C000D811127E00FF11F12E010831E8113951A
:10B99C001E83112309F0BACF089522971091FF301E
:10B9AC00103021F41FEF1093F10734C012E2109302
:10B9BC007C0011E00E9404DB13E910937A0013EC75
:10B9CC0010937A0000917A0004FFFCCF13E81093D7
:10B9DC007A00009179000093EF07112719830883EF
:10B9EC001A930A9300911138109112381A930A93F2
:10B9FC0010E005E01A930A930E944FE226961095E8
:10BA0C0049F010E01093F107088119810093113867
:10BA1C0010931238089521971091FF301230A8F12D
:10BA2C00ECE0F0E0FA93EA9310E0108318E71A9335
:10BA3C0010810881011740F1E1E1F7E31127EC0DCA
:10BA4C00F11F10811F771B831A931F811A931F817B
:10BA5C001A930E9426E22396112379F0E1E9F7E389
:10BA6C001127EC0DF11F1C8112731083E1E9F6E331
:10BA7C001127EC0DF11F1C811083E981FA811081D3
:10BA8C00139510831123A9F623960895ECE0F0E0AA
:10BA9C00FA93EA9310E0108318E71A931081088147
:10BAAC00011768F0E1E9F7E31127EC0DF11F1083A2
:10BABC00E981FA81108113951083112381F7239664
:10BACC00089510E01A931BE01A9310E01A93A3DF69
:10BADC002496089510E11A931BE11A9310E01A931F
:10BAEC009ADF2496089510E21A931BE21A9310E041
:10BAFC001A9391DF249618E41A931BE41A9310E01E
:10BB0C001A9389DF249608951091FF301230D8F0E3
:10BB1C00ECE0F0E0FA93EA9310E010831FE71A933D
:10BB2C0010810881011770F0E1E9F6E31127EC0DA3
:10BB3C00F11F1B811083E981FA8110811395108309
:10BB4C00112379F72396089510E01A931BE01A93AA
:10BB5C001FEF1A9360DF2496089510E11A931BE1EE
:10BB6C001A931FEF1A9357DF2496089510E21A9335
:10BB7C001BE21A931FEF1A934EDF249618E41A93C4
:10BB8C001BE41A931FEF1A9346DF24960895E1E104
:10BB9C00F7E309811127E00FF11F18811083198138
:10BBAC00193048F4E1E1F7E309810C591127E00F52
:10BBBC00F11F1881108319811A931CE01A9314E158
:10BBCC001A930E9426E22396112349F0E1E1F7E350
:10BBDC0009810C591127E00FF11F1881108308956A
:10BBEC0010E0109312061FEF1093E32F49E331E09E
:10BBFC000E9476D81E7F49E30E946ED849E30E94CA
:10BC0C0076D81D7F49E30E946ED8ECE0F0E0FA9301
:10BC1C00EA9310E0108317E51A931081088101173D
:10BC2C00B8F0E1E1F7E31127EC0DF11FEF93FF936F
:10BC3C00E7E3F9E0EC0DF11F0E943EDBFF91EF9181
:10BC4C001083E981FA81108113951083112331F748
:10BC5C002396ECE0F0E0FA93EA9310E0108318E0FE
:10BC6C001A93108108810117C8F0E1E1F7E31C2D4C
:10BC7C001C59012F1127E00FF11FEF93FF93E1E106
:10BC8C00F7E3EC0DF11F1081FF91EF911083E98127
:10BC9C00FA81108113951083112321F72396ECE080
:10BCAC00F0E0FA93EA931DE610831FE61A931081D5
:10BCBC000881011770F0E1E1F7E31127EC0DF11F9A
:10BCCC001EEF1083E981FA811081139510831123E3
:10BCDC0079F72396ECE0F0E0FA93EA931CE01083FA
:10BCEC0014E11A93108108810117C8F0E1E1F7E320
:10BCFC001C2D1C59012F1127E00FF11FEF93FF93FF
:10BD0C00E1E1F7E3EC0DF11F1081FF91EF9110834E
:10BD1C00E981FA81108113951083112321F7239661
:10BD2C001FEF10938A371A93EFDE2196089521970F
:10BD3C0010E018830E94F9200981112700501D4F33
:10BD4C001A930A9312E000E01A930A930E941C269D
:10BD5C0024961091131F1A3A10E009F41FEF1F9349
:10BD6C001091121F1C3310E008F01FEF0F911023DD
:10BD7C00F9F01FEF1883A9E1B1E3FDE1E4E120E460
:10BD8C0030E00E940DDBA8ECB0E3FDE1E4E520E13E
:10BD9C0030E00E940DDB11E000EC1A930A9310E0E6
:10BDAC0000E11A930A9314E01A930E94261E279618
:10BDBC00188108950E941121A4E1BDE11FEFE0E07C
:10BDCC00F2E031960000319711F01D93FCCFA4E105
:10BDDC00BDE1F1E3E9E120E430E00E940DDBA4E5F4
:10BDEC00BDE1F0E3E8EC20E130E00E940DDBE2E1A4
:10BDFC00FFE11CE310831AEA1093131F088111272B
:10BE0C0000501D4F1A930A9312E000E01A930A9304
:10BE1C000E94FA2525961FEF1093030608952A9782
:10BE2C0010E01F830E94F9200A851127005F1C4F28
:10BE3C001A930A9312E000E01A930A930E941C26AC
:10BE4C0024961091131F153A10E009F41FEF1F935D
:10BE5C001091121F1C3310E008F01FEF0F911023EC
:10BE6C0009F45FC01FEF1F8310E000E51E830D83F4
:10BE7C00D801B13009F4AF3E11F008F052C00D8179
:10BE8C001E811A930A9310E000E61A930A930FEF9F
:10BE9C001A930A930E9431E226961123C1F5E4E12C
:10BEAC00FDE10D811E81E00FF11F10811A83E8E086
:10BEBC00FFE20D811E81E00FF11F00811A81011735
:10BECC0031F1ECEDF3EE0D811E81000F111FE00F2F
:10BEDC00F11F01E00BBF079116911C830B831F70A0
:10BEEC0019831030A1F01C8112951F7018831F301C
:10BEFC0071F01981173059F40D811E811A930A9330
:10BF0C001C811A9314E01A930E94DC1D2496AD81B7
:10BF1C00BE811196AD83BE83BB2311F4AA2309F015
:10BF2C00A8CF1F8108950E941121A4E1BDE1FFE279
:10BF3C00E8E020E032E00E940DDBE2E1FFE11CE3EF
:10BF4C00108315EA1093131F08811127005F1C4FF3
:10BF5C001A930A9312E000E01A930A930E94FA25AE
:10BF6C0025961FEF1093030608952B97E8E0F1E355
:10BF7C00EF93FF933196FA93EA931FE01A9317EF1E
:10BF8C0061221FEB6122E8E4F6EC0E94E9DC0FE091
:10BF9C001881011BFF91EF910083239610E0198704
:10BFAC001091131F153A09F0BDC11091121F1A8779
:10BFBC001F3108F4EFC110E000E01F830E83D8019D
:10BFCC00B13009F4A83011F008F087C0E4E1FDE1CC
:10BFDC000E811F81E00FF11F10811883E8E0FFE252
:10BFEC000E811F81E00FF11F00811881011709F4E8
:10BFFC006AC0ECEDF3EE0E811F81000F111FE00FF4
:10C00C00F11F01E00BBF079116911D830C831F706C
:10C01C001B83103009F457C00C811D8112951F70C1
:10C02C001A831F3009F44FC00C8109831B81143013
:10C03C0031F0113021F0123011F0133039F4098144
:10C04C001091FA3010231030A1F43DC01530E9F4F2
:10C05C000091FA301FEF07FF11271F9309811091F0
:10C06C00FA301023103010E009F01FEF0F9110235D
:10C07C0051F10E811F811A930A931A811A9314E0BD
:10C08C001A930E94DC1D24961EC01630E1F4009118
:10C09C00FA301FEF03FF11271F9309811091FA301B
:10C0AC001023103010E009F01FEF0F91102359F0FE
:10C0BC000E811F811A930A931A811A9314E01A9312
:10C0CC000E94DC1D2496AE81BF811196AE83BF8386
:10C0DC00BB2311F4AA2309F073CF1A851C3308F47F
:10C0EC00BBC011E009E01F830E83D801B13009F405
:10C0FC00AA3011F008F04CC0E4E1FDE10E811F8183
:10C10C00E00FF11F10811883E8E0FFE20E811F8120
:10C11C00E00FF11F00811881011781F1ECEDF3EEB6
:10C12C000E811F81000F111FE00FF11F01E00BBFEB
:10C13C00079116911D830C831F701B8309831A931F
:10C14C0014E01A9316E01A930E9426E223961F938A
:10C15C0009811091FA301023103010E009F01FEF14
:10C16C000F91102359F00E811F811A930A931A8193
:10C17C001A9314E01A930E94DC1D2496AE81BF81A1
:10C18C001196AE83BF83BB2311F4AA2309F0AECF63
:10C19C0011E00DE81F830E83D801B13009F4A239E8
:10C1AC0011F008F086C0E4E1FDE10E811F81E00F83
:10C1BC00F11F10811883E8E0FFE20E811F81E00F70
:10C1CC00F11F00811881011709F43BC0ECEDF3EE6F
:10C1DC000E811F81000F111FE00FF11F01E00BBF3B
:10C1EC00079116911D830C831F701B83103049F12E
:10C1FC000C811D8112951F701A831F3011F11C8147
:10C20C0019831B811A9314E01A9316E01A930E9457
:10C21C0026E223961F9309811091FA3010231030D7
:10C22C0010E009F01FEF0F91102359F00E811F81C0
:10C23C001A930A931A811A9314E01A930E94DC1D24
:10C24C002496AE81BF811196AE83BF83BB2311F4BC
:10C25C00AA2309F0A2CF2DC010910D30103059F047
:10C26C0011E005E01A930A9310E01A9314E01A9364
:10C27C000E94DC1D249610911130103059F011E001
:10C28C0009E01A930A9310E01A9314E01A930E948F
:10C29C00DC1D249610911230103059F011E00AE098
:10C2AC001A930A9310E01A9314E01A930E94DC1D5F
:10C2BC0024961091D41D1A9311E01A931FE01A932F
:10C2CC000E9426E22396112391F0E8E0F1E3EF932C
:10C2DC00FF933196FA93EA931FE01A9317EF6122BA
:10C2EC001FEB6122E4EDFDE10E94F5DC11C0E8E0FA
:10C2FC00F1E3EF93FF933196FA93EA931FE01A93CD
:10C30C0017EF61221FEB6122E8E4F6EC0E94E9DCF6
:10C31C001FE00881101BFF91EF91108323961FEFF4
:10C32C00198738C0E8E0F1E3EF93FF933196FA9365
:10C33C00EA931FE01A9317EF61221FEB6122E8E4E6
:10C34C00F6EC0E94E9DC0FE01881011BFF91EF91E4
:10C35C0000832396CF93DF9360976F92FE01EF9348
:10C36C00FF933196FA93EA931FE01A9317EF612229
:10C37C001FEB6122EAE9F9EC0E94E9DC1FE008817D
:10C38C00101BFF91EF91108323966F900E94FA354A
:10C39C00DF91CF9110E010937F300091FE3003FFBE
:10C3AC000AC010918F2F112309F01FEF10939E2FAD
:10C3BC0014E010930B320E94782D24960E94F22ADE
:10C3CC00A4E1BBE1FFE2E8E020EF31E00E940DDBED
:10C3DC0010E0109313061FEF1093030619850895B0
:10C3EC0022970E94782D2496109187341A9311E08D
:10C3FC001A931FE01A930E9426E22396112391F0C0
:10C40C00E8E0F1E3EF93FF933196FA93EA931FE0A0
:10C41C001A9317EF61221FEB6122E7E8F4E30E9405
:10C42C00F5DC11C0E8E0F1E3EF93FF933196FA935A
:10C43C00EA931FE01A9317EF61221FEB6122E8E4E5
:10C44C00F6EC0E94E9DC0FE01881011BFF91EF91E3
:10C45C0000832396A4E1BDE1F3E3E7EC20E032E0B6
:10C46C000E940DDBCF93DF9380DDDF91CF91089598
:10C47C00A7ECB3E3FFE2E8E020E032E00E940DDB42
:10C48C0015EA1093C6351CE31093C535E7E8F4E3C1
:10C49C00EF93FF933196FA93EA931FE01A9317EFF9
:10C4AC0061221FEB6122E8E0F1E30E94F5DC1FE062
:10C4BC000881101BFF91EF9110832396089522970A
:10C4CC0010E01093E42F1093E52F10E000E3198394
:10C4DC000883D801E0E8BE27B13809F4AA3009F086
:10C4EC00D0F4E0E5F4E008811981E00FF11FEF933F
:10C4FC00FF93E8E0FFE2E00FF11F1081FF91EF9155
:10C50C000E941CDBA881B9811196A883B983B0382D
:10C51C0009F7A030F9F6A5E1B0E310E0E3E0F0E0B4
:10C52C0031960000319711F01D93FCCFCF93DF9320
:10C53C002BD3DF91CF91CF93DF936DD3DF91CF913D
:10C54C00CF93DF93AFD3DF91CF910895229710E073
:10C55C001093E42F1093E52FA4E1BDE11FEFE0E071
:10C56C00F2E031960000319711F01D93FCCFE4ED11
:10C57C00FDE1EF93FF933196FA93EA931FE01A9340
:10C58C0017EF61221FEB6122E8E4F6EC0E94E9DC74
:10C59C001FE00881101BFF91EF911083239610E090
:10C5AC001093121F00E019830883D801B03009F4EE
:10C5BC00A33609F0B0F408811981005E1C4F1A9360
:10C5CC000A9312E000E01A930A930E94FA2525962A
:10C5DC00A881B9811196A883B983BB2339F7AA2303
:10C5EC0029F7A8EDBFE210E0E0E1F0E031960000A1
:10C5FC00319711F01D93FCCF0895A8EDBFE210E028
:10C60C00E0E1F0E031960000319711F01D93FCCF82
:10C61C0010E01093E42F0E940521109108311A9319
:10C62C0011E01A931FE01A930E9426E223961095AC
:10C63C00C1F0E8E0F1E3EF93FF933196FA93EA93BC
:10C64C001FE01A9317EF61221FEB6122E8E4F6EC6E
:10C65C000E94E9DC1FE00881101BFF91EF91108311
:10C66C002396E881F98110811A9310E01A9313E64E
:10C67C001A930E941CE22396E881F9811083E881C9
:10C68C00F9811081103009F44DC0A5E1B0E310E040
:10C69C00E3E0F0E031960000319711F01D93FCCFF0
:10C6AC0002E8B2E3A02F10E0E3E0F0E031960000E6
:10C6BC00319711F01D93FCCF1CE31093063115EA52
:10C6CC0010930731A4E1BDE1FFE2E8E020E032E0A5
:10C6DC000E940DDBE4EDFDE1EF93FF933196FA93AD
:10C6EC00EA931FE01A9317EF61221FEB6122E8E037
:10C6FC00F1E30E94F5DC1FE00881101BFF91EF9124
:10C70C0010832396E881F98100811127005E1C4F6C
:10C71C001A930A9312E000E01A930A930E94FA25E6
:10C72C00259602C0CCDE2296A4E1BBE1FFE2E8E054
:10C73C0020EF31E00E940DDB10E0109314060895F9
:10C74C00ECE0F0E0FA93EA9310E010831BE01A930C
:10C75C0010810881011708F1E7ECF3E31127EC0DC8
:10C76C00F11FE080E8E0FFE2EC0DF11F1081E11613
:10C77C0069F0E8E0FFE21127EC0DF11FE082E5E73C
:10C78C00F1E31127EC0DF11F10E41083E981FA811C
:10C79C001081139510831123E1F623960895A7ECCD
:10C7AC00B3E3FFE2E8E02CE030E00E940DDB0895FB
:10C7BC00ECE0F0E0FA93EA9310E010831BE01A939C
:10C7CC0010810881011708F1E7EDF3E31127EC0D57
:10C7DC00F11FE080E8E0FFE2EC0DF11F1081E116A3
:10C7EC0069F0E8E1FFE21127EC0DF11FE082E5E8CA
:10C7FC00F1E31127EC0DF11F10E41083E981FA81AC
:10C80C001081139510831123E1F623960895A7ED5B
:10C81C00B3E3FFE2E8E12CE030E00E940DDB089589
:10C82C00ECE0F0E0FA93EA9310E010831BE01A932B
:10C83C0010810881011708F1E7EEF3E31127EC0DE5
:10C84C00F11FE080E8E2FFE2EC0DF11F1081E11630
:10C85C0069F0E8E2FFE21127EC0DF11FE082E5E957
:10C86C00F1E31127EC0DF11F10E41083E981FA813B
:10C87C001081139510831123E1F62396ECE0F0E080
:10C88C00FA93EA9310E0108313E01A931081088155
:10C89C00011708F1EFE0F4E31127EC0DF11FE08034
:10C8AC00E0E5FFE2EC0DF11F1081E11669F0E0E527
:10C8BC00FFE21127EC0DF11FE082EDEBF1E3112704
:10C8CC00EC0DF11F10E41083E981FA8110811395AE
:10C8DC0010831123E1F623960895A7EEB3E3FFE24C
:10C8EC00E8E22CE030E00E940DDBAFE0B4E3FFE2C5
:10C8FC00E0E524E030E00E940DDB08950E94052164
:10C90C00ECE0F0E0FA93EA9310E010831BE01A934A
:10C91C0010810881011718F1E8E0FFE21127EC0DF6
:10C92C00F11FEF93FF930B81A0E1B0E0E89465F861
:10C93C000E941AE098010C2D1127020F131FF0E032
:10C94C00E0E5E00FF11F0E943EDBFF91EF911083B9
:10C95C00E981FA811081139510831123D1F6239666
:10C96C00A5E7B1E314E0ECE0F0E03196000031977C
:10C97C0011F01D93FCCFA4E1BBE1FFE2E8E02CE059
:10C98C0030E00E940DDB1091B533103019F4A5E79F
:10C99C00B3E302C0A1E8B3E3FFE2E8E02CE030E04F
:10C9AC000E940DDB10E01093150608950E940521DE
:10C9BC00ECE0F0E0FA93EA9310E010831BE01A939A
:10C9CC0010810881011718F1E8E1FFE21127EC0D45
:10C9DC00F11FEF93FF930B81A0E1B0E0E89465F8B1
:10C9EC000E941AE098010C2D1127020F131FF1E081
:10C9FC00E0E5E00FF11F0E943EDBFF91EF91108309
:10CA0C00E981FA811081139510831123D1F62396B5
:10CA1C00A5E8B1E314E0ECE0F0E0319600003197CA
:10CA2C0011F01D93FCCFA4E2BBE1FFE2E8E12CE0A6
:10CA3C0030E00E940DDB1091B633103019F4ADE8E4
:10CA4C00B3E302C0A9E9B3E3FFE2E8E12CE030E094
:10CA5C000E940DDB10E01093160608950E9405212C
:10CA6C00ECE0F0E0FA93EA9310E010831BE01A93E9
:10CA7C0010810881011718F1E8E2FFE21127EC0D93
:10CA8C00F11FEF93FF930B81A0E1B0E0E89465F800
:10CA9C000E941AE098010C2D1127020F131FF2E0CF
:10CAAC00E0E5E00FF11F0E943EDBFF91EF91108358
:10CABC00E981FA811081139510831123D1F6239605
:10CACC00A5E9B1E314E0ECE0F0E031960000319719
:10CADC0011F01D93FCCFECE0F0E0FA93EA9310E038
:10CAEC00108313E01A9310810881011700F1E0E51F
:10CAFC00FFE23327EC0DF31FEF93FF93E0E5F3E038
:10CB0C002B81220F331F220F331F0C2D1127020FE5
:10CB1C00131FE00FF11F0E943EDBFF91EF9110837A
:10CB2C00E981FA811081139510831123E9F623967C
:10CB3C00ADEBB1E314E0E4E0F0E0319600003197A6
:10CB4C0011F01D93FCCFA4E3BBE1FFE2E8E220E18E
:10CB5C0030E00E940DDBACE5BBE1FFE2E0E524E058
:10CB6C0030E00E940DDB10E010931706089510E0E2
:10CB7C001A93C4DE219610E01A9318DF219610E068
:10CB8C001A936CDF219608950E940521ECE0F0E0E9
:10CB9C00FA93EA9310E010831BE01A93108108813A
:10CBAC00011728F1009115301127A0E1B0E0E894AD
:10CBBC0065F80E941AE098010C2D1127020F131F23
:10CBCC00F0E0E0E5E00FF11FEF93FF93E8E0FFE208
:10CBDC001127EC0DF11F1081FF91EF910E941CDBCE
:10CBEC00E981FA811081139510831123C1F62396E4
:10CBFC00A4E1BBE1FFE2E8E02CE030E00E940DDBB9
:10CC0C0010E010931506109115301093723110E04E
:10CC1C001093823208950E940521ECE0F0E0FA9323
:10CC2C00EA9310E010831BE01A931081088101171E
:10CC3C0028F1009116301127A0E1B0E0E89465F8D6
:10CC4C000E941AE098010C2D1127020F131FF1E01E
:10CC5C00E0E5E00FF11FEF93FF93E8E1FFE211270E
:10CC6C00EC0DF11F1081FF91EF910E941CDBE9810B
:10CC7C00FA811081139510831123C1F62396A4E237
:10CC8C00BBE1FFE2E8E12CE030E00E940DDB10E0BC
:10CC9C0010931606109116301093733110E0109308
:10CCAC00833208950E940521ECE0F0E0FA93EA93B8
:10CCBC0010E010831BE01A9310810881011728F1F2
:10CCCC00009117301127A0E1B0E0E89465F80E94BC
:10CCDC001AE098010C2D1127020F131FF2E0E0E56A
:10CCEC00E00FF11FEF93FF93E8E2FFE21127EC0D49
:10CCFC00F11F1081FF91EF910E941CDBE981FA81F9
:10CD0C001081139510831123C1F62396ECE0F0E00B
:10CD1C00FA93EA9310E0108313E01A9310810881C0
:10CD2C00011710F1E0E5F3E0209117303327220FC3
:10CD3C00331F220F331F0C2D1127020F131FE00F6F
:10CD4C00F11FEF93FF93E0E5FFE21127EC0DF11FCC
:10CD5C001081FF91EF910E941CDBE981FA81108117
:10CD6C00139510831123D9F62396A4E3BBE1FFE2BC
:10CD7C00E8E22CE030E00E940DDBACE5BBE1FFE229
:10CD8C00E0E524E030E00E940DDB10E01093170684
:10CD9C00109117301093743110E010938432089571
:10CDAC00299710E000E018870F8310914438112365
:10CDBC0009F01FEF112309F461C010E01E8310313C
:10CDCC0010F5ECEDFDE20E811127E00FF11FE08074
:10CDDC001E2D103698F4EEE4F8E30E811127E00FC7
:10CDEC00F11FEF93FF93E8E8FFE2EE0DF11F1081C6
:10CDFC00112309F01FEFFF91EF9110831E81139502
:10CE0C001E831123E1F610914438112309F01FEF12
:10CE1C0011701F831F9310E01A931FEF1A9377D68C
:10CE2C0024960F91102B1F8311E01A931FEF1A9366
:10CE3C006ED6249626E00E94FDDF1F9312E01A9313
:10CE4C001FEF1A9364D6249612951F700F91102B16
:10CE5C001F9313E01A931FEF1A9359D62496169525
:10CE6C0016950F91102B1F9317E01A931FEF1A931F
:10CE7C004ED624960F91102B1887A7C010910F0631
:10CE8C00112309F01FEF112311F012E001C011E082
:10CE9C0019831091882F112309F01FEF1F93109104
:10CEAC008B2F112309F01FEF10950F911023109366
:10CEBC003F381091882F112309F01FEF1F93109109
:10CECC008B2F112309F01FEF0F9110231093403873
:10CEDC0010918F2F112309F01FEF109345381091EB
:10CEEC002D38103031F410918C2F112339F01FEFA5
:10CEFC0005C010918D2F112309F01FEF10934138AD
:10CF0C0010E010933E3810918E2F112309F01FEF73
:10CF1C001093433810914038112309F01FEF14700F
:10CF2C001F9310913F38112309F01FEF11700F91CF
:10CF3C00102B1C8310912D38103019F01C81110FFF
:10CF4C001C831091E52F112309F01FEF012F19817C
:10CF5C0026E00E94F3DF10231F931091E42F11237E
:10CF6C0009F01FEF10740F91102B1D831091413895
:10CF7C00112309F01FEF10711B831091912F1123B6
:10CF8C0009F01FEF109591F010911006112309F084
:10CF9C001FEF1F9310918E2F112309F01FEF0F918C
:10CFAC00102311F010E401C010E81A831B810C81CE
:10CFBC00012B1A81102B188710914438112309F07A
:10CFCC001FEF11700D81102B1F83E89477F847E643
:10CFDC0018E1312FE89460F8FE013796A2E0B0E03A
:10CFEC0050E00E9410D908952197ECEDFDE20A81E2
:10CFFC001127E00FF11F108118831036D0F4E8E8E8
:10D00C00FFE208811127E00FF11F19811083E5EF72
:10D01C00F1E308811127E00FF11F10E41083E4E91C
:10D02C00F8E0088100581127E00FF11F10811093D0
:10D03C0006060895229710914438112309F01FEF2A
:10D04C001123D9F01091972F112309F01FEF18839A
:10D05C001B811A931B811A93C7DF23961881109595
:10D06C001F931091972F112309F01FEF0F9110238D
:10D07C0019F01FEF109313067FC01B811030F1F4D1
:10D08C00EDE2F8E32497FB83EA8312E0198310E0C6
:10D09C0018830E940FE2249600912D381FEF00FF99
:10D0AC0011271093E42F1FEF01FF11271093E52F89
:10D0BC0010912D381F5F109304065EC01130B1F42F
:10D0CC0010912D38103009F057C01A811093882F09
:10D0DC0010E010938B2FB1E3A5EF10E4E4E0F0E047
:10D0EC00319600003197D1F01D93FCCF1230D1F462
:10D0FC0010912D38103009F03FC01A811093882FF1
:10D10C001FEF10938B2FB1E3A5EF10E4E4E0F0E0F8
:10D11C0031960000319711F01D93FCCF1CE0109359
:10D12C0006062AC0133099F410912D38103039F4BA
:10D13C001A8110938C2F10E41093F93106C01A81C8
:10D14C0010938D2F10E41093FA311DE0E8CF1530B9
:10D15C0041F41A8110938E2F10E41093FB3118E0D8
:10D16C00DECF173049F41A8110938F2F10E41093EF
:10D17C00FC3119E010930606089510E01093243842
:10D18C0010914438112309F01FEF1095A1F018816C
:10D19C00143031F410E01A930E94D87321960BC00E
:10D1AC00183048F01F3009F030F4188117501A93DA
:10D1BC000E94D87321960895229710914438112318
:10D1CC0009F01FEF109509F477C01127009124384E
:10D1DC0074E6071720F40395009324381FEF10957D
:10D1EC0009F461C010E0109314301A81183020F04B
:10D1FC001A811750109314301FEF10931806CF9309
:10D20C00DF93E4E1F0E3FA93EA93F7D9DF91CF915E
:10D21C00CF93DF9313E41A930E94C436DF91CF911E
:10D22C00EEE0F0E0FA93EA9310E0108313E01A9327
:10D23C0010810881011798F115E505E51C830B8316
:10D24C00E89477F847E618E1312FE89460F8FE018E
:10D25C003396A2E0B0E050E00E9410D910E004E652
:10D26C000E94F5DA10E000E01C830B83E89477F859
:10D27C0047E618E1312FE89460F8FE013396A2E0FE
:10D28C00B0E050E00E9410D910E004E60E94F5DAFC
:10D29C00E981FA81108113951083112351F623969D
:10D2AC0010E010932438EEE3F8E30A811127E00F25
:10D2BC00F11F10E0108303C010E010932438089580
:10D2CC0029971091FF30153009F05AC010E01A93CD
:10D2DC000E94AA2121961091CF35107CE12E1E2D93
:10D2EC00103CC9F412E010932D3810E01093E42F89
:10D2FC001FEF1093E52F109107061A9311E01A9364
:10D30C0013E01A930E9426E22396112319F013E0DE
:10D31C00109304063EC01E2D1034B1F410E010938F
:10D32C002D3810E01093E42F1093E52F1091070681
:10D33C001A9311E01A9313E01A930E9426E2239693
:10D34C00112339F111E019C01E2D103811F511E01F
:10D35C0010932D381FEF1093E42F10E01093E52F4E
:10D36C00109107061A9311E01A9313E01A930E9476
:10D37C0026E22396112369F012E01093040609C0EB
:10D38C001091FF30143028F410E01093E42F109318
:10D39C00E52F10911B2D112309F01FEF112309F418
:10D3AC0000C11091972F112309F01FEF1A83F8DC9D
:10D3BC00299610E01E83143008F0E2C0E4E0F8EE89
:10D3CC000E811127000F111FE00FF11F01E00BBFA1
:10D3DC000791169119830883E89477F847E616E1CC
:10D3EC00312FE89460F8FE01A2E0B0E050E00E941A
:10D3FC0010D915E00E9404DBE89477F847E610E0BA
:10D40C00312FE89460F8A0E0B0E00E9410D917E644
:10D41C00412FFE013896A1E0B0E00E9402D9188598
:10D42C0010951C73188710E01D83143008F0A2C0EF
:10D43C001E8104E00E9407E00D81100F1F83FE0186
:10D44C003896DF010D8115E0101B0E94ABE21C83A6
:10D45C00112309F471C01F81143010E009F41FEF7F
:10D46C001F931F81183010E008F01FEF0F91102B45
:10D47C001F9310914438112309F01FEF10950F9151
:10D48C00102341F0CF93DF931F811A9395DEDF9128
:10D49C00CF9162C0EEE2F8E30F811127E00FF11F8C
:10D4AC001081112309F01FEF109509F455C010914C
:10D4BC004438112309F01FEF1123E1F0EEE4F8E3F7
:10D4CC000F811127E00FF11F1081112309F01FEFBD
:10D4DC0010951B83EEE4F8E30F811127E00FF11F89
:10D4EC001B81108310915438112309F01FEF1093F6
:10D4FC0044381BC0EEE3F8E30F811127E00FF11F56
:10D50C001081112309F01FEF10951B83EEE3F8E354
:10D51C000F811127E00FF11F1B81108310914438EC
:10D52C00112309F01FEF109354381F811A931C819B
:10D53C001A9380DD249610C0EEE2F8E30F811127D8
:10D54C00E00FF11F1081112309F01FEF112321F0BF
:10D55C001F811A9312DE2196EEE2F8E30F81112758
:10D56C00E00FF11F1C8110831D8113951D83112366
:10D57C0009F05BCF1E8113951E83112309F01BCF7D
:10D58C0010E000E019830883E89477F847E616E189
:10D59C00312FE89460F8FE01A2E0B0E050E00E9468
:10D5AC0010D90895219710E01883ECE0F0E0FA937D
:10D5BC00EA93EF93FF93ED81FE811081FF91EF9140
:10D5CC001083EF93FF93EB81FC811081FF91EF911E
:10D5DC001A9310810881011738F1E4E1FDE21C2D4A
:10D5EC0000E10E940BE0012F1127E00FF11F1081C9
:10D5FC00112309F01FEF1F93ECE1FDE21127EC0D55
:10D60C00F11F10810885011710E009F41FEF0F912D
:10D61C00102319F01FEF1B8307C0E981FA811081D9
:10D62C00139510831123B1F623961881112309F455
:10D63C0044C0EB81FC81C082ECE0F0E0FA93EA9309
:10D64C00EF93FF93EB81FC811081FF91EF9110839D
:10D65C00EF93FF93ED81FE811081FF91EF911A936F
:10D66C0010810881011709F020F5E4E1FDE21C2D81
:10D67C0000E10E940BE0012F1127E00FF11F108138
:10D68C00112309F01FEF1F93ECE1FDE21127EC0DC4
:10D69C00F11F10810885011710E009F41FEF0F919D
:10D6AC00102339F4E981FA8110811A9510831F3FF8
:10D6BC00C1F62396E981FA81C082188108952597D5
:10D6CC00EEE7F9E30D811127E00FF11F10811B83A9
:10D6DC00ECE8F9E30D811127E00FF11F10811A839B
:10D6EC0010E01C8311E01983ECE0F0E0FA93EA936C
:10D6FC001D8110831C811A93108108810117D0F0B1
:10D70C00EEE1F9E31127EC0DF11F1081112309F063
:10D71C001FEF1B83112321F07C811F81170F1F83A7
:10D72C001C81110F1C83E981FA81108113951083E0
:10D73C00112319F723961C81089521971981112320
:10D74C0039F010910F06112309F01FEF107801C06A
:10D75C0010EC1883ECE0F0E0FA93EA9310E01083FD
:10D76C001D811A9310810881011790F0EEE5F8E302
:10D77C000F811C2D100F012F1127E00FF11F10E04E
:10D78C001083E981FA81108113951083112359F7C5
:10D79C002396EEE5F8E31C810A81010F1127E00FB7
:10D7AC00F11F1881108308952197EAE9F9E30981A3
:10D7BC001127E00FF11F10811883ECE0F0E0FA93D1
:10D7CC00EA930D8100831C81100F1A93108108813C
:10D7DC00011770F0EEE5F8E31127EC0DF11F10E0E6
:10D7EC001083E981FA81108113951083112379F745
:10D7FC00239608811A81011708F051F4EEE5F8E33D
:10D80C001B810881010F1127E00FF11F10EC108311
:10D81C0008952197EAEAF9E309811127E00FF11F36
:10D82C0010811883ECE0F0E0FA93EA930D81008309
:10D83C001C81100F1A9310810881011770F0EEE50E
:10D84C00F8E31127EC0DF11F10E01083E981FA8148
:10D85C00108113951083112379F7239608811A816F
:10D86C00011708F051F4EEE5F8E31B810881010F74
:10D87C001127E00FF11F10EC1083089521971981E7
:10D88C00112339F010910F06112309F01FEF1078B6
:10D89C0001C010EC1883ECE0F0E0FA93EA9310E08E
:10D8AC0010831D811A9310810881011728F1FE0144
:10D8BC003596DF011C2D0E94ABE2112359F0EEE5E9
:10D8CC00F8E30F811C2D100F012F1127E00FF11F12
:10D8DC001B810AC0EEE5F8E30F811C2D100F012F00
:10D8EC001127E00FF11F10E01083E981FA811081FC
:10D8FC00139510831123C1F623960895249710E0F5
:10D90C0018831E3008F0D8C0EEE7F9E30881112720
:10D91C00E00FF11F10811B83103608F0C7C0ECE834
:10D92C00F9E308811127E00FF11F10810B81101B07
:10D93C001A831881103079F4CF93DF931B811A93DB
:10D94C001B811A93109114301A9310911406112301
:10D95C0089F11FEF2FC01130A9F4CF93DF931B81F6
:10D96C001A931B811A93109115301A931091150666
:10D97C00112309F01FEF1F93109126381123C1F0CA
:10D98C001FEF16C01230C9F4CF93DF931B811A938B
:10D99C001B811A93109116301A93109116061123AD
:10D9AC0009F01FEF1F9310912738112309F01FEF77
:10D9BC000F91102B1A93C1DE62C0133079F4CF9300
:10D9CC00DF931B811A931B811A93109117301A93B2
:10D9DC0010911706112371F31FEFECCF1C3049F493
:10D9EC001B811A931B811A93109111301A93DCDE50
:10D9FC000AC01D3051F41B811A931B811A9310918C
:10DA0C0012301A9306DF249651C0143079F4CF9358
:10DA1C00DF931B811A931B811A93109114301A9364
:10DA2C0010911406112349F11FEF27C0153021F076
:10DA3C00183011F0193079F4CF93DF931B811A93BE
:10DA4C001B811A93109115301A93109115061123FE
:10DA5C00A1F01FEF12C0163011F01A3099F4CF93C9
:10DA6C00DF931B811A931B811A93109116301A9312
:10DA7C0010911606112309F01FEF1A93FFDEDF91A8
:10DA8C00CF9114C0173091F4CF93DF931B811A936D
:10DA9C001B811A93109117301A93109117061123AA
:10DAAC0009F01FEF1A93EADEDF91CF9118811395DD
:10DABC001883112309F025CF10912938112309F06F
:10DACC001FEF112371F0EEE5F8E300912B381127CD
:10DADC00E00FF11F10912638112309F01FEF107C75
:10DAEC00108310912A38112309F01FEF112371F0C4
:10DAFC00EEE5F8E300912C381127E00FF11F10919F
:10DB0C002738112309F01FEF107C108308952297FA
:10DB1C001A81112319F0ECEDFDE202C0ECE1FDE2FB
:10DB2C000B811127E00FF11F108118831036C0F400
:10DB3C00E8E8FFE208811127E00FF11F10811123A3
:10DB4C0009F01FEF107C19831A811095B1F0EEE5E6
:10DB5C00F8E30B811127E00FF11F198110830DC021
:10DB6C001A81112311F010E007C0EEE5F8E30B81E8
:10DB7C001127E00FF11F108119831981103010E06B
:10DB8C0009F01FEF1F931881103410E008F01FEFFD
:10DB9C000F91102B09F47DC01881103091F4109165
:10DBAC00F607112309F01FEF112351F010910F0606
:10DBBC00112309F01FEF112309F04AC010E019835B
:10DBCC0068C01130A8F0133009F090F41091F607EA
:10DBDC00112309F01FEF1F931091882F112309F0C7
:10DBEC001FEF10950F91102B11F010E8198351C0F5
:10DBFC00163051F410911006112309F01FEF112368
:10DC0C0011F010E8198345C01C3469F4109193305D
:10DC1C00103819F110F110910F06112309F01FEFB4
:10DC2C001123C9F015C01D34D1F4109193301A93FF
:10DC3C0011E01A931FE71A930E9426E223961123F0
:10DC4C0061F010910F06112309F01FEF112319F049
:10DC5C0010E819831EC010E4FCCF10E0FACF1A357F
:10DC6C00C1F410911206103011F410E003C0113001
:10DC7C0019F410E419830DC0123059F410910F06E9
:10DC8C00112309F01FEF112311F010E801C010E46B
:10DC9C001983198108952B9731DE24961B85105A10
:10DCAC00188700E010E020E030E03E832D831C83D9
:10DCBC000B83E89477F8488516E1312FE89460F8E7
:10DCCC00FE013396A4E0B0E050E00E9410D91B8511
:10DCDC0000E10E9407E0198710E01A871031F0F478
:10DCEC0019851A9310E01A9312DF24961F833E8134
:10DCFC002D811C810B81E2E00E9466E12D831C8347
:10DD0C000B831F81132B1E83FE01399619851395E6
:10DD1C0019871A8513951A87112301F71B85103063
:10DD2C0010E009F41FEF1F930091FD301FEF00FF6F
:10DD3C0011270F9110231F931B85113010E009F44C
:10DD4C001FEF1F930091FD301FEF01FF11270F9163
:10DD5C0010230F91102B1883112321F1E89477F8DD
:10DD6C00488510E0312FE89460F8A0E0B0E050E076
:10DD7C000E9410D91885412FFE013196A1E0B0E028
:10DD8C000E9402D9E89477F8488511E0312FE89485
:10DD9C0060F8A0E0B0E00E9410D91885412FFE0178
:10DDAC0032962FC00D811E811A8309830B811C8131
:10DDBC001E830D8309811A811C830B83E89477F8E9
:10DDCC00488510E0312FE89460F8A0E0B0E050E016
:10DDDC000E9410D91885412FFE013296A1E0B0E0C7
:10DDEC000E9402D9E89477F8488511E0312FE89425
:10DDFC0060F8A0E0B0E00E9410D91885412FFE0118
:10DE0C003196A1E0B0E00E9402D9E89477F84885F9
:10DE1C0016E1312FE89460F8FE013396A4E0B0E0EF
:10DE2C0050E00E9410D909811A810095109508952F
:10DE3C002497ECE1FDE20C811127E00FF11F10811A
:10DE4C001B83183608F042C01091972F112309F04C
:10DE5C001FEF1883EEE5F8E30C811127E00FF11F9B
:10DE6C001081103010E009F41FEF1983EEE5F8E390
:10DE7C000C811127E00FF11F1981107C1083E8E849
:10DE8C00FFE20B811127E00FF11F19811083E5EFE1
:10DE9C00F1E30B811127E00FF11F10E41083E4E98B
:10DEAC00F8E00B8100581127E00FF11F108110933F
:10DEBC0006061091972F112309F01FEF012F1881DF
:10DECC001095102319F01FEF109313060895239744
:10DEDC00ECE1FDE20C811127E00FF11F10811A8398
:10DEEC0010E018831A811837D1F40E94675D10E096
:10DEFC001A930E948A5D2196A8E0BFE210E0E0E14F
:10DF0C00F0E031960000319711F01D93FCCFE5E75E
:10DF1C00F1E310E410831FEF10932638F5C0193786
:10DF2C00D1F40E94705D10E01A930E948A5D2196D4
:10DF3C00A8E1BFE210E0E0E1F0E03196000031979B
:10DF4C0011F01D93FCCFE5E8F1E310E410831FEF13
:10DF5C0010932738D9C01A811A9314E61A9317E62E
:10DF6C001A930E9426E22396012F1A811A9310E726
:10DF7C001A9311E71A930E9426E22396102B09F4A8
:10DF8C00C3C0EEE7F9E30A8104561127E00FF11F35
:10DF9C00008109831C81011710F009F0B5C00C81B8
:10DFAC001981011B0A9310E01A931FE01A930E9427
:10DFBC001CE2239618831A811436D9F41881109315
:10DFCC0014301B81112389F01FEF10931806CF9387
:10DFDC00DF93E4E1F0E3FA93EA930E940363DF91A9
:10DFEC00CF91CF93DF9313E462C010E4109381328E
:10DFFC0089C01536C1F41881109315301B8111237B
:10E00C0059F00E94CA65CF93DF9315E51A930E94CD
:10E01C00C436DF91CF9103C010E41093823210E02C
:10E02C00109326386FC01636C1F418811093163031
:10E03C001B81112359F00E941166CF93DF931CE4CE
:10E04C001A930E94C436DF91CF9103C010E4109351
:10E05C00833210E01093273855C0173681F418819D
:10E06C00109317301B81112331F00E945866CF9307
:10E07C00DF9310E51CC010E41093843243C01037BA
:10E08C0001F5E7E5FBE008811127E00FF11F0E9485
:10E09C003EDB109311301B81112379F0109111305C
:10E0AC001A930E94995F2196CF93DF931FE41A93E2
:10E0BC000E94C436DF91CF9125C010E410937E32BC
:10E0CC0021C01137F9F4E7E6FBE008811127E00FD6
:10E0DC00F11F0E943EDB109312301B81112379F04B
:10E0EC00109112301A930E94E05E2196CF93DF9329
:10E0FC0012E51A930E94C436DF91CF9103C010E44D
:10E10C0010937F32FBDB2496089521971B811456C4
:10E11C001A93D5DA2696188310912538112309F015
:10E12C001FEF10951F93E4E1F0E30A811127E00F34
:10E13C00F11F00811881011710E009F41FEF0F91F6
:10E14C00102339F0E4E1F0E30A811127E00FF11F0D
:10E15C0007C0E4E1F0E30A811127E00FF11F1881F9
:10E16C001083E1E8F2E30A811127E00FF11F10E4BC
:10E17C001083C4DB249608952297ECE1FDE20A811A
:10E18C001127E00FF11F10811983183668F01B3628
:10E19C0009F050F419811A931A8118561A931D819B
:10E1AC001A93B3DF249657C01C3681F419811A9345
:10E1BC0011E01A931D811A93A8DF24961091153043
:10E1CC001093163010E41093833245C01D3691F431
:10E1DC0019811A9311E01A931D811A9396DF2496D4
:10E1EC00109115301093163010E410938332109167
:10E1FC0015300CC01E3681F419811A9312E01A9353
:10E20C001D811A9382DF24961091163010931730CB
:10E21C0010E4109384321FC0183771F41091253814
:10E22C00112309F01FEF1123B1F010E41093823287
:10E23C0010E0109326380FC0193769F41091253867
:10E24C00112309F01FEF112331F010E410938332E6
:10E25C0010E01093273810E01093233810E010933F
:10E26C00253808952297ECE1FDE20B811127E00F90
:10E27C00F11F108119831036D8F51091972F1123A7
:10E28C0009F01FEF1883EEE5F8E30B811127E00F7F
:10E29C00F11F1A81107C1083E8E8FFE20981112735
:10E2AC00E00FF11F1A811083E5EFF1E309811127CB
:10E2BC00E00FF11F10E410830091FD3007FF0AC03E
:10E2CC00E4E9F8E0098100581127E00FF11F1081F3
:10E2DC00109306061091972F112309F01FEF012FB1
:10E2EC00188110951023D9F01FEF1093130617C047
:10E2FC000A8119811A9314E61A9317E61A930E944D
:10E30C0026E22396102359F0CF93DF931C811A93A6
:10E31C001C811A9310E01A93DADDDF91CF910895E6
:10E32C002997ECE1FDE209851127E00FF11F10811F
:10E33C00188711270091233874E6071720F40395EA
:10E34C00009323381FEF109509F4C7C018851836B1
:10E35C00B9F41FEF1093180614E01A93B0D926964F
:10E36C0010931430CF93DF93E4E1F0E3FA93EA9344
:10E37C000E940363DF91CF91CF93DF9313E467C0C7
:10E38C001936A9F415E01A939AD9269610931530DC
:10E39C000E94CA65CF93DF9315E51A930E94C43689
:10E3AC00DF91CF91109115301093723155C01A3600
:10E3BC0049F416E01A9383D92696109316300E94CE
:10E3CC0011665CC01B36A9F417E01A9378D926960F
:10E3DC00109317300E945866CF93DF9310E51A9371
:10E3EC000E94C436DF91CF91109117301093743185
:10E3FC0033C0183719F40E94CA6526C01C3681F444
:10E40C0018E01A935CD92696109315301093163099
:10E41C000E94CA650E941166CF93DF9315E531C047
:10E42C001D36F1F419E01A934AD92696109315303B
:10E43C001093163010911530109317300E94CA6546
:10E44C000E9411660E945866CF93DF9315E51A93CC
:10E45C000E94C436DF91CF911FEF109325383DC039
:10E46C001E36C9F41AE01A932AD926961093163040
:10E47C00109317300E9411660E945866CF93DF9359
:10E48C001CE41A930E94C436DF91CF911091163080
:10E49C0010937331E1CF193731F40E941166CF9389
:10E4AC00DF931CE4D4CF153651F0163641F01736F5
:10E4BC0031F0143621F0103711F0113771F4CF937D
:10E4CC00DF931A851A931A851A931FEF1A93FFDCA0
:10E4DC00DF91CF911FEF1093253810912538112320
:10E4EC0009F01FEF112309F452C01A85105A1C832E
:10E4FC00EEE0F0E0FA93EA9310E0108312E01A9346
:10E50C00108108810117D8F105E515E525E535E5FC
:10E51C003E832D831C830B83E89477F84F8116E19F
:10E52C00312FE89460F8FE013396A4E0B0E050E09F
:10E53C000E9410D910E004E60E94F5DA00E010E029
:10E54C0020E030E03E832D831C830B83E89477F826
:10E55C004F8116E1312FE89460F8FE013396A4E068
:10E56C00B0E050E00E9410D910E004E60E94F5DA09
:10E57C00E981FA81108113951083112311F62396EA
:10E58C0011E000E90E94F5DA10E0109323380895A9
:10E59C002C971D851A937FDB2C961B870A87E3E14A
:10E5AC00F8E30D851127000F111FE00FF11F0191EA
:10E5BC0010811987088710E0198318830A851B8539
:10E5CC00103009F4003010E009F01FEF1F9328857C
:10E5DC0039851B850A85131709F4021710E009F019
:10E5EC001FEF0F91102B012F1C85102B09F48DC0E0
:10E5FC001D8500E10E9407E01B8310E01C83103195
:10E60C0008F077C0FE013A96DF011C810E94ADE252
:10E61C001E83EEEBF8E30B811127E00FF11F108145
:10E62C00112309F01FEF1D83ECE7FDE20B8111278D
:10E63C00E00FF11F1081112309F01FEF1123B1F02E
:10E64C000E811D81011710E009F01FEF012F1C85B1
:10E65C00102B59F0CF93DF931D851A931C811A93BD
:10E66C0018851A93FFDDDF91CF9132C01E811123E3
:10E67C00E9F01FEF1983EEE1F9E30B811127E00FAD
:10E68C00F11F1FEF10831D81109531F01D851A931A
:10E69C001C811A93CDDB2696CF93DF931D851A939D
:10E6AC001C811A933DDEDF91CF9112C01D81112385
:10E6BC0079F0CF93DF931D851A931C811A9310E088
:10E6CC001A9305DCDF91CF911B811A831FEF1883FE
:10E6DC00EEEBF8E30B811127E00FF11F1E81108385
:10E6EC001B8113951B831C8113951C83112309F02B
:10E6FC0086CFE3E1F8E30D851127000F111FE00F22
:10E70C00F11F0A851B8501931083098100951881DF
:10E71C00102389F01D851A931B811A932DDD2496E5
:10E72C00AEE1B9E310E0E0E6F0E03196000031979D
:10E73C0011F01D93FCCF0895219710E0188316302B
:10E74C00D0F4E4E1FDE208811127E00FF11F108104
:10E75C00112309F01FEF112349F0CF93DF93188198
:10E76C001A931FEF1A9314DFDF91CF911881139531
:10E77C001883112321F70895E4E1FDE208811127A4
:10E78C00E00FF11F1081112309F01FEF112349F045
:10E79C00CF93DF9318811A9310E01A93F9DEDF916F
:10E7AC00CF910895009114301881011779F41091CC
:10E7BC000706103019F411E01093040610910706A7
:10E7CC00113050F010E01093040606C0188110931D
:10E7DC00143010E41093813210E010932D3810E0B7
:10E7EC001093E42F1093E52F08951881123069F4DB
:10E7FC00CF93DF9318E0612A08E719ED1A930A9377
:10E80C00E9EAF9EC0E94E9DC12C0CF93DF9318E03F
:10E81C00612A08E719ED1A930A93EEEBF9EC0E94C2
:10E82C00E9DC1A81105D689463F80E94B7DFDF9110
:10E83C00CF91CF93DF9318E0612A08E719ED1A9373
:10E84C000A93E4EDF9EC0E94E9DC1DE00E94B7DFCD
:10E85C001AE00E94B7DFDF91CF910895249710E062
:10E86C0010932638109327381FEF10932B381093E2
:10E87C002C3810E01093293810932A38AAE9B9E300
:10E88C001FEFE0E1F0E031960000319711F01D939D
:10E89C00FCCF10E01B831FE51A8310E71A93FE01CF
:10E8AC003496FA93EA93FE013596FA93EA930E9412
:10E8BC00D86A2696112341F1ECE0F0E0FA93EA9342
:10E8CC0010E010831C810D81101B1A93108108819C
:10E8DC000117C8F0E7E5FBE01127EC0DF11F0E94D2
:10E8EC003EDBE12E1E2D1F3008F031F4EAE9F9E38E
:10E8FC001127EE0DF11FC082E981FA811081139569
:10E90C001083112321F72396AAEAB9E31FEFE0E164
:10E91C00F0E031960000319711F01D93FCCF10E020
:10E92C001B831FE51A8311E71A93FE013496FA93A1
:10E93C00EA93FE013596FA93EA930E94D86A2696DA
:10E94C00112341F1ECE0F0E0FA93EA9310E010832C
:10E95C001C810D81101B1A93108108810117C8F0BE
:10E96C00E7E6FBE01127EC0DF11F0E943EDBE12EE8
:10E97C001E2D1F3008F031F4EAEAF9E31127EE0DF1
:10E98C00F11FC082E981FA81108113951083112344
:10E99C0021F72396AEE7B9E31FEFEEE0F0E03196F6
:10E9AC000000319711F01D93FCCFACE8B9E31FEFD9
:10E9BC00EEE0F0E031960000319711F01D93FCCFA2
:10E9CC0010E019831E3048F510E01B831FE51A83F5
:10E9DC0019811C591A93FE013496FA93EA93FE019D
:10E9EC003596FA93EA930E94D86A2696112381F001
:10E9FC00EEE7F9E309811127E00FF11F1B8110836A
:10EA0C00ECE8F9E309811127E00FF11F1A8110835B
:10EA1C001981139519831123A9F610E010932B3843
:10EA2C001FE51A8318E71A93EBE2F8E3FA93EA93DB
:10EA3C00FE013596FA93EA930E94D86A26961093B3
:10EA4C002938112309F01FEF112349F0ECE7FDE2FF
:10EA5C0000912B381127E00FF11F10E0108310E00C
:10EA6C0010932C381FE51A8319E71A93ECE2F8E39C
:10EA7C00FA93EA93FE013596FA93EA930E94D86AC8
:10EA8C00269610932A38112309F01FEF112349F011
:10EA9C00ECE7FDE200912C381127E00FF11F10E09C
:10EAAC001083CF93DF9348DEDF91CF9110E010936A
:10EABC00233810E010932538089522971091072FD2
:10EACC00112309F01FEF112301F148E330E00E94FC
:10EADC0076D81095198313701883FE013196DF01D7
:10EAEC000C9102FF02C013E012C0FE013196DF014F
:10EAFC000C9103FF02C014E00AC0FE013196DF0145
:10EB0C000C9104FF05C015E002C010911030188361
:10EB1C001881089521971091072F112309F01FEFE9
:10EB2C001123C1F0CADF22961883012F1091032FF5
:10EB3C00011781F018811093032F1093103010E4FB
:10EB4C0010937D3210E01093F9300E94A9291DE03A
:10EB5C0010930606089517E60E94F9D810931B2D02
:10EB6C00ECE0F0E0FA93EA9310E010831FE51A93BF
:10EB7C0010810881011728F1EBE2F8E01127EC0D68
:10EB8C00F11F0E943EDBE12EECE1FDE21127EC0DC2
:10EB9C00F11FE082ECE7FDE21127EC0DF11FEF9382
:10EBAC00FF93E7EDFAE0EC0DF11F0E943EDBFF91C5
:10EBBC00EF911083E981FA81108113951083112351
:10EBCC00C1F62396ECE0F0E0FA93EA9310E01083A0
:10EBDC001FE11A93108108810117B8F0ECEDFDE2EA
:10EBEC001127EC0DF11FEF93FF93E7E3FBE0EC0D26
:10EBFC00F11F0E943EDBFF91EF911083E981FA81B6
:10EC0C00108113951083112331F72396ECE0F0E07B
:10EC1C00FA93EA9310E0108315E01A93108108819F
:10EC2C000117D0F01C2D105A0E94F9D8112369F04D
:10EC3C00E4E1FDE21127EC0DF11F1FEF1083CF93E0
:10EC4C00DF93CA92D2DDDF91CF91E981FA811081F5
:10EC5C0013951083112319F7239610911B2D112353
:10EC6C0009F01FEF1123A1F0CF93DF9318E0612A75
:10EC7C0008E719ED1A930A93EBEDF9EC0E94E9DC25
:10EC8C001DE00E94B7DF1AE00E94B7DFDF91CF9141
:10EC9C000E94D8302196AEE3B8E310E0E0E1F0E05A
:10ECAC0031960000319711F01D93FCCFAEE2B8E322
:10ECBC0010E0E0E1F0E031960000319711F01D9387
:10ECCC00FCCFAEE5B8E310E0E0E6F0E031960000F2
:10ECDC00319711F01D93FCCFAEEBB8E310E0E0E6FA
:10ECEC00F0E031960000319711F01D93FCCFCF93DB
:10ECFC00DF93B4DDDF91CF911091072F112309F031
:10ED0C001FEF112351F01091F930103011F41FEF57
:10ED1C0002C0D3DE22961093032FCF93DF930CDD2A
:10ED2C00DF91CF910895E8ECFFE2EF93FF933196DA
:10ED3C00FA93EA931FE01A9317EF61221FEB6122FB
:10ED4C00E8E0F1E30E94F5DC1FE00881101BFF9165
:10ED5C00EF911083239610915C07123061F414E04C
:10ED6C0008EA1A930A9310E000E11A930A930E949E
:10ED7C00484026960DC0143011F0133049F414E0BD
:10ED8C0008EA1A930A9310E11A930E94F32E2B9619
:10ED9C00A8ECBFE210E0E0E1F0E031960000319722
:10EDAC0011F01D93FCCF089525970E811F81113012
:10EDBC0009F40F3E11F008F00BC10E811F810851B0
:10EDCC001C4F1C830B83E8E0FFE20E811F81E00FD8
:10EDDC00F11F10811883E4E9F8E00E811F81E00F28
:10EDEC00F11F11911A831D81183091F410915C0759
:10EDFC00133069F40B811C811A930A931A811A93AC
:10EE0C000E94642F279610E005E00E94F5DAD9C025
:10EE1C00143029F0103419F0103809F0AFC01091EB
:10EE2C005C07103009F078C010917A30113009F07D
:10EE3C0081C00E811F81689462F8A0E0B0E05FEFA2
:10EE4C000E9401E25523BAF4A8E0B0E055270E94D5
:10EE5C0001E2552382F0EE801E2D09E00E9407E0AE
:10EE6C001F9318810FE00E940BE00F91100F198374
:10EE7C0010E000ED21C0689462F8A0E1B0E05FEF13
:10EE8C000E9401E2552312F5A8E1B0E055270E943B
:10EE9C0001E25523DAF01E811051E12E1E2D09E0FE
:10EEAC000E9407E01F9318810FE00E940BE00F9166
:10EEBC00100F198310E001ED1F830E831A930A9330
:10EECC001B811A930E94F33E29967BC0113091F559
:10EEDC00083081F510911030169500E20E9407E081
:10EEEC00105EE12E10E003ED1F830E831A930A933C
:10EEFC00EA920E94F33E29960091103000FF03C065
:10EF0C001FE7E12E01C0EE2410E007ED1F830E83F6
:10EF1C001A930A93EA92D6CF143051F40B811C81C8
:10EF2C001A930A931A811A930E94642F279602C08F
:10EF3C00113031F40E811F811A930A931A81C1CFBB
:10EF4C00123061F40B811C811A930A930A811127E8
:10EF5C001A930A930E94324024960BC0133089F501
:10EF6C000B811C811A930A931A811A930E94642FA5
:10EF7C00279610E005E00E94F5DA23C0103109F560
:10EF8C0010915C07123061F40B811C811A930A9367
:10EF9C000A8111271A930A930E943240249611C0B9
:10EFAC00143011F0133051F40B811C811A930A9315
:10EFBC001A811A930E94642F279603C01A8110930A
:10EFCC0006061D81123021F018F01FEF1093030676
:10EFDC00089524970D811127198308830C8111271B
:10EFEC001B830A83005410401B830A831D81103439
:10EFFC0028F4A881B981AF93BF930BC00881198104
:10F00C000F931F93019509F41A95109501581F4FF2
:10F01C00D8010A811B81689465F80E941AE0D80116
:10F02C0020E430E0689465F80E943CE03F912F9119
:10F03C00020F131F19830883102F08950E94D830D4
:10F04C00219608950E94744ECF93DF93B1D0DF9137
:10F05C00CF910E94D24B2296CF93DF93D3D2DF91E4
:10F06C00CF9108950E94744E08950E94D453239614
:10F07C0008950E94034E08950E94244F23960895EC
:10F08C0010E010931B3A0E9449471091070611306B
:10F09C0019F41FEF10930306089510E010931C3A17
:10F0AC000E94D24B229610910706123019F41FEFD2
:10F0BC0010930306089510E010931E3A0E94294DF8
:10F0CC0010910706133019F41FEF109303060895DF
:10F0DC0010E010931D3ACF93DF93EDDFDF91CF91CA
:10F0EC00089510E01093213A0E94164922960E942E
:10F0FC0049470E94C24927960E94D24B22960895F6
:10F10C00EFEFF9E310E010830E945D4F249610910D
:10F11C0090301A930E947F5222960E94C04F2496E0
:10F12C0008950E948151249608950E94FE552296BE
:10F13C00089522970E94A9290E94FE5522960895AF
:10F14C000895E8EFF9E310E011930E94A9420895A5
:10F15C000E94A94208950E94A9420895229710E0A6
:10F16C0000E819830883D801B03009F4A33809F0FA
:10F17C0088F4088119811A930A9310E41A9314DE07
:10F18C002896A881B9811196A883B983BB2361F70E
:10F19C00AA2351F7CF93DF930BD0DF91CF91089532
:10F1AC00CF93DF9305D0DF91CF910E94EE48089565
:10F1BC000E940B480E94C24927960E944947089515
:10F1CC0010E01093023A0E94744ECF93DF93F0DF5D
:10F1DC00DF91CF910E94D24B2296CF93DF9312D224
:10F1EC00DF91CF910895089510E01093053A0E9495
:10F1FC005D4D2196CF93DF9305D2DF91CF9108958A
:10F20C00219710918F2F112309F01FEF1F9310914D
:10F21C008E2F112309F01FEF0F91102318831F93CA
:10F22C0048E331E00E9476D80F91002311F010686A
:10F23C0001C01F7748E331E00E946ED818811F93FC
:10F24C0049E30E9476D80F91002311F0186001C099
:10F25C00177F49E331E00E946ED810918E2F112355
:10F26C0009F01FEF1F9310918F2F112309F01FEF3F
:10F27C0010950F91102318831F9348E331E00E94DF
:10F28C0076D80F91002311F0106401C01F7B48E366
:10F29C0031E00E946ED818811F9349E30E9476D802
:10F2AC000F91002311F0146001C01B7F49E331E082
:10F2BC000E946ED80E947C41089510E01093143A7D
:10F2CC00CF93DF9310917A301A930E94A62CDF9182
:10F2DC00CF910E94453E089510E01093183AECE04F
:10F2EC00F0E0FA93EA9310E0108317E51A9310817B
:10F2FC0008810117E8F0E1E1F7E31127EC0DF11FAC
:10F30C00E0801E2D153529F0103719F0133709F050
:10F31C00163739F4E1E9F6E31127EC0DF11F1FEF75
:10F32C001083E981FA81108113951083112301F761
:10F33C0023963ED22196CF93DF9364D1DF91CF9168
:10F34C00089510E010930A3A00917D30000F000FE1
:10F35C00000F000FD0907830D02A15E30FE71A93E6
:10F36C000A93DA920E940C402396CF93DF934AD1F2
:10F37C00DF91CF911FEF1093F007089509811A8147
:10F38C00005B1A4C1A930A931A811A930E940C4030
:10F39C00239609811A8100591A4C1A930A931FE774
:10F3AC001A930E940C4023961091EA39112309F00C
:10F3BC001FEF1095F1F0EEE5F7E009811A81E00FEF
:10F3CC00F11FEF93FF93EEE5F7E0E00FF11F1081D3
:10F3DC00112309F01FEF1F9310915C07113009F0F6
:10F3EC00133010E009F41FEF0F91102BFF91EF91E8
:10F3FC001083089510E000E01A930A931091E82FFF
:10F40C001A93BCDF2396089510E004E01A930A9334
:10F41C001091EB2F1A93B2DF2396089510E01093FE
:10F42C000D3A15E300E31A930A931091EA2F1A93FD
:10F43C000E940C40239615E300E61A930A93109150
:10F44C00E92F1A930E940C40239610910108112366
:10F45C0009F01FEF1123E1F015E304E21A930A936C
:10F46C001091EE2F175C1A930E940C40239615E313
:10F47C0004E31A930A931091ED2F1A930E940C40F7
:10F48C00239615E304E61A930A931091EC2F05C00A
:10F49C0015E304E61A930A9310E01A930E940C40A9
:10F4AC002396089510E001E01A930A931091F02F1F
:10F4BC001A9364DF2396089510E005E01A930A93DB
:10F4CC001091F32F1A935ADF2396089510E010939E
:10F4DC000B3A15E301E31A930A931091F22F1A9346
:10F4EC000E940C40239615E301E61A930A9310919F
:10F4FC00F12F1A930E940C402396109101081123AE
:10F50C0009F01FEF1123E1F015E305E21A930A93BA
:10F51C001091F62F175C1A930E940C40239615E35A
:10F52C0005E31A930A931091F52F1A930E940C403D
:10F53C00239615E305E61A930A931091F42F05C050
:10F54C0015E305E61A930A9310E01A930E940C40F7
:10F55C002396089510E002E01A930A931091F82F65
:10F56C001A930CDF2396089510E006E01A930A9381
:10F57C001091FB2F1A9302DF2396089510E010933D
:10F58C000C3A15E302E31A930A931091FA2F1A938B
:10F59C000E940C40239615E302E61A930A931091ED
:10F5AC00F92F1A930E940C402396109101081123F5
:10F5BC0009F01FEF1123E1F015E306E21A930A9309
:10F5CC001091FE2F175C1A930E940C40239615E3A2
:10F5DC0006E31A930A931091FD2F1A930E940C4084
:10F5EC00239615E306E61A930A931091FC2F05C097
:10F5FC0015E306E61A930A9310E01A930E940C4046
:10F60C0023960895EAE1FAE310E0108310911D317E
:10F61C001A9314EB1A930E94BF2122961091902FEB
:10F62C00112309F01FEF112319F010E01A9337C0C2
:10F63C001091592F1A9314E61A931FE71A930E94EC
:10F64C00D7DA2396155ED12EDA9215E41A930E941E
:10F65C00052222960091FD3002FF18C01091592FFF
:10F66C001A9310E01A9311E21A930E941CE223964B
:10F67C0004E00E9407E000EF011B0F931091592F3B
:10F68C0005E00E940BE0DF90D11A08C01091592FB1
:10F69C0003E00E940BE006EE011BD02EDA9216E47A
:10F6AC001A930E94BF212296CF93DF931CD1DF9136
:10F6BC00CF911091F23016951695105AD12E15E364
:10F6CC0009E01A930A93DA920E940C40239615E3F0
:10F6DC0002E11A930A931FE71A930E940C40239697
:10F6EC0010915D2F1A931091872F1A9372DC269626
:10F6FC00D12E10919530112309F01FEF112399F0A1
:10F70C0010915A2F1A9312E21A9316E91A930E9427
:10F71C00E7212396DA9215E21A9316E91A930E94BE
:10F72C00E72123960EC010E01A9312E21A930E945E
:10F73C00BF21229610E01A9315E21A930E94BF2162
:10F74C00229610919630112309F01FEF112359F0D6
:10F75C0010915B2F1A9313E21A9316E91A930E94D5
:10F76C00E721239607C010E01A9313E21A930E9424
:10F77C00BF21229610917D3007E010271A931EE0CE
:10F78C001A930E94BF21229610918830103029F4D0
:10F79C000091622F1FEF101B01C01FEF1A9315E58C
:10F7AC001A930E94BF2122961FEF1093F007089521
:10F7BC002197E9E1FAE310E01083CF93DF9315E38F
:10F7CC000DE11A930A931091812F112309F01FEF69
:10F7DC001A930E940C40DF91CF911091782F1A93BD
:10F7EC001091842F1A93F5DB2696188315E304E108
:10F7FC001A930A931A811A930E940C40239615E3CC
:10F80C0005E11A930A931091792F1A930E940C40D8
:10F81C00239610917B2F1A931091852F1A93D9DB75
:10F82C002696188315E307E11A930A931A811A9303
:10F83C000E940C40239615E308E11A930A93109149
:10F84C007C2F1A930E940C40239615E309E11A931E
:10F85C000A9310917D2F16951A930E940C402396B3
:10F86C0010917E2F1A931091862F1A93B2DB269645
:10F87C00188315E30AE11A930A931A811A930E94CA
:10F88C000C40239615E30BE11A930A9310917F2FEA
:10F89C001A930E940C4023961091812F112309F08A
:10F8AC001FEF1123B1F015E306E11A930A9310919F
:10F8BC007A2F16951A930E940C40239615E30CE1AF
:10F8CC001A930A931091802F16951A930E940C404C
:10F8DC0023961091D4301A931091D5301A930E941C
:10F8EC0036502696089515E300E11A930A93109169
:10F8FC00582F1A930E940C4023961091582F1A934C
:10F90C001091F3301A931FE71A930E94D7DA2396BB
:10F91C00D12EEAEBFDEC1127ED0DF11F11E01BBF11
:10F92C0006911127000F111F0093293A10932A3AC0
:10F93C0008952C970091253A1091263AAFE0B0E04B
:10F94C00E89465F80E941AE098010091293A109108
:10F95C002A3A000F111F000F111F000F111F020F69
:10F96C00131FD80120E130E0E89465F80E943CE0D8
:10F97C000093253A1093263A1695079516950795F8
:10F98C00169507950093ED391093EE3920912D3A89
:10F99C0030912E3A131709F4021779F00091ED39D2
:10F9AC001091EE3900932D3A10932E3A1A930A9334
:10F9BC0018E41A930E942D2223961091F10711231B
:10F9CC0009F01FEF112321F000913F06000F02C038
:10F9DC000091EF0711270093273A1093283A0091D2
:10F9EC00233A1091243AA7E0B0E0E89465F80E941D
:10F9FC001AE00F93312F0091273A1091283A24E006
:10FA0C000E9476E12F91020F131FD80128E030E0FD
:10FA1C00E89465F80E943CE00093233A1093243A52
:10FA2C0024E00E945AE10093ED391093EE392091B5
:10FA3C002B3A30912C3A131709F4021710E009F005
:10FA4C001FEF18831123A1F00091ED391091EE39BD
:10FA5C0000932B3A10932C3A1091F107112309F0D3
:10FA6C001FEF109529F010912B3A16951093530611
:10FA7C0010912B3A1B871091602F105818871091FA
:10FA8C00F007112309F01FEF0881102B09F45CC15A
:10FA9C001B8516951A8710918830103009F079C0A3
:10FAAC001091632F1A931091612F1A9314E11A93EA
:10FABC000E94D7DA23961F93EAE3FFEC0A851127FD
:10FACC00E00FF11F11E01BBF169103E00E940BE049
:10FADC000F91100F1C83183C19F010F018EC1C83BC
:10FAEC001B85103218F41B8516950AC01B85105106
:10FAFC001A931FEF1A931FEE1A930E94D7DA2396CC
:10FB0C001F831091612F0AE00E940BE019871030BF
:10FB1C0081F019851F931F811A930A851FEF101B03
:10FB2C001A931FEF1A930E94D7DA23960F91100F96
:10FB3C001F831091642F1E831091652F1F931A93AE
:10FB4C0010915F2F1A9310E41A930E94D7DA239620
:10FB5C000F91100F1D831F3F10915F2F04E00E9427
:10FB6C000BE019870091662F100F19831F3319F0C2
:10FB7C0010F01FE3198309851091672F100F1A934A
:10FB8C001091612F1A9314E11A930E94D7DA2396DD
:10FB9C0011C01B851F831091632F1C831091642F40
:10FBAC001E831091652F110F1D831091662F1983E1
:10FBBC001091672F1B8310919730112309F01FEFC1
:10FBCC00112309F468C01091962F112309F01FEF2F
:10FBDC00112379F010E01A931DE21A930E94BF21B1
:10FBEC00229610E01A931EE21A930E94BF212296CD
:10FBFC002FC00091FD301FEF04FF11271F931091B0
:10FC0C000D30103010E009F41FEF0F91102389F024
:10FC1C0010915C2F1A931DE21A931EEB1A930E94FB
:10FC2C00E721239610E01A931EE21A930E94BF213B
:10FC3C000EC010E01A931DE21A930E94BF21229667
:10FC4C0010915C2F1A931EE21A930E94D2212296D5
:10FC5C001A811A9310915C2F1A9310E81A930E9430
:10FC6C00D7DA23961A830091FD3006FF12C010914B
:10FC7C005C2F1A9316E91A9314E61A930E94D7DA9A
:10FC8C0023961F931A8104E00E940BE00F91100F32
:10FC9C001A831A810FC010E01A931DE21A930E9466
:10FCAC00BF21229610E01A931EE21A930E94BF21E4
:10FCBC00229610E01A931FE21A930E94BF212296FB
:10FCCC001C811A9310E51A930E94BF2122961F8162
:10FCDC001A9311E51A930E94BF2122961B811A9345
:10FCEC0012E51A930E94BF2122961D811A9313E5E7
:10FCFC001A930E94BF21229618851A9314E51A9321
:10FD0C000E94BF21229619811A9317E51A930E941B
:10FD1C00BF2122961E811A9318E51A930E94BF21C7
:10FD2C0022961091B52F112309F01FEF112311F01A
:10FD3C0011E001C010E01A9319E51A930E94BF213B
:10FD4C00229610E01093F0070895229710911D3120
:10FD5C001A9314EB1A930E94BF21229610E0109371
:10FD6C00083A1091243119831A931BEB1A930E94B1
:10FD7C00BF2122961091D1301695185D18830091F1
:10FD8C004931100F198310934A311A9311EE1A93BB
:10FD9C000E94BF21229600914B311881100F1983BC
:10FDAC0010934C311A9313EE1A930E94BF21229692
:10FDBC0000914D311881100F198310934E311A9305
:10FDCC0015EE1A930E94BF21229600914F31188193
:10FDDC00100F1983109350311A9317EE1A930E9437
:10FDEC00BF2122961091D2301034D0F0EFE1F1E324
:10FDFC0010811A930091D23010E8101B1A9310E462
:10FE0C001A930E94D7DA239619831A9316EB1A9336
:10FE1C000E94BF21229610911E311A9315EB17C028
:10FE2C00EEE1F1E310811A931091D2301A9310E4A1
:10FE3C001A930E94D7DA239619831A9315EB1A9307
:10FE4C000E94BF21229610911F311A9316EB1A9320
:10FE5C000E94BF212296EFE2F1E310811A931091D8
:10FE6C00D0301A9310E81A930E94D7DA239619838C
:10FE7C001A9316EC1A930E94BF21229619811A9399
:10FE8C0017EC1A930E94BF212296E4E3F1E3108150
:10FE9C001A931091D0301A9310E81A930E94D7DA63
:10FEAC00239619831A931BEC1A930E94BF21229656
:10FEBC000895219710E0109326380E94982A1091EB
:10FECC00FF30123048F110912006112309F01FEF7A
:10FEDC00112349F00E94AB5825960E94175A22967E
:10FEEC000E94AA5D43C01091FF30123039F410E02B
:10FEFC0005E00E94F5DA0E94AB5825960E94675DDA
:10FF0C0010E01A930E948A5D2196109115301A9375
:10FF1C000E94846421962AC010917231103010E036
:10FF2C0009F41FEF1F9300917231109101310117E9
:10FF3C0010E009F41FEF0F91102B1883109120067D
:10FF4C00112309F01FEF109561F01881112311F0A6
:10FF5C000E94D563109115301A930E9484642196E7
:10FF6C0005C01881109511F00E94A6630E940B48E1
:10FF7C0010E01A93109115301A930E944D4122965D
:10FF8C0011E00DE01A930A9314E01A930E94DA76AA
:10FF9C00289610915C07123061F413E008EE1A9366
:10FFAC000A9310E00CE01A930A930E94484026969C
:10FFBC000DC0143011F0133049F413E008EE1A930D
:10FFCC000A931CE01A930E94F32E2B961091EA3997
:10FFDC00112309F01FEF109519F011E0109305068D
:10FFEC0010E010938232109115301093723110E0A2
:10FFFC00109315061FEF1093140610E0109345068E
:020000021000EC
:10000C000E9449470895219710E0109327380E94C9
:10001C00982A1091FF30123048F1109121061123CB
:10002C0009F01FEF112349F00E94AB5825960E944E
:10003C00175A22960E94B35D43C01091FF301230C4
:10004C0039F410E005E00E94F5DA0E94AB582596D1
:10005C000E94705D10E01A930E948A5D21961091A7
:10006C0016301A930E94DC6421962AC010917331C9
:10007C00103010E009F41FEF1F93009173311091B1
:10008C000131011710E009F41FEF0F91102B1883A9
:10009C0010912106112309F01FEF109561F01881C2
:1000AC00112311F00E940D64109116301A930E94C6
:1000BC00DC64219605C01881109511F00E94DE6356
:1000CC0011E01A93109116301A930E944D4122960A
:1000DC0011E00EE01A930A9314E01A930E94DA7658
:1000EC00289610915C07123061F413E008EF1A9314
:1000FC000A9310E00CE01A930A930E94484026964B
:10010C000DC0143011F0133049F413E008EF1A93BA
:10011C000A931CE01A930E94F32E2B961091EA3945
:10012C00112309F01FEF109519F012E0109305063A
:10013C0010E010938332109116301093733110E04D
:10014C00109316061FEF109314060E94D24B2296A2
:10015C000895229710911730103010E009F41FEF1A
:10016C0018831091FF301230A0F01881112319F070
:10017C000E94BC5D29C0109117301A930E943465FF
:10018C0021960E94795D10E01A930E948A5D219657
:10019C001BC010917431103010E009F41FEF19835B
:1001AC001881109561F01981112311F00E9473646C
:1001BC00109117301A930E943465219605C019814D
:1001CC00109511F00E94166412E01A9310911730DA
:1001DC001A930E944D41229611E00FE01A930A9354
:1001EC0014E01A930E94DA76289610915C0712306C
:1001FC00B9F414E008E01A930A9310E00CE01A9397
:10020C000A930E944840269614E000E31A930A933E
:10021C0010E004E01A930A930E944840269615C0F9
:10022C00143011F0133089F414E008E01A930A9397
:10023C001CE01A930E94F32E2B9614E000E31A9301
:10024C000A931A930E94F32E2B961091EA391123DC
:10025C0009F01FEF109519F013E01093050610E04C
:10026C0010938432109117301093743110E0109366
:10027C0017061FEF109314060E94294D089521971D
:10028C0010919A2F112309F01FEF1F931091992FA2
:10029C00112309F01FEF0F91102311F016E035C058
:1002AC0010919A2F112309F01FEF1F9310919B2F80
:1002BC00112309F01FEF0F91102311F017E025C047
:1002CC001091982F112309F01FEF112311F012E058
:1002DC001CC01091992F112309F01FEF112311F05D
:1002EC0013E013C010919A2F112309F01FEF112363
:1002FC0011F014E00AC010919B2F112309F01FEF8D
:10030C00112311F015E001C010E018831A930E941C
:10031C00BC2D21960E94D453239608951091010868
:10032C00112309F01FEF109561F0109111301A9301
:10033C0010E01A9313E01A930E941CE22396109378
:10034C00113010915C07113010E009F41FEF1F936E
:10035C001091113012301FEF10F009F011270F918E
:10036C001023F1F010E01093883014E01093F53264
:10037C0010E01093482F14E01093B53110E0109357
:10038C00492F14E01093B6311FE710934A2F14E055
:10039C001093B73110E410934C2F14E01093B93133
:1003AC0011E009E01A930A9314E01A930E94DA768A
:1003BC00289611E005E01A930A9314E01A930E9410
:1003CC00DA762896109111301A930E94155F2B96AD
:1003DC00089510910108112309F01FEF109561F099
:1003EC00109112301A9310E01A9315E01A930E9490
:1003FC001CE223961093123011E00AE01A930A9330
:10040C0014E01A930E94DA762896109112301A93FF
:10041C000E949D5E2296109112301A930E941442F3
:10042C0023960E94694291DC22960895229710919E
:10043C005C07113009F065C010910D30123079F461
:10044C0013E01A9312E71A9315E01A930E94FF40D7
:10045C00239613E01A9311E71A9310E030C013306F
:10046C0079F413E01A9312E71A9312E01A930E948C
:10047C00FF40239613E01A9311E71A9312E01FC062
:10048C00143079F413E01A9312E71A9313E01A93C9
:10049C000E94FF40239613E01A9311E71A9313E07E
:1004AC000EC013E01A9312E71A9315E01A930E94E8
:1004BC00FF40239613E01A9311E71A9315E01A9351
:1004CC000E94FF4023961091882F112309F01FEFF3
:1004DC001F931091A62F112309F01FEF0F91102BD2
:1004EC0031F013E01A9310E71A9312E005C013E0F1
:1004FC001A9310E71A9315E01A930E94FF40239663
:10050C002DC110915C07133009F028C1CF93DF93F4
:10051C0018E0612A08E719ED1A930A931DE00E946E
:10052C00B7DF1AE00E94B7DFDF91CF9110E005E052
:10053C000E94F5DA10910D30123008F4D0C014E09E
:10054C0008E119830883D801E0E8BE27B43809F420
:10055C00AB3111F008F07DC0CF93DF9318E0612A26
:10056C0008E719ED1A930A93EDEEF9EC0E94E9DC19
:10057C000A811B81CF93DF931A930A9310E01A938D
:10058C0010E01A9310E21A93689463F8689465F873
:10059C00E89474F875F80E9438DFDF91CF91E5EF9D
:1005AC00F9EC0E94E9DCDF91CF9110910D30123003
:1005BC0059F4CF93DF9318E0612A08E719ED1A93E9
:1005CC000A93EDEFF9EC1AC0133019F5A881A0FFCE
:1005DC000BC0CF93DF9318E0612A08E719ED1A934B
:1005EC000A93E3E0FAEC0AC0CF93DF9318E0612A98
:1005FC0008E719ED1A930A93EAE0FAEC0E94E9DC99
:10060C001DE00E94B7DF1AE00E94B7DFDF91CF91A7
:10061C0016C01430A1F4CF93DF9318E0612A08E7D9
:10062C0019ED1A930A93E1E1FAEC0E94E9DC1DE062
:10063C000E94B7DF1AE00E94B7DFDF91CF91A8814B
:10064C00B9811196A883B983B03811F4A03009F0A0
:10065C007BCF10E005E00E94F5DACF93DF9318E032
:10066C00612A08E719ED1A930A93EAE1FAEC0E9461
:10067C00E9DCDF91CF9110910D30133059F4CF9309
:10068C00DF9318E0612A08E719ED1A930A93E3E067
:10069C00FAEC17C0143059F4CF93DF9318E0612AA9
:1006AC0008E719ED1A930A93E1E1FAEC0AC0CF932B
:1006BC00DF9318E0612A08E719ED1A930A93EAE030
:1006CC00FAEC0E94E9DC1DE00E94B7DF1AE00E9400
:1006DC00B7DFDF91CF9110E005E00E94F5DACF9300
:1006EC00DF9318E0612A08E719ED1A930A93E0E307
:1006FC00FAEC0E94E9DCDF91CF911091882F112345
:10070C0009F01FEF1F931091A62F112309F01FEF73
:10071C000F91102B59F0CF93DF9318E0612A08E763
:10072C0019ED1A930A93E3E0FAEC0AC0CF93DF9326
:10073C0018E0612A08E719ED1A930A93EAE0FAEC3B
:10074C000E94E9DC1DE00E94B7DF1AE00E94B7DFCF
:10075C00DF91CF9110E005E00E94F5DA0895E8E012
:10076C00FFE20B811C81E00FF11FE0801A81112345
:10077C00D9F01981112359F0ECEDFFED0B811C819F
:10078C00E00FF11F11E01BBF7691E71608F4E3941C
:10079C001091F039112309F01FEF112309F0EE2409
:1007AC001FEF1093EF3912C01981112319F070E06B
:1007BC007E1508F4EA941091EF39112309F01FEF1C
:1007CC00112309F0EE241FEF1093F039E8E0FFE25B
:1007DC000B811C81E00FF11FE082E5E7F1E30B8157
:1007EC001C81E00FF11F188110831FEF109303067B
:1007FC000895E2E0F1ED098106951127E00FF11F54
:10080C0011E01BBFD690E8EEFFE21127ED0DF11FB2
:10081C00E080A981A0FF10C07EE7E71608F4E394FE
:10082C001091F039112309F01FEF112309F0EE2478
:10083C001FEF1093EF390FC070E07E1508F4EA94A7
:10084C001091EF39112309F01FEF112309F0EE2459
:10085C001FEF1093F039E8EEFFE21127ED0DF11FB9
:10086C00E082E5E5F2E31127ED0DF11F188110830D
:10087C001BE41093F2051FEF1093030608952497C1
:10088C0010E01A831E30C8F5E5E3F2E30A81112764
:10089C00E00FF11F10811B83103051F1E2EFF0EDEE
:1008AC000A8106951127000F111FE00FF11F01E0BF
:1008BC000BBF0791169119830883CF93DF9319818E
:1008CC001A930A93AC811127A0FD1FEF1A930B8189
:1008DC001C81113009F40B3810E009F01FEF1A934A
:1008EC001F811A933CDFDF91CF911BE41093F2052B
:1008FC001A8113951A83112329F6A8ECBFE210E094
:10090C00E0E1F0E031960000319711F01D93FCCF3F
:10091C00A5E3B2E310E0E0E1F0E03196000031979E
:10092C0011F01D93FCCF089510E01093EF39109344
:10093C00F0391093F1391093F23908950E94FF2980
:10094C000E94FE55229611E008E01A930A931A8130
:10095C001A930E94DA76289610E010937D3208954F
:10096C0021971091DF2F112309F01FEF1883ACEDA5
:10097C00BFE210E0E6E0F0E031960000319711F0B4
:10098C001D93FCCFA9E4B2E310E0E6E0F0E0319671
:10099C000000319711F01D93FCCF1091F9301330FA
:1009AC0019F018811093DF2F089510E010931B0697
:1009BC0011E00CE01A930A93109181321A930E9461
:1009CC00DA76289610911430103009F046C0109148
:1009DC007131103031F0CF93DF930E94F661DF91CB
:1009EC00CF911091FF30123058F063DA21960BDB67
:1009FC002196AFDB22961FEF1A930E948A5D2196F7
:100A0C001091FF30113019F010F00E944C5DCF9313
:100A1C00DF930E94A273DF91CF9110E01093150623
:100A2C001093160610931706E8E0F1E3EF93FF938B
:100A3C003196FA93EA931FE01A9317EF61221FEB9A
:100A4C006122EBE3F6EC0E94E9DC0FE01881011B5C
:100A5C00FF91EF91008323966DC01091713110308E
:100A6C0011F40E943E62009114301127005E1C4F5D
:100A7C001A930A9312E000E01A930A930E941C2620
:100A8C0024961091131F153A10E009F41FEF1F93D1
:100A9C001091121F1F3110E008F01FEF0F9110235F
:100AAC0091F0E8E0F1E3EF93FF933196FA93EA9338
:100ABC001FE01A9317EF61221FEB6122E4EDFDE1B9
:100ACC000E94F5DC11C0E8E0F1E3EF93FF9331965F
:100ADC00FA93EA931FE01A9317EF61221FEB61223E
:100AEC00E8E4F6EC0E94E9DC0FE01881011BFF91B1
:100AFC00EF9100832396CF93DF930E94BB5FDF912E
:100B0C00CF911FEF1093150610931606109317062E
:100B1C001091FF30113071F068F00E94AB5825969F
:100B2C000E94175A229610E01A930E948A5D219611
:100B3C000E944C5D10915C07133059F5CF93DF93F5
:100B4C0018E0612A08E719ED1A930A931DE00E9438
:100B5C00B7DF1AE00E94B7DFDF91CF91CF93DF931D
:100B6C0018E0612A08E719ED1A930A93E7E4FAEC06
:100B7C000E94E9DCE8E0F1E30E94F5DC12E20E945D
:100B8C00B7DF1DE00E94B7DF1AE00E94B7DFDF91EC
:100B9C00CF91CF93DF930E949976DF91CF911091F3
:100BAC001332103029F0CF93DF9340DCDF91CF91DB
:100BBC0010E01A9310917E301A93109114301A93FE
:100BCC000E94FF40239610915C07133011F40E9491
:100BDC009A3E10E0109314061093450610911430B1
:100BEC001093713110E01093813210937B3210937B
:100BFC007C320E94A9290E94F22A10E0109304066C
:100C0C000895289710911806112309F01FEF1095DD
:100C1C001F9310918132113010E011F008F01FEF8A
:100C2C000F91102321F01FEF1093EA39BEDE10E074
:100C3C001F8310914F32103069F0109112061395EA
:100C4C0010931206123021F018F010E010931206D7
:100C5C001FEF1F8310915032103019F010E01093D9
:100C6C00120610915132103059F0109112061130B9
:100C7C0011F410E001C011E0109312061FEF1F8356
:100C8C0010915232103059F010911206123011F4AA
:100C9C0010E001C012E0109312061FEF1F831F819A
:100CAC001123A9F0BFE2A2EE10E0E4E0F0E03196EF
:100CBC000000319711F01D93FCCFE2EEFFE20091A2
:100CCC0012060F5F1127E00FF11F1FEF119310E0B9
:100CDC001E8310917E32103001F1CF93DF931EDB17
:100CEC00DF91CF9111E009E01A930A9310917E32B3
:100CFC001A930E94DA76289610E010937E3214E054
:100D0C0010937A32ADE0B2E310E0E4E0F0E031961B
:100D1C000000319711F01D93FCCF10917F321030F1
:100D2C0091F0CF93DF9355DBDF91CF9111E00AE087
:100D3C001A930A9310917F321A930E94DA762896AE
:100D4C0010E010937F3210910D32103081F0109121
:100D5C000D3210937A321091A02F112309F01FEF4E
:100D6C00112311F011E001C010E010930D3010911F
:100D7C000E32103081F010910E3210937A321091A5
:100D8C00A12F112309F01FEF112311F012E001C064
:100D9C0010E010930D3010910F32103081F0109143
:100DAC000F3210937A321091A22F112309F01FEFFA
:100DBC00112311F013E001C010E010930D301091CD
:100DCC001032103081F01091103210937A32109151
:100DDC00A32F112309F01FEF112311F014E001C010
:100DEC0010E010930D3010917A32103009F463C07A
:100DFC00A0EABFE210E0E4E0F0E0319600003197A9
:100E0C0011F01D93FCCF10910D30113050F0E0EA31
:100E1C00FFE200910D3001501127E00FF11F1FEF81
:100E2C001083EBEEF9E3FA93EA9310E008E91183EF
:100E3C00008310E00BE91A930A93A081B1812881F9
:100E4C003981B31709F4A21709F0B8F40091EB3902
:100E5C001091EC391A930A9310917A321A930E94DA
:100E6C00DA762896EA81FB81A081B1811196A08364
:100E7C00B183BB2321F7AA2311F72496ADE0B2E38B
:100E8C0010E0E4E0F0E031960000319711F01D9392
:100E9C00FCCF11E005E01A930A9310917A321A9361
:100EAC000E94DA7628961FEF1E830E94782D2496D6
:100EBC001FEF109303061091F607112309F01FEF93
:100ECC001F8310910D30103010E009F41FEF1F93A9
:100EDC0010917230112309F01FEF0F9110231C8316
:100EEC0010911530103010E009F41FEF1F93109182
:100EFC001430103010E009F01FEF0F91102B1B83F2
:100F0C0010951A830C8110231F9310914506112301
:100F1C0009F01FEF0F91102B1F93109126381123FE
:100F2C0009F01FEF0F91102B1093F607112309F006
:100F3C001FEF012F1F81011729F011E01093DF32F1
:100F4C001093F5311091F707112309F01FEF1F8350
:100F5C0010916D30112309F01FEF012F1B8110230D
:100F6C00012F1C8110231093F707109152061123A7
:100F7C0009F01FEF112319F010E01093F7071091EF
:100F8C00F707112309F01FEF012F1F81011729F01B
:100F9C0011E01093DF321093F53110917B32103049
:100FAC00C1F00E94312910E000E81A930A9310E076
:100FBC0004E01A930A9310917B321A930E94261E16
:100FCC00279610E010937B321FEF1E8310930306BD
:100FDC0017C01091F5310091F631012B1091F731BA
:100FEC00102B012F1091F831102B103049F00E946A
:100FFC005B2910E410937B321FEF1E8310930306C2
:10100C0010917C321030B1F000910F301FEF00FFC7
:10101C0011271093942F1FEF01FF11271093952F79
:10102C0010917C3210930132109302321FEF109307
:10103C00030618C00091013210910232102B1030AF
:10104C0089F00E94902911E007E01A930A9310E4AA
:10105C001A930E94DA76289610E410937C321FEFD4
:10106C001093030610914C32103010E009F01FEF72
:10107C001F931091F930133010E009F01FEF0F910E
:10108C00102329F010914C321A9358DC21961091B0
:10109C00F930113099F5109149321030A9F01FEF49
:1010AC001093DC2F1091F239112309F01FEF1093DC
:1010BC00DD2F1FEF1093F139109149321A933EDC5A
:1010CC0021961BE41093F20510914A321030A9F0CE
:1010DC001FEF1093DD2F1091F139112309F01FEF41
:1010EC001093DC2F1FEF1093F23910914A321A93A0
:1010FC0025DC21961BE41093F2054AC0123021F531
:10110C0010E01883133008F043C0E9E4F2E30881DF
:10111C001127E00FF11F11911983103079F020DCA9
:10112C002196ECEDFFE208811127E00FF11F1FEF74
:10113C00119319811A9302DC21962AC018811395F8
:10114C0018831123F9F624C0133011F510E018831D
:10115C001630F0F4E9E4F2E308811127E00FF11FF7
:10116C0011911983103079F0FBDB2196ECEDFFE245
:10117C0008811127E00FF11F1FEF119319811A93AA
:10118C00DDDB219605C0188113951883112301F717
:10119C00AEEFB0E30C9103FF1FC01091FC31103087
:1011AC0061F010918F2F112309F01FEF10939E2FD8
:1011BC001091FC3110930B320FC010910B32103088
:1011CC0059F010919E2F112309F01FEF10938F2FC0
:1011DC0010910B321093FC3110911332103010E03F
:1011EC0009F01FEF0E81102B29F0CF93DF931ED93E
:1011FC00DF91CF9108952497CF93DF9302DDDF9198
:10120C00CF91A4EFB9E310E0EFE2F0E031960000EB
:10121C00319711F01D93FCCFEBEEF9E3FA93EA93BF
:10122C0010E000E01183008311E00FEE1A930A9393
:10123C00A081B18128813981B31709F4A21711F06B
:10124C0008F047C0E5E7F1E30091EB391091EC3978
:10125C00E00FF11F10811F83103079F11F811130C5
:10126C0061F058F00091EB391091EC391A930A9314
:10127C0019851A930E94DA762896ECE0F8EE009124
:10128C00EB391091EC39E00FF11F11E01BBF1691F7
:10129C001E831E3240F4E4EFF9E30E811127E00FB8
:1012AC00F11F1FEF1083E5E7F1E30091EB3910918B
:1012BC00EC39E00FF11F10E01083EA81FB81A08173
:1012CC00B1811196A083B183BB2311F4AA2309F039
:1012DC00B1CF249610E01A831E3228F5E4EFF9E31F
:1012EC000A811127E00FF11F1081112309F01FEF64
:1012FC001123A1F0ECEFF9EE0A811127000F111F59
:10130C00E00FF11F01E00BBF0791169108831983C1
:10131C00F801CF93DF930995DF91CF911A81139543
:10132C001A831123C9F610E01093EA3910931806AA
:10133C000895229710E000E319830883D801E0E8B0
:10134C00BE27B13809F4AF3E09F0B8F5E0E5F4E09A
:10135C0008811981E00FF11F0E943EDBD12EDF9234
:10136C00ECEDFFED1981E00FF11F11E01BBF1691A1
:10137C000F91011791F088F0ECEDFFED08811981C8
:10138C00E00FF11F11E01BBFD690E0E5F4E01981EE
:10139C00E00FF11F1D2D0E941CDBE8E0FFE208812D
:1013AC001981E00FF11FD082A881B9811196A88311
:1013BC00B983B03821F6A03011F6ECE0F0E0FA93E6
:1013CC00EA9310E010831FE01A9310810881011733
:1013DC00B8F0E8EFF0E31127EC0DF11FEF93FF935A
:1013EC00E0E4F0E0EC0DF11F0E943EDBFF91EF9189
:1013FC001083E981FA81108113951083112331F741
:10140C002396ECE0F0E0FA93EA9310E0108317E1F6
:10141C001A93108108810117C0F0E9E5F1E3112757
:10142C00EC0DF11FEF93FF93E0E5F6E00C2DEC0DC6
:10143C00F11F0E943EDBFF91EF911083E981FA814D
:10144C00108113951083112329F723960E94BD65F3
:10145C00E8E0F1E3EF93FF933196FA93EA931FE000
:10146C001A9317EF61221FEB6122EBE3F6EC0E945B
:10147C00E9DC1FE00881101BFF91EF91108323968C
:10148C0010E010937F301091E93010934F061091BB
:10149C00E830109350061DE710933F0610E01093B0
:1014AC001506109316061093170610931406A4E154
:1014BC00B0E310E0E4E0F0E031960000319711F079
:1014CC001D93FCCF0E94F22A0E94A929A4E1BBE142
:1014DC00FFE2E8E020EF31E00E940DDBA7ECB3E384
:1014EC00FFE2E8E020EF31E00E940DDBA5E7B1E37D
:1014FC0010E0E1EFF1E00000319711F01D93FCCF0B
:10150C000895219710E010931D0610E01A930E9485
:10151C00502B2296112339F11AE51A9310E01A93E5
:10152C00FE013296FA93EA930E94142B2496CF93E1
:10153C00DF9318E0612A08E719ED1A930A93E7E59F
:10154C00FAEC0E94E9DC4A81689463F80E94ABDFF4
:10155C001DE00E94B7DF1AE00E94B7DFDF91CF9148
:10156C001FEF10931D0611E01A930E94502B229628
:10157C00112339F11BE51A9310E01A93FE013296F0
:10158C00FA93EA930E94142B2496CF93DF9318E0DE
:10159C00612A08E719ED1A930A93EAE6FAEC0E941D
:1015AC00E9DC4A81689463F80E94ABDF1DE00E947D
:1015BC00B7DF1AE00E94B7DFDF91CF911FEF1093D6
:1015CC001D0612E01A930E94502B2296112321F132
:1015DC001CE51A9310E01A93FE013296FA93EA93E3
:1015EC000E94142B2496CF93DF9318E0612A08E70E
:1015FC0019ED1A930A93EDE7FAEC0E94E9DC4A81A3
:10160C00689463F80E94ABDF1DE00E94B7DF1AE01C
:10161C000E94B7DFDF91CF9113E01A930E94502BF9
:10162C002296112321F11DE51A9310E01A93FE0165
:10163C003296FA93EA930E94142B2496CF93DF935D
:10164C0018E0612A08E719ED1A930A93E0E9FAEC1D
:10165C000E94E9DC4A81689463F80E94ABDF1DE0CC
:10166C000E94B7DF1AE00E94B7DFDF91CF91089597
:10167C00ECECF4E00E943EDB1F3FE1F4ECE0F0E028
:10168C00FA93EA9310E0108313E01A931081088107
:10169C00011778F0ECECF4E01127EC0DF11F10E4DD
:1016AC000E941CDBE981FA811081139510831123B0
:1016BC0071F72396EFEBFAE00E943EDB1F3710E048
:1016CC0011F008F01FEF1F93E7EAFAE00E943EDBEF
:1016DC001F3710E011F008F01FEF0F91102B09F4D9
:1016EC005EC0ECE0F0E0FA93EA9310E010831BE0AC
:1016FC001A9310810881011708F450C0E7EAFAE048
:10170C001127EC0DF11FEF93FF93E2ECF0EDEC0DD4
:10171C00F11F11E01BBF1691FF91EF910E941CDB92
:10172C00E3EBFAE01127EC0DF11FEF93FF93EEECD6
:10173C00F0EDEC0DF11F11E01BBF1691FF91EF9135
:10174C000E941CDBEFEBFAE01127EC0DF11FEF937D
:10175C00FF93EAEDF0EDEC0DF11F11E01BBF1691BC
:10176C00FF91EF910E941CDBEBECFAE01127EC0DE2
:10177C00F11FEF93FF93E6EEF0EDEC0DF11F11E08E
:10178C001BBF1691FF91EF910E941CDBE981FA813E
:10179C00108113951083112309F0ACCF2396E7E544
:1017AC00FBE00E943EDB1F30E9F0E0F0ECE0F0E003
:1017BC00FA93EA9310E010831FE01A9310810881CA
:1017CC00011778F0E7E5FBE01127EC0DF11F1C2D5C
:1017DC000E941CDBE981FA8110811395108311237F
:1017EC0071F72396E7E6FBE00E943EDB1F30E9F041
:1017FC00E0F0ECE0F0E0FA93EA9310E010831FE0E5
:10180C001A9310810881011778F0E7E6FBE01127A5
:10181C00EC0DF11F1C2D0E941CDBE981FA8110815B
:10182C0013951083112371F72396E3E4F0E00E94E3
:10183C003EDB1F3339F030F017E0E3E4F0E00E94B8
:10184C001CDB31960E94F920CF93DF9372DDDF9180
:10185C00CF910E94032D24960E94163710E010930E
:10186C0014301093813210E01093FF2E1093002F40
:10187C0013E000EB1A930A9310E01A9310E200E0C5
:10188C001A930A930E94F5262D960E94E44E10E0BE
:10189C001A9316EF1A930E94BF2122960E94B175DB
:1018AC000E94D0570E94E44E10E01A930E94BC2D67
:1018BC0021960E94782D24961FEF1093FF07139A00
:1018CC001091C935112309F01FEF112379F00E94F3
:1018DC007C410E94BD65CF93DF9393D9DF91CF916B
:1018EC000E94A94210E003E00E94F5DA0E94948164
:1018FC000E94EF810E94244F23960E945D4F2496F4
:10190C000E94C04F24960E94034E0E94FE552296C0
:10191C000E9481512496109190301A930E947F520C
:10192C0022960E94D45323960E94B5550E94AB7EFA
:10193C002296CF93DF9310917A301A930E94A62CA3
:10194C00DF91CF910E94F65D0E94AB5825960E94C4
:10195C00175A22961FEF1A930E948A5D21960E94B5
:10196C00845B27960E94744E0E945D4D21960E94C6
:10197C00DE7B21960E94087B0E949F7C2C960E9405
:10198C00D6780E94DE780E94D24B22960E94294D76
:10199C000E94D5630E940D640E9473640E943E6293
:1019AC00E8E0F1E3EF93FF933196FA93EA931FE0AB
:1019BC001A9317EF61221FEB6122EBE3F6EC0E9406
:1019CC00E9DC1FE00881101BFF91EF911083239637
:1019DC001FEF1093F0070E945B3E15E300E31A9390
:1019EC000A931091EA2F1A930E940C40239615E348
:1019FC0000E61A930A931091E92F1A930E940C4057
:101A0C00239610910108112309F01FEF1123E1F027
:101A1C0015E304E21A930A931091EE2F175C1A93B4
:101A2C000E940C40239615E304E31A930A93109139
:101A3C00ED2F1A930E940C40239615E304E61A939B
:101A4C000A931091EC2F05C015E304E61A930A9340
:101A5C0010E01A930E940C40239610E005E00E94BF
:101A6C00F5DA15E301E31A930A931091F22F1A9306
:101A7C000E940C40239615E301E61A930A931091E9
:101A8C00F12F1A930E940C402396109101081123F8
:101A9C0009F01FEF1123E1F015E305E21A930A9305
:101AAC001091F62F175C1A930E940C40239615E3A5
:101ABC0005E31A930A931091F52F1A930E940C4088
:101ACC00239615E305E61A930A931091F42F05C09B
:101ADC0015E305E61A930A9310E01A930E940C4042
:101AEC00239610E005E00E94F5DA15E302E31A9361
:101AFC000A931091FA2F1A930E940C40239615E327
:101B0C0002E61A930A931091F92F1A930E940C4033
:101B1C00239610910108112309F01FEF1123E1F016
:101B2C0015E306E21A930A931091FE2F175C1A9391
:101B3C000E940C40239615E306E31A930A93109126
:101B4C00FD2F1A930E940C40239615E306E61A9378
:101B5C000A931091FC2F05C015E306E61A930A931D
:101B6C0010E01A930E940C40239610E005E00E94AE
:101B7C00F5DA0E949A3E15E30EE71A930A931FE7D3
:101B8C001A930E940C40239610E009E1E0EFF5E077
:101B9C00B2E00E94A8E1109304061FEF1093050613
:101BAC00109306061FEF10930006ECE0F0E0FA939A
:101BBC00EA9310E0108313E01A9310810881011747
:101BCC0070F0E2E3F6E01127EC0DF11F1FEF10832C
:101BDC00E981FA81108113951083112379F72396EB
:101BEC000895229718E711B913E312B91BEB14B936
:101BFC001FE915B910E617B91FEF18B91CEF1AB980
:101C0C001CE71BB91CE51CBD10E01DBD5F981FEF48
:101C1C001A930E9426212196F8940091C100112755
:101C2C001093C10010E11093C40010E01093C50094
:101C3C000093C10067FC789410E8612A7894CF93E4
:101C4C00DF9318E0612A08E719ED1A930A931DE057
:101C5C000E94B7DF1AE00E94B7DFDF91CF91CF93DC
:101C6C00DF9318E0612A08E719ED1A930A93E3EA67
:101C7C00FAEC0E94E9DCDF91CF91CF93DF9318E06F
:101C8C00612A08E719ED1A930A93E3EBFAEC0E9428
:101C9C00E9DCDF91CF91CF93DF9318E0612A08E75D
:101CAC0019ED1A930A93EAE1F6EC0E94E9DCDF9154
:101CBC00CF91CF93DF9318E0612A08E719ED1A93BF
:101CCC000A93E4E2F6EC0E94E9DC1DE00E94B7DF27
:101CDC001AE00E94B7DFDF91CF910E9471D91123D6
:101CEC0021F00E9454D9C12EF8CF11E00E9404DBE0
:101CFC00E0E1F0E00E944CDB0F93B12F2F933F9368
:101D0C00E4E1F0E00E944CDBFF91EF91AF910A27E8
:101D1C001B272E273F2700938108109382082093BE
:101D2C0083083093840845980E949B3210E00AE0A7
:101D3C000E94F5DA459A18E30E946CD81093072F8D
:101D4C00112309F01FEF112359F010EC109548E303
:101D5C0033E00E946ED81FE348E331E00E946ED856
:101D6C0019E30E946CD81093062F112309F01FEF72
:101D7C00112359F01FEF109549E333E00E946ED800
:101D8C0010E049E331E00E946ED81AE30E946CD84F
:101D9C001093052F112309F01FEF112309F467C0CD
:101DAC0010E010954AE333E00E946ED81FEF4AE32F
:101DBC0031E00E946ED810E00AE00E94F5DA10E0E3
:101DCC0000E019830883E89477F842E618E1312F94
:101DDC00E89460F8FE01A2E0B0E050E00E9410D957
:101DEC0010E00AE00E94F5DA14E004E41983088399
:101DFC00E89477F842E618E1312FE89460F8FE0198
:101E0C00A2E0B0E050E00E9410D910E00AE00E947D
:101E1C00F5DA4AE330E00E9476D810951F73D12E84
:101E2C001D2D1A3241F410E01093052F10E010957F
:101E3C004AE333E009C01FEF10954AE333E00E94F8
:101E4C006ED81FEF4AE331E00E946ED810E000E03C
:101E5C0019830883E89477F842E618E1312FE89467
:101E6C0060F8FE01A2E0B0E050E00E9410D9CF93E0
:101E7C00DF9347DBDF91CF91CF93DF931FEF1A9363
:101E8C000E945922DF91CF91E0E1F0E00E944CDBFF
:101E9C000F931F932F933F93E8E1F0E00E944CDBEC
:101EAC00D801F9013F912F911F910F9140E8F42730
:101EBC0034273F1729F42E1719F41B1709F40A17A6
:101ECC0010E009F01FEF1F93E4E1F0E00E944CDBFF
:101EDC000F931F932F933F93ECE1F0E00E944CDBA8
:101EEC00D801F9013F912F911F910F9140E8F427F0
:101EFC0034273F1729F42E1719F41B1709F40A1766
:101F0C0010E009F01FEF0F91102B09F44BC00E9449
:101F1C00EA20CF93DF9318E0612A08E719ED1A93B2
:101F2C000A93E7EBFAEC0E94E9DC1DE00E94B7DFB4
:101F3C001AE00E94B7DFDF91CF911091042F11238B
:101F4C0009F01FEF112351F110E00E9422D810E08C
:101F5C001A9310E01A9310E01A930E940AD8239651
:101F6C000E94333110E01A9310E01A9311E01A9387
:101F7C000E940AD82396CF93DF9318E0612A06EFCC
:101F8C0017ED1A930A93E9ECFAEC0E94E9DCDF9165
:101F9C00CF911AE01A930E943021219617E000EDA0
:101FAC000E94F5DA11E010937B08EEE0F0E00E945D
:101FBC003EDB112361F010E0EEE0F0E00E941CDB50
:101FCC00EFE00E941CDB1AE5EEE40E941CDBEFE064
:101FDC00F0E00E943EDB112341F113E009EB1A9370
:101FEC000A9314E000E01A930A930E94B8272696ED
:101FFC00CF93DF9318E0612A08E719ED1A930A933F
:10200C00EAEDFAEC0E94E9DC1DE00E94B7DF1AE071
:10201C000E94B7DFDF91CF911AE5EEE4F0E00E9469
:10202C001CDB10E0EFE00E941CDB5F9AE4E2F0E0C6
:10203C000E9447DB193509F40030A8F519E500E0DA
:10204C00E4E2F0E098010E942CDB10E0ECEFF4E00D
:10205C000E941CDBEEEF0E941CDBEFEF0E941CDBEE
:10206C00EDE1F6E00E943EDB173049F040F013E062
:10207C00ECE1F6E00E941CDBEDE10E941CDBCF934F
:10208C00DF9318E0612A08E719ED1A930A93E1EF40
:10209C00FAEC0E94E9DC1DE00E94B7DF1AE00E9416
:1020AC00B7DFDF91CF91CF93DF93E2DADF91CF915E
:1020BC001091042F112309F01FEF112309F4C8C04C
:1020CC0010E01A9310E01A9311E01A930E940AD8A8
:1020DC002396CF93DF9318E0612A06EF17ED1A933E
:1020EC000A93E4E2F6EC0E94E9DCDF91CF9110E078
:1020FC000E942AD813E008EE0E94F5DA10E000E006
:10210C001A930A930E946A332296112319F10091B3
:10211C00FD0504FF1FC011E01A9316EF1A930E94DD
:10212C00BF21229610E004E60E94F5DA10E01A9323
:10213C0016EF1A930E94BF21229610E004E60E942B
:10214C00F5DA0E94A12B1091F807112309F01FEF6B
:10215C00109599F30E94DD32EBE4F8E0EF93FF93D6
:10216C003196FA93EA931FE11A9317EF61221FEB52
:10217C006122E8E2F0E00E94FEDC1FE10881101B06
:10218C00FF91EF911083239610E00E9422D8CF93F9
:10219C00DF9318E0612A06EF17ED1A930A93EBE42C
:1021AC00F8E00E94F5DCDF91CF9110E01A9310E07B
:1021BC001A9311E01A930E940AD8239612EF1A93DD
:1021CC000E94AA21219600938108109382082093E3
:1021DC00830830938408CF93DF9318E0612A06EFCD
:1021EC0017ED1A930A93E7E0FBEC0E94E9DCDF9110
:1021FC00CF9118E0612A06EF17ED1A930A9300911C
:10220C008108109182082091830830918408CF9323
:10221C00DF933A932A931A930A9310E01A9310E0DF
:10222C001A9310E21A93689463F8689465F8E8942A
:10223C0074F875F862F80E9449DDDF91CF9122960F
:10224C0010E20E94F6D714E01A930E9430212196D6
:10225C0016EE1093EF0710E01A930E942621219698
:10226C000E94D0570895EBE0F8E01FEB6122E89450
:10227C0061F800E00E940DDC009381081093820845
:10228C00209383083093840800937E0810937F0872
:10229C0000938508089510915C07113081F4CF9359
:1022AC00DF9313E01A931AE51A9310911806112371
:1022BC0009F01FEF1A930E944341DF91CF911091C7
:1022CC005C07133089F4CF93DF9316E008E61A937A
:1022DC000A9310911806112309F01FEF10741A932A
:1022EC000E94642FDF91CF9108952597A885B98519
:1022FC0028EE33E0689465F80E943CE08F0150783A
:10230C0009F001950C83A885B98524E630E0689422
:10231C0065F80E943CE08F01507809F00195102F70
:10232C000B830AE00E940BE00A8310E0EE81FF8130
:10233C00119308851985689462F8A4E8B3E05FEFFF
:10234C000E9441E25523CAF4A7E8B3E055270E9446
:10235C0041E2552392F0E4E1F0E30A811127E00F0A
:10236C00F11F1081EE81FF811083E1E7F1E30A8117
:10237C001127E00FF11F1FEF25C0689462F8A8EE3B
:10238C00B3E05FEF0E9441E25523F2F4A7EEB5E013
:10239C0055270E9441E25523BAF008851985085E3D
:1023AC001340198308831D81112319F0E4E1FBE12B
:1023BC0002C0E8E0FFE208811981E00FF11F1081F3
:1023CC00EE81FF811083F4C1163029F4003419F426
:1023DC0010913F06F5CF689462F8A0EDB7E05FEF7F
:1023EC000E9441E2552352F4A7EEB7E055270E9414
:1023FC0041E255231AF0E0E5F6E089C1689462F8F1
:10240C00A4E3B8E05FEF0E9441E2552352F4A3E746
:10241C00B8E055270E9441E255231AF0E9E1F1E3B7
:10242C00A6C1689462F8A8E9B8E05FEF0E9441E2A7
:10243C00552382F4A7E1B9E055270E9441E25523C8
:10244C004AF0088519850859184019830883EBEA66
:10245C00F7E05FC1689462F8A4ECB9E05FEF0E940A
:10246C0041E2552382F4A3E4BAE055270E9441E2ED
:10247C0055234AF008851985045C19401983088393
:10248C00E0EBF6E046C1689462F8ACE8BAE05FEFC6
:10249C000E9441E2552352F4A3EBBAE055270E9467
:1024AC0041E255231AF0EFE0F9E031C1689462F88B
:1024BC00A0EFBAE05FEF0E9441E255238AF4A1E756
:1024CC00BBE055270E9441E2552352F0088519853F
:1024DC00005F1A40198308830C83EBE8F8E018C1FD
:1024EC00689462F8A8EBBBE05FEF0E9441E25523D1
:1024FC003AF4AFEEBCE055270E9441E255230AF4B2
:10250C0058C008851985689462F8A8EBBBE05FEFAA
:10251C000E9441E2552352F4A3ECBBE055270E94E4
:10252C0041E255231AF0EFEBFAE0F1C0689462F83F
:10253C00ACE1BCE05FEF0E9441E2552352F4A7E20C
:10254C00BCE055270E9441E255231AF0EBECFAE06F
:10255C00DEC0689462F8A0E8BCE05FEF0E9441E244
:10256C00552352F4ABE8BCE055270E9441E25523B9
:10257C001AF0E7EAFAE0CBC0689462F8A4EEBCE08B
:10258C005FEF0E9441E255239AF4AFEEBCE0552771
:10259C000E9441E255230AF40BC1E3EBFAE00B81F4
:1025AC001127E00FF11F0E943EDBEE81FF811083AB
:1025BC00FFC0689462F8ACEABDE05FEF0E9441E2B4
:1025CC00552352F4ABE0BEE055270E9441E255235F
:1025DC001AF0E0E3F7E09BC0689462F8A0E1BEE07B
:1025EC005FEF0E9441E255230AF5AFE1BEE05527AB
:1025FC000E9441E25523D2F010E0EE81FF8110835E
:10260C00CF93DF931B8104E00E940BE0165A1A93C0
:10261C001C8104E00E940BE00A93E885F985FA938B
:10262C00EA930E94142BDF91CF91C2C0689462F898
:10263C00A8E8B3E15FEF0E9441E2552352F4AFEDFD
:10264C00B3E155270E9441E255231AF0E7E3F9E084
:10265C005EC0689462F8ACEEB3E15FEF0E9441E2B9
:10266C00552352F4ABE4B4E155270E9441E25523C3
:10267C001AF0EBE2F8E04BC0689462F8A0E5B4E124
:10268C005FEF0E9441E2552352F4AFEAB4E15527C3
:10269C000E9441E255231AF0E7EDFAE038C0689445
:1026AC0062F8A4EBB4E15FEF0E9441E2552352F4CF
:1026BC00A3EDB4E155270E9441E255231AF0E7E35C
:1026CC00FBE025C0689462F8A8E1B5E15FEF0E94D9
:1026DC0041E2552352F4A7E2B5E155270E9441E2AD
:1026EC0055231AF0E7E5FBE012C0689462F8ACE7FA
:1026FC00B5E15FEF0E9441E2552382F4ABE8B5E10E
:10270C0055270E9441E255234AF0E7E6FBE00B8196
:10271C001127E00FF11F0E943EDB52CE689462F845
:10272C00A0E7B7E15FEF0E9441E2552372F4A7E303
:10273C00B8E155270E9441E255233AF0EFE8F9E061
:10274C000885198500571741E4CF689462F8A8E30F
:10275C00B8E15FEF0E9441E2552362F4A7E4B8E1CF
:10276C0055270E9441E255232AF0E3E1F8E30B815F
:10277C00112723CE689462F8ACE9B8E15FEF0E94B0
:10278C0041E2552372F4A3EFB8E155270E9441E2D0
:10279C0055233AF0ECEFFDE20B811127000F111FCE
:1027AC000CCEA3E9B8E010E00E9490E210E001C06A
:1027BC001FEF08952397AB81BC8124E630E0689429
:1027CC0065F80E943CE08F01507809F001950A836E
:1027DC000B811C81689462F8A0E0B0E05FEF0E946E
:1027EC0041E255235AF4A9EFB0E055270E9441E28B
:1027FC00552322F00B81102F0A931BC1103069F462
:10280C000A3F59F4CF93DF9310918D08112309F0EF
:10281C001FEF1A930E94432036C21030B9F40D3FBB
:10282C00A9F4CF93DF9318E0612A08E719ED1A9306
:10283C000A93EBE2F8E00E94F5DC1DE00E94B7DFA2
:10284C001AE00E94B7DFDF91CF9152C2103069F5C8
:10285C000E3F59F5EBE0F8E0EF93FF933196FA93C6
:10286C00EA931FE11A9317EF61221FEB6122EEE04E
:10287C00FBEC0E94E9DC1FE10881101BFF91EF913A
:10288C0010832396CF93DF9318E0612A08E719EDA4
:10289C001A930A93EBE0F8E00E94F5DC1DE00E942D
:1028AC00B7DF1AE00E94B7DFEEC1103079F40F3FAA
:1028BC0069F4CF93DF9310E00FEF1A930A931FEF95
:1028CC000FEF1A930A930E94B71EDDC1689462F849
:1028DC00ACE2B1E05FEF0E9441E255233AF4AFE97C
:1028EC00BFE055270E9441E2552382F4689462F8B8
:1028FC00A8E8B3E15FEF0E9441E2552312F5A3EF84
:10290C00B8E155270E9441E25523DAF0CF93DF93CB
:10291C000B811C811A930A93E5E8F8E0FA93EA9389
:10292C0010918D08112309F01FEF1A93DEDCDF9153
:10293C00CF91112329F0CF93DF9310918508A0C17B
:10294C00C8C1689462F8A0EABFE05FEF0E9441E260
:10295C005523BAF5AFE9B2E155270E9441E2552360
:10296C0082F10B811C81005A1F401C830B83E4E90C
:10297C00FEE0E00FF11F108110938108E4E9F1E112
:10298C001C81E00FF11F108110938208E4E9F7E13C
:10299C001C81E00FF11F108110938308E4E9F4E12E
:1029AC001C81E00FF11F108110938408CF93DF93EB
:1029BC00009181081091820820918308309184083D
:1029CC0013C1689462F8A0EAB2E15FEF0E9441E2A1
:1029DC005523D2F4AFEBB2E155270E9441E25523C7
:1029EC009AF00B811C81005A12411C830B83E4E981
:1029FC00FAE1000F111F000F111FE00FF11F0191E1
:102A0C0011912191308109C1103269F40A3059F4C5
:102A1C00CF93DF93EEEFFFEE01E00BBF0791179121
:102A2C003327222713C01032C1F40B30B1F413E05A
:102A3C001A930E94AA212196009381081093820870
:102A4C002093830830938408CF93DF933A932A938F
:102A5C001A930A930E944B2016C1103259F40C3071
:102A6C0049F4009107081091080820910908309149
:102A7C000A08E2CF113251F4043341F40E94E223EC
:102A8C002296CF93DF9310919208FAC0113251F431
:102A9C00053341F40E94E2232296CF93DF931091E9
:102AAC009108EEC0113251F40E3341F4CF93DF9301
:102ABC0013E000EE1A930A930FEF0AC01132B1F42F
:102ACC000F33A1F4CF93DF9313E003EB1A930A9324
:102ADC001A930A930E947A26DF91CF911983088367
:102AEC00CF93DF931981332722277EC0113231F423
:102AFC00013521F4CF93DF9310E0C2C0133269F497
:102B0C00083259F4CF93DF9300913B0610913C06A9
:102B1C0020913D0630913E0667C0133281F4093294
:102B2C0071F4CF93DF930091490610914A0617FF79
:102B3C0003C03FEF2FEF58C03327222755C06894AE
:102B4C0062F8A8E4B6E25FEF0E9441E2552382F4FA
:102B5C00ABEAB6E255270E9441E255234AF0CF93E7
:102B6C00DF931A811A930E944C27DF91CF91AEC04C
:102B7C00163239F40E3A29F4CF93DF9310915C0797
:102B8C007FC0163231F4043D21F4CF93DF931AE564
:102B9C0077C0163299F40E3D89F4E0E1F0E00E9422
:102BAC004CDB0093810810938208209383083093A8
:102BBC008408CF93DF93E0E1F0E014C01632D9F42F
:102BCC000F3DC9F4E4E1F0E00E944CDB0093810876
:102BDC00109382082093830830938408CF93DF935B
:102BEC00E4E1F0E00E944CDB3A932A931A930A93A7
:102BFC000E94C91F48C01632D9F4003EC9F415E32F
:102C0C000EE71A930A931FE71A930E940C4023961F
:102C1C0012EF1A930E94AA21219600938108109317
:102C2C0082082093830830938408CF93DF93DCCF02
:102C3C00163261F5083E51F5CF93DF93CF93DF93B6
:102C4C0026976F92FE01EF93FF933196FA93EA93D6
:102C5C0015E01A9317EF61221FEB6122E9E2FBECFE
:102C6C000E94E9DC05E01881011BFF91EF910083C4
:102C7C0023966F901FEF1A930E94A437DF91CF9188
:102C8C001A930E940C20DF91CF9132C0173209F5B4
:102C9C000630F9F4EBE4F8E0EF93FF933196FA93F6
:102CAC00EA931FE11A9317EF61221FEB6122EDE209
:102CBC00FBEC0E94E9DCE8E2F0E00E94FEDC0FE1B4
:102CCC001881011BFF91EF91008323960E94A7208E
:102CDC000FC0CF93DF9310E01A930C811D811A93D0
:102CEC000A931FEF0FEF1A930A930E94B61FCBCFD4
:102CFC00089522970D811E811A930A9310E000E02B
:102D0C001A930A9311E00FEF1A930A930E9431E27F
:102D1C002696109509F046C11C81103010E009F080
:102D2C001FEF19831C811A9310E01A93ECEDFFED41
:102D3C000F811885E00FF11F11E01BBF16911A933C
:102D4C000E941CE2239618830D811E81689462F800
:102D5C00A0E0B0E05FEF0E9401E255235AF5ABE032
:102D6C00B0E055270E9401E2552322F10091B533C2
:102D7C001127ACE0B0E0E89465F80E941AE09801E5
:102D8C000D811127020F131FF3E3E5E7E00FF11F8D
:102D9C001881119310912006112309F01FEF1123B4
:102DAC0041F0E7ECF3E30D811127E00FF11F1881DF
:102DBC00119355C0689462F8A0E1B0E05FEF0E94F7
:102DCC0001E255236AF5ABE1B0E055270E9401E220
:102DDC00552332F10091B6331127ACE0B0E0E89402
:102DEC0065F80E941AE098010D8100511127020F1D
:102DFC00131FF3E3EDE8E00FF11F1881119310910D
:102E0C002106112309F01FEF112349F1E7EDF3E33C
:102E1C000D8100511127E00FF11F188111931FC074
:102E2C00103011F4093781F0689462F8A0E8B0E032
:102E3C005FEF0E9401E2552392F4AFEBB0E055270F
:102E4C000E9401E255235AF0198118830D811E81CD
:102E5C00103009F40F3819F41FEF109313060D817D
:102E6C001E811A930A931A811A931D811A930E9438
:102E7C00DC1D249610911430103041F4E7ECF3E390
:102E8C000D811E81E00FF11F188111931B811123FD
:102E9C0009F475C0E4E1FBE10D811E81E00FF11F27
:102EAC00188111930D811E81689462F8A0E4B1E041
:102EBC005FEF0E9401E25523D2F4AFE4B1E0552755
:102ECC000E9401E255239AF00091A1301127A0E154
:102EDC00B0E0E89465F80E941AE098010D811E811B
:102EEC0000541140020F131FF7E0EBEA22C0689464
:102EFC0062F8A0E5B1E05FEF0E9401E2552342F5D4
:102F0C00AFE5B1E055270E9401E255230AF100918B
:102F1C00A2301127A0E1B0E0E89465F80E941AE015
:102F2C0098010D811E8100551140020F131FF6E010
:102F3C00E0EBE00FF11F18810E941CDBE0E5F4E0F0
:102F4C000D811E81E00FF11F18810E941CDB17C040
:102F5C00689462F8A0EFB1E05FEF0E9401E25523A4
:102F6C006AF7AFEFB1E055270E9401E2552332F327
:102F7C00E0E4F0E00D811E81005F1140E3CF0D8194
:102F8C001E81113049F4053F39F4CF93DF930E9431
:102F9C003474DF91CF9106C0113021F4073F11F446
:102FAC000E94F65D089510915C07113089F4CF935F
:102FBC00DF9313E01A931AE51A9310911806112354
:102FCC0009F01FEF1A930E944341DF91CF9115C076
:102FDC0010915C07133089F4CF93DF9316E008E669
:102FEC001A930A9310911806112309F01FEF10740D
:102FFC001A930E94642FDF91CF91089510E01093E3
:10300C001806D1DF08952897AB85BC8528EE33E0F0
:10301C00E89465F80E943CE0F983E8830B851C85F5
:10302C001A930A9313E008EE1A930A9315E007EE2D
:10303C001A930A930E947CE22696112381F0CF9377
:10304C00DF93088119811A930A931C851A931C85A6
:10305C001A931C851A934DDEDF91CF9173C718819B
:10306C001F83AB85BC8524E630E0689465F80E942C
:10307C003CE08F01507809F00195102F0E830AE087
:10308C000E940BE00D831A85103010E009F01FEF41
:10309C001C830B851C85103031F40A3F21F41C81F4
:1030AC0010938D084FC7689462F8A4E8B3E05FEF03
:1030BC000E9441E2552352F5A7E8B3E055270E9440
:1030CC0041E255231AF1E4E1F0E30D811127E00F01
:1030DC00F11F1A8510831D81103049F4CF93DF93B3
:1030EC00FE013A96FA93EA930E940363A5C6113047
:1030FC0019F40E94CA6526C7123019F40E94116691
:10310C0021C7133011F40E9458661CC7133011F4F8
:10311C00093821F0133019F40B3809F413C71330A4
:10312C00D1F50A38C1F510E000E01B830A831FE0DB
:10313C000FEF1A930A93AC81BD8128813981B317A3
:10314C0009F4A21709F0D0F4E4E1FDE10C811D8132
:10315C00E00FF11FEF93FF93E0E0F0E0E00FF11FC1
:10316C000E943EDBFF91EF911083AC81BD811196E3
:10317C00AC83BD83BB2309F7AA23F9F6229613E08F
:10318C0009EB1A930A9310E100E01A930A930E9438
:10319C00FA252596D7C6133051F40C3841F41A850C
:1031AC001F70109311301A930E94995FB5C01330A1
:1031BC0051F40D3841F41A851F70109312301A9384
:1031CC000E94E05EA9C0163049F4003439F41A8527
:1031DC0010933F061FEF1093F107B4C6689462F882
:1031EC00A5E4B6E05FEF0E9441E255233AF4A8E46F
:1031FC00B6E055270E9441E255230AF4AFC01D8169
:10320C00153009F04EC010911806112309F01FEF6C
:10321C00112309F442C03FD8CF93DF9313E41A93E0
:10322C000E94FF36DF91CF91CF93DF93E4E1F0E37F
:10323C00FA93EA930E940363DF91CF91DFDE109142
:10324C005C07133069F5CF93DF9318E0612A08E728
:10325C0019ED1A930A931DE00E94B7DF1AE00E9441
:10326C00B7DFDF91CF91CF93DF9318E0612A08E7A6
:10327C0019ED1A930A93E7E4FAEC0E94E9DCE8E012
:10328C00F1E30E94F5DC12E20E94B7DF1DE00E9420
:10329C00B7DF1AE00E94B7DFCFC511E0109381327F
:1032AC0051C61630E1F410911806112309F01FEFE6
:1032BC00112379F00E9451910E94A663CF93DF9362
:1032CC0015E51A930E94FF36DF91CF910E94CA65D3
:1032DC003CC0109115301A930E9484641DC01730A5
:1032EC00E9F410911806112309F01FEF112379F05E
:1032FC000E9451910E94DE63CF93DF931CE41A93DA
:10330C000E94FF36DF91CF910E9411661EC0109172
:10331C0016301A930E94DC64219614C61830E9F416
:10332C0010911806112309F01FEF112381F00E9450
:10333C0051910E941664CF93DF9310E51A930E946B
:10334C00FF36DF91CF910E94586658DEFBC5109175
:10335C0017301A930E9434652196F4C5163011F576
:10336C00093401F51C811123E1F010911806112389
:10337C0009F01FEF1095109318060E94519110E060
:10338C0010931A0610911806112309F01FEF112340
:10339C0041F00E94D5630E940D640E9473640E94E8
:1033AC003E62D0C5163009F047C10A3409F044C159
:1033BC000E949A3E1127F894109303011093040174
:1033CC001093050167FC789413E010935C07CF937E
:1033DC00DF9360976F92FE01EF93FF933196FA9310
:1033EC00EA931FE01A9317EF61221FEB6122E5E3CA
:1033FC00FBEC0E94E9DC1FE00881101BFF91EF91B0
:10340C00108323966F900E948A35DF91CF9110E044
:10341C0004E60E94F5DA16E00AE41A930A931FE711
:10342C001A930E94642F279613E008EE0E94F5DA97
:10343C0016E00AE41A930A931FE71A930E94642F6A
:10344C00279616E001E71A930A9310E41A930E9448
:10345C00642F2796CF93DF9318E0612A08E719EDC4
:10346C001A930A93E4E4FBEC0E94E9DC1DE00E9451
:10347C00B7DF1AE00E94B7DFDF91CF9116E002E7C9
:10348C001A930A9310E01A930E94642F279610E067
:10349C0004E60E94F5DACF93DF9318E0612A08E77F
:1034AC0019ED1A930A931DE00E94B7DF1AE00E94EF
:1034BC00B7DFDF91CF91CF93DF9318E0612A08E754
:1034CC0019ED1A930A93EEE4FBEC0E94E9DCDF9110
:1034DC00CF91CF93DF9318E0612A08E719ED1A9387
:1034EC000A93EDEFF5EC0E94E9DCDF91CF91CF93DD
:1034FC00DF9318E0612A08E719ED1A930A9312E298
:10350C000E94B7DF1DE00E94B7DF1AE00E94B7DF10
:10351C00DF91CF91CF93DF9318E0612A08E719ED83
:10352C001A930A931DE00E94B7DF1AE00E94B7DFDE
:10353C00DF91CF91CF93DF9318E0612A08E719ED63
:10354C001A930A93E0E7FBEC0E94E9DC1DE00E9471
:10355C00B7DF1AE00E94B7DFDF91CF9116E00AE4E3
:10356C001A930A9310E01A930E94642F279610E086
:10357C0004E60E94F5DA0E94A32F229611E004EFD4
:10358C000E94F5DACF93DF9318E0612A08E719ED72
:10359C001A930A93EDE8FBEC0E94E9DC1DE00E9413
:1035AC00B7DF1AE00E94B7DFDF91CF91CF93DF93A3
:1035BC0018E0612A08E719ED1A930A93EAEAFBEC82
:1035CC000E94E9DC1DE00E94B7DF1AE00E94B7DF21
:1035DC00DF91CF91CF93DF9318E0612A08E719EDC3
:1035EC001A930A93E9EBFBEC0E94E9DC1DE00E94C4
:1035FC00B7DF1AE00E94B7DFDF91CF9110E004E64D
:10360C000E94F5DA10E01093040616E001EA1A9312
:10361C000A931FE71A930E94642F279611E004EF78
:10362C000E94F5DA16E002E71A930A9311E01A9356
:10363C000E94642F279686C4689462F8A4E5B6E0CD
:10364C005FEF0E9441E25523C2F4ABE5B6E055278B
:10365C000E9441E255238AF01C81112369F00B85ED
:10366C001C85045915401A930A931FEF1A931B8556
:10367C001A930E94DC1D249665C4689462F8ACE52C
:10368C00B6E05FEF0E9441E255239AF4A7E6B6E05C
:10369C0055270E9441E2552362F01C81112341F011
:1036AC001E811C511A9319851A930E94FF8322962E
:1036BC0049C4689462F8AAE6B6E05FEF0E9441E262
:1036CC005523C2F4ADE6B6E055270E9441E25523DE
:1036DC008AF01C81112369F00B851C85025A154058
:1036EC001A930A931FEF1A931B851A930E94DC1DE1
:1036FC00249628C4163009F054C0023709F051C082
:10370C0016E00AE41A930A9310E01A930E94642FAD
:10371C0027961A85103029F5CF93DF9318E0612A8C
:10372C0008E719ED1A930A931DE00E94B7DF1AE01F
:10373C000E94B7DFDF91CF91CF93DF9318E0612A1E
:10374C0008E719ED1A930A93E5ECFBEC0E94E9DC0F
:10375C001DE00E94B7DF1AE00E94B7DFDF91CF9126
:10376C0043C0113011F0123011F410E005C01330C9
:10377C0011F0143039F411E01093113018851093B6
:10378C007E3232C0153011F0163071F510911130B7
:10379C00123050F512E010931130188510937E32D0
:1037AC0023C0163021F4033711F410E018C0163082
:1037BC0011F4053721F0163021F4063711F411E01D
:1037CC000EC0163011F4073721F0163089F4083783
:1037DC0079F410911130123008F0B4C312E0109348
:1037EC001130188510937E321FEF10930306AAC375
:1037FC00163021F4063811F410E005C0163041F4EF
:10380C00073831F41FEF1093450610935206B5C0DC
:10381C00163049F40A3839F41C811095109345067A
:10382C001C811095F2CF163029F50D3819F5FE01D3
:10383C003A96DF010C911FEF00FF11271093953082
:10384C00FE013A96DF010C911FEF01FF1127109337
:10385C009630FE013A96DF010C911FEF02FF112703
:10386C0010939730188510930233109303331093F1
:10387C00043368C3689462F8A0E9B6E05FEF0E9475
:10388C0041E255237AF4A5E9B6E055270E9441E2BE
:10389C00552342F01E81105510931030188510934B
:1038AC007D3250C3163039F4063929F41FEF1093CA
:1038BC008E2F10E007C0163069F4073959F41FEF4A
:1038CC0010938E2F10938F2F18851093FB3110931C
:1038DC00FC3138C3163021F4083911F410E005C05E
:1038EC00163049F4093939F41FEF10938E2F1885CF
:1038FC001093FB3127C3689462F8AAE9B6E05FEF36
:10390C000E9441E255233AF4AFE9B6E055270E94F4
:10391C0041E255230AF497C01D81133028F4E5E7E2
:10392C00F1E31885108303C01885109385311D8130
:10393C00103081F410E01093520610E01093B53360
:10394C00A8E0BFE2F3E3E5E72CE030E00E940DDBFA
:10395C0010E011C01130A9F410E01093520611E0E0
:10396C001093B533A8E0BFE2F3E3E1E82CE030E0DC
:10397C000E940DDB1FEF1093450618851093F5314F
:10398C00E1C2123031F510E0109352061A851A93E9
:10399C0010E01A9311E01A930E941CE223961093E4
:1039AC00B533103051F4A8E0BFE2F3E3E5E72CE0C7
:1039BC0030E00E940DDB10E009C0A8E0BFE2F3E3A9
:1039CC00E1E82CE030E00E940DDB1FEF1093450680
:1039DC00D4CF133039F410E01093520610E010934A
:1039EC00B6331FC0143059F410E01093520611E096
:1039FC001093B633A8E1BFE2F3E3E9E916C0153042
:103A0C0009F510E0109352061A851A9310E01A93D8
:103A1C0011E01A930E941CE223961093B6331030D7
:103A2C0049F4A8E1BFE2F3E3EDE82CE030E00E94BA
:103A3C000DDB88C2A8E1BFE2F3E3E9E92CE030E05A
:103A4C000E940DDB7FC2689462F8A4EAB6E05FEFD7
:103A5C000E9441E255233AF4A3EDB6E055270E94AB
:103A6C0041E255230AF461C010E010935206E5E7D9
:103A7C00F3E30E811127E00FF11F1A8510831E81CD
:103A8C00103060F01B3009F048F41091B533103051
:103A9C0009F058C2E8E0FFE20E810FC01C30B8F00C
:103AAC00173109F0A0F41091B533113008F44AC263
:103ABC000E810C500E83E8E0FFE21127E00FF11F9E
:103ACC001A851083E5E7F1E3188510833BC21831A2
:103ADC00A0F0133209F088F41091B633103021F5B0
:103AEC000E8108510E83E8E1FFE21127E00FF11F70
:103AFC001A851083E5E8F1E3E7CF1432A8F01F3202
:103B0C0009F090F41091B633113008F41BC20E81F9
:103B1C0004520E83E8E1FFE21127E00FF11F1A8532
:103B2C0010831885109385310DC2689462F8A0ED4E
:103B3C00B7E05FEF0E9441E25523F2F4A7EEB7E045
:103B4C0055270E9441E25523BAF0E9E5F1E30F81D4
:103B5C001127E00FF11F1A8511931985112349F0D4
:103B6C00E0E5F6E00F811127E00FF11F1A850E94A6
:103B7C001CDB0E94A942E6C1689462F8A4E3B8E099
:103B8C005FEF0E9441E25523AAF4A3E7B8E0552762
:103B9C000E9441E2552372F0E9E1F1E30E81112715
:103BAC00E00FF11F1A8510830E9469420E94AB7EC0
:103BBC002296C8C1689462F8A4ECB9E05FEF0E9449
:103BCC0041E255233AF5A3E4BAE055270E9441E2BD
:103BDC00552302F11B850C85145C09400B831A8359
:103BEC001F83E8E5F0E300E10E940BE01127E00FF2
:103BFC00F11F1A8510831985112349F0E0EBF6E0CB
:103C0C000F811127E00FF11F1A850E941CDBE5ECD8
:103C1C00F2E35ACF689462F8A8EBBBE05FEF0E9426
:103C2C0041E255233AF4AFEEBCE055270E9441E245
:103C3C0055230AF462C01985112309F483C10B853D
:103C4C001C85689462F8A8EBBBE05FEF0E9441E230
:103C5C00552352F4A3ECBBE055270E9441E25523B7
:103C6C001AF0EFEBFAE025C0689462F8ACE1BCE026
:103C7C005FEF0E9441E2552352F4A7E2BCE05527C6
:103C8C000E9441E255231AF0EBECFAE012C0689462
:103C9C0062F8A0E8BCE05FEF0E9441E255238AF491
:103CAC00ABE8BCE055270E9441E2552352F0E7EA0D
:103CBC00FAE00E811127E00FF11F1A850E941CDB20
:103CCC0019C0689462F8A4EEBCE05FEF0E9441E278
:103CDC00552382F4AFEEBCE055270E9441E25523F8
:103CEC004AF0E3EBFAE00E811127E00FF11F1A8581
:103CFC000E941CDB0E94294D25C1689462F8ACEA35
:103D0C00BDE05FEF0E9441E255232AF5ABE0BEE037
:103D1C0055270E9441E25523F2F01985112349F0F1
:103D2C00E0E3F7E00E811127E00FF11F1A850E94E6
:103D3C001CDBCF93DF931E8108E10E940BE0165A27
:103D4C001A931F8108E10E940BE00A931C851A93B9
:103D5C000E94372B71C0689462F8A8E8B3E15FEF5A
:103D6C000E9441E25523DAF4AFEDB3E155270E94EE
:103D7C0041E25523A2F01E811A931B851A930E94CF
:103D8C00CD5D22961985112349F0E7E3F9E00E8108
:103D9C001127E00FF11F1A850E941CDBD3C0689419
:103DAC0062F8ACEEB3E15FEF0E9441E25523E2F41E
:103DBC00ABE4B4E155270E9441E25523AAF0ECE1B3
:103DCC00FDE20E811127E00FF11F1A851083198572
:103DDC00112371F1EBE2F8E00E811127E00FF11FD6
:103DEC001A850E941CDB24C0689462F8A0E5B4E13B
:103DFC005FEF0E9441E2552312F5AFEAB4E155277B
:103E0C000E9441E25523DAF0ECE7FDE20E81112726
:103E1C00E00FF11F1C8110831985112349F0E7ED88
:103E2C00FAE00E811127E00FF11F1C810E941CDBB0
:103E3C00CF93DF930E943474DF91CF9183C0689449
:103E4C0062F8A4EBB4E15FEF0E9441E25523E2F487
:103E5C00A3EDB4E155270E9441E25523AAF0ECED05
:103E6C00FDE20E811127E00FF11F1A8510831985D1
:103E7C00112349F0E7E3FBE00E811127E00FF11F5E
:103E8C001A850E941CDB5EC0689462F8A8E1B5E15B
:103E9C005FEF0E9441E25523A2F4A7E2B5E155275A
:103EAC000E9441E255236AF01985112349F0E7E598
:103EBC00FBE00E811127E00FF11F1A850E941CDB1D
:103ECC0041C0689462F8ACE7B5E15FEF0E9441E253
:103EDC00552392F4ABE8B5E155270E9441E25523F6
:103EEC005AF01985112371F1E7E6FBE00E811127D9
:103EFC00E00FF11F1A851CC0689462F8A0E7B7E1C7
:103F0C005FEF0E9441E25523B2F4A7E3B8E15527D5
:103F1C000E9441E255237AF01985112399F0EFE8BC
:103F2C00F9E00B851C8500571741E00FF11F1C8130
:103F3C000E941CDB07C0A3E9B8E010E00E9490E2ED
:103F4C0010E001C01FEF08952797A885B98524E6D6
:103F5C0030E0689465F80E943CE08F01507809F0DD
:103F6C000195102F0E830AE00E940BE00D83109137
:103F7C008508103010E009F01FEF1A83A3E9B8E0B0
:103F8C0010E00E949DE208851985689462F8A0E013
:103F9C00B0E05FEF0E9441E25523B2F4AFEEB0E027
:103FAC0055270E9441E255237AF01FE01093000838
:103FBC0000917E0810917F081A930A931A851A9320
:103FCC000E942D220C948DA8689462F8A0EFB0E0AA
:103FDC005FEF0E9441E25523D2F4A9EFB0E05527E0
:103FEC000E9441E255239AF00091810810918208B9
:103FFC0020918308309184083A932A931A930A9358
:10400C001C851A930E94402225960C94A8A8103067
:10401C0039F40A3F29F41A8110938D080C94A8A83E
:10402C00689462F8ACE2B1E05FEF0E9441E2552384
:10403C003AF4AFE9BFE055270E9441E2552382F4E0
:10404C00689462F8A8E8B3E15FEF0E9441E255235F
:10405C000AF5A7E3B8E155270E9441E25523D2F0B7
:10406C00CF93DF93088519851A930A9310918508CD
:10407C001A9310918D08112309F01FEF1A9318E071
:10408C001A930E940998DF91CF91109509F0D7C728
:10409C000C94A8A8689462F8A0EABFE05FEF0E94B5
:1040AC0041E255233AF4AFE9B2E155270E9441E2CF
:1040BC0055230AF436C008851985005A1F40198704
:1040CC000887E4E9FEE0E00FF11F109181081083EE
:1040DC00E4E9F1E11985E00FF11F109182081083DA
:1040EC001985A0E81A27123809F40F3E08F091F44C
:1040FC00E4E9F7E108851985E00FF11F10918308B9
:10410C001083E4E9F4E108851985E00FF11F1091A3
:10411C00840810830E942F2C24960E94453E0C94F8
:10412C00A8A8689462F8A0EAB2E15FEF0E9441E2AD
:10413C0055231AF5AFEBB2E155270E9441E2552306
:10414C00E2F008851985005A124119870887E4E9BD
:10415C00FAE1000F111F000F111FE00FF11F00916A
:10416C008108109182082091830830918408019372
:10417C001193219330830C94A8A8689462F8A0EC56
:10418C00B2E15FEF0E9441E25523AAF4AFECB2E139
:10419C0055270E9441E2552372F01A81112351F0E8
:1041AC00CF93DF931E811A930E94A62CDF91CF919F
:1041BC000E94453EC7C7689462F8A4E2B3E15FEF82
:1041CC000E9441E255233AF5A3E3B3E155270E943F
:1041DC0041E2552302F11A81112309F4B3C70E8170
:1041EC00112700561C4F1A930A931DE000E01A93F6
:1041FC000A930E940B292596109509F057C4A4E93F
:10420C00BEE0FDE1E4E120E83CE00E940DDB1E8114
:10421C0010937A307FCF1331B1F40833A1F41A81A3
:10422C00112381F0A4E9BEE0FDE1E4E120E83CE0EB
:10423C000E940DDB19E010937A300E942F2C2496EB
:10424C000E94453E7FC7133171F4093361F41A8122
:10425C00112341F0A4E1BDE1FEE0E4E920E83CE0FB
:10426C000E940DDB6FC71F3109F040C0003409F00C
:10427C003DC010918008112309F01FEF1123A9F103
:10428C000E94653710910308112309F01FEF1123C9
:10429C0039F1CF93DF9310E000E01A930A93609703
:1042AC006F92FE01EF93FF933196FA93EA931FE01E
:1042BC001A9317EF61221FEB6122EBE0F8E00E94EA
:1042CC00F5DC1FE00881101BFF91EF911083239602
:1042DC006F900E944638DF91CF91103029F0E6C3E1
:1042EC00CF93DF9311E04EC22DC7A9C61032D9F47B
:1042FC000830C9F41A811F930E9465370F9110235F
:10430C0089F0CF93DF931FEF1A931A930E946D3CA1
:10431C00DF91CF9110918E08112309F01FEF11231B
:10432C0009F02DC20FC71032E1F40930D1F41A8113
:10433C001F930E9465370F91102391F0CF93DF9359
:10434C0010E01A931FEF1A930E946D3CDF91CF91EE
:10435C0010918E08112309F01FEF112309F00FC2E1
:10436C00F1C6103289F50A3079F51A811F930E9433
:10437C0065370F91102339F1CF93DF931FEF1A9309
:10438C0010E01A930E946D3CDF91CF9110918E0832
:10439C00112309F01FEF112329F0A3E9B8E013E072
:1043AC000E9490E2CF93DF931FEF1A930E94592241
:1043BC00DF91CF911091C935112309F01FEF112313
:1043CC0009F016C673C3BEC61032B1F50B30A1F599
:1043DC001A811F930E9465370F91102309F4B2C6FE
:1043EC00CF93DF9313E000EB1A930A9360976F92CD
:1043FC00FE01EF93FF933196FA93EA931FE01A9321
:10440C0017EF61221FEB6122E4EFF8EC0E94E9DC6C
:10441C001FE00881101BFF91EF91108323966F9082
:10442C000E944638DF91CF9110301FEF09F010E059
:10443C0011F008F03BC3DCC5103209F05AC00C3047
:10444C0009F057C01A811F930E9465370F911023F2
:10445C0009F478C6CF93DF9313E003EB1A930A9316
:10446C0060976F92FE01EF93FF933196FA93EA9364
:10447C001FE01A9317EF61221FEB6122EDE2F9ECBA
:10448C000E94E9DC1FE00881101BFF91EF91108363
:10449C0023966F900E944638DF91CF9110301FEF1A
:1044AC0009F010E029F5EEE4F0E00E943EDB1F314C
:1044BC0038F010E009E01A930A9314E000E006C00B
:1044CC0010E009E01A930A9310E000E51A930A939E
:1044DC000E94B82726961AE5EEE4F0E00E941CDB59
:1044EC00F8941FE7612204B7037F04BF0C94C0D576
:1044FC0046C1103209F09AC00D3009F097C01A81EC
:10450C001F930E9465370F91102309F41BC6CF939C
:10451C00DF9313E003EB1A930A9360976F92FE01FB
:10452C00EF93FF933196FA93EA931FE01A9317EFE8
:10453C0061221FEB6122E5EDFBEC0E94E9DC1FE040
:10454C000881101BFF91EF91108323966F900E94AE
:10455C004638DF91CF91CF93DF9313E000E11A93AC
:10456C000A9360976F92FE01EF93FF933196FA9343
:10457C00EA931FE01A9317EF61221FEB6122E9E027
:10458C00F9EC0E94E9DC1FE00881101BFF91EF9110
:10459C00108323966F900E944638DF91CF91CF9372
:1045AC00DF9313E000E01A930A9360976F92FE0179
:1045BC00EF93FF933196FA93EA931FE01A9317EF58
:1045CC0061221FEB6122E4E1F9EC0E94E9DC1FE0BF
:1045DC000881101BFF91EF91108323966F900E941E
:1045EC004638DF91CF91CF93DF9313E000E21A931B
:1045FC000A9360976F92FE01EF93FF933196FA93B3
:10460C00EA931FE01A9317EF61221FEB6122E1E29C
:10461C00F9EC0E94E9DC1FE00881101BFF91EF917F
:10462C00108323966F900E9446387EC0103299F406
:10463C000E3089F41A811F930E9465370F91102355
:10464C0049F0CF93DF930E94D63ADF91CF9110308F
:10465C0009F095C077C5103299F40F3089F41A819E
:10466C001F930E9465370F91102349F0CF93DF936E
:10467C000E94393BDF91CF91103009F080C062C5A8
:10468C00103241F4003131F41A81112311F00E94DF
:10469C00F83358C5103209F04AC0013109F047C04F
:1046AC001A811123E9F011E01A9316EF1A930E9464
:1046BC00BF21229610E004E60E94F5DA10E01A936E
:1046CC0016EF1A930E94BF212296CF93DF9318E026
:1046DC00612A08E719ED1A930A93E2EEFBEC1CC071
:1046EC0012E01A9316EF1A930E94BF21229610E043
:1046FC0004E60E94F5DA10E01A9316EF1A930E9462
:10470C00BF212296CF93DF9318E0612A08E719EDB9
:10471C001A930A93EEEFFBEC0E94E9DC1DE00E9479
:10472C00B7DF1AE00E94B7DFDF91CF910BC51032D3
:10473C0099F4023189F41A811F930E9465370F9105
:10474C00102349F0CF93DF930E94093CDF91CF9166
:10475C00103009F014C0F6C4103219F5033109F504
:10476C001A811F930E9465370F911023C9F0CF93C4
:10477C00DF930E949D3BDF91CF91103089F0CF9356
:10478C00DF9315E01A9309851A851A930A931FEF84
:10479C000FEF1A930A930E94B61FDF91CF91D2C4E8
:1047AC00D1C41032E1F40B36D1F41A811123B1F0DB
:1047BC000E94FE240E944B25109571F00E940B253F
:1047CC001FEF10938E08A3E9B8E013E00E9490E26B
:1047DC00CF93DF9313E0D6CF0E940B25B3C41032D6
:1047EC0091F50C3681F510918008112309F01FEF1B
:1047FC00112341F10E946537112319F1CF93DF93F7
:10480C002D976F92FE01EF93FF933196FA93EA93F3
:10481C001CE01A9317EF61221FEB6122EBE0F8E02A
:10482C000E94F5DCE5E1FCEC0E94E9DC0CE018816F
:10483C00011BFF91EF91008323966F900E9471AC46
:10484C0073CF80C4FCC3113209F03CC00433D1F5E2
:10485C00CF93DF9313E000EE1A930A930FEF1A93A2
:10486C000A930E947A26DF91CF911C830B839801C7
:10487C001091820800918108131709F40217A9F40A
:10488C00CF93DF9318E0612A08E719ED1A930A9386
:10489C00EAE1FCEC0E94E9DC1DE00E94B7DF1AE0C3
:1048AC000E94B7DFDF91CF917CC00E94DB20CF93B9
:1048BC00DF9318E0612A08E719ED1A930A93EBE2EB
:1048CC00FCEC49C0113209F068C0053309F065C031
:1048DC00CF93DF9313E009EB1A930A931A930A937D
:1048EC000E947A26DF91CF911C830B839801109143
:1048FC00820800918108131709F4021701F5CF9370
:10490C00DF9318E0612A08E719ED1A930A93E0E4A3
:10491C00FCEC0E94E9DC1DE00E94B7DF1AE00E946B
:10492C00B7DFDF91CF9113E009EB1A930A9314E0F0
:10493C0000E01A930A930E94B827269640C00E9462
:10494C00DB20CF93DF9318E0612A08E719ED1A9367
:10495C000A93E5E5FCEC0E94E9DC0D811E81CF9306
:10496C00DF931A930A9310E01A9310E01A9310E253
:10497C001A93689463F8E89465F8E89474F875F8F9
:10498C000E9438DFDF91CF911DE00E94B7DF1AE063
:10499C000E94B7DFDF91CF9189C0113239F40E3309
:1049AC0029F40E94F8330E94F027CCC3113251F441
:1049BC000F3341F41FEFEFE0F0E00E941CDB0E948C
:1049CC00F833C0C3113211F5083901F500917E0896
:1049DC0010917F08A0E81A27103809F4003230F43F
:1049EC0010E100E000937E0810937F0816E00E940F
:1049FC0078D900917E0810917F081A930A930E942F
:104A0C006A282A96109509F051C09CC31132F9F40A
:104A1C000939E9F4CF93DF9300917E0810917F0858
:104A2C001A930A930E947E2EDF91CF9100917E08FB
:104A3C0010917F081A930A9310E100E01A930A93DD
:104A4C000E940B292596109509F030C07BC31132BA
:104A5C00C1F40D39B1F41A81112391F0CF93DF9386
:104A6C000E94BB5FDF91CF910E94A9291FEF109389
:104A7C00030610931B0610E010930706109305060F
:104A8C0061C31132C1F40E39B1F400917E0810915A
:104A9C007F08005E1C4F1A930A9312E000E01A93F1
:104AAC000A930E940B292596109521F0CF93DF9342
:104ABC0014E068CE47C3113281F40C3F71F40091BD
:104ACC007E0810917F081A930A9310E100E01A9364
:104ADC000A930E941C26249630C01132B1F50D3F6A
:104AEC00A1F510E000E01C830B831FE00FEF1A937D
:104AFC000A93AD81BE8128813981B31709F4A217BD
:104B0C0009F0D0F4E4E1FDE10D811E81E00FF11F0D
:104B1C00EF93FF93E0E0F0E0E00FF11F0E943EDB2B
:104B2C00FF91EF911083AD81BE811196AD83BE8351
:104B3C00BB2309F7AA23F9F6229610E100E01A9399
:104B4C000A930E94F32D2796FDC2113281F40E3F79
:104B5C0071F400917E0810917F081A930A9312E069
:104B6C0000E01A930A930E941C26249624C011324A
:104B7C0021F50F3F11F5E8ECFFE2EF93FF9331962F
:104B8C00FA93EA931FE01A9317EF61221FEB61224D
:104B9C00E8E0F1E30E94F5DC1FE00881101BFF91B7
:104BAC00EF9110832396A4E1BDE1FFE2E8E020E061
:104BBC0032E00E940DDB12E0C1CF123269F40030FA
:104BCC0059F4A4E1BDE1FEE0E4E920E83CE00E94F8
:104BDC000DDB1CE000E8B3CF123261F4003651F467
:104BEC001A81112331F0CF93DF930E94AC62DF91D5
:104BFC00CF91A8C2689462F8A4ECB2E25FEF0E9475
:104C0C0041E255233AF4A3EDB2E255270E9441E26A
:104C1C0055230AF4A7C01E81103019F0123009F088
:104C2C003FC01E811A930E943424219610E000E0AC
:104C3C001C830B8300917E0810917F08015010405B
:104C4C001A930A93AD81BE8128813981B31709F477
:104C5C00A21709F0D8F40E9454D91093CB350E94B6
:104C6C0054D91093CC350E9454D91093CD350E9451
:104C7C0054D91093CE350E947421AD81BE8111960A
:104C8C00AD83BE83BB2301F7AA23F1F622961E81C6
:104C9C001A930E94242421960E94E223229652C247
:104CAC00113011F0133051F51E811A930E943424E7
:104CBC00219610E000E01C830B8300917E0810917C
:104CCC007F08015010401A930A93AD81BE81288150
:104CDC003981B31709F4A21709F0E8F50E9454D9E9
:104CEC001093DB350E945321AD81BE811196AD83AB
:104CFC00BE83BB2361F7AA2351F72DC01E811A93E3
:104D0C000E943424219610E000E01C830B83009158
:104D1C007E0810917F08015010401A930A93AD81C0
:104D2C00BE8128813981B31709F4A21709F098F4D0
:104D3C000E9454D91093D7350E9454D91093D8356A
:104D4C000E945F21AD81BE811196AD83BE83BB23D2
:104D5C0041F7AA2331F722961E811A930E9424242C
:104D6C002196F0C1133211F40C3821F0133279F57D
:104D7C000D3869F510918008112309F01FEF1123EC
:104D8C0029F110E01A9310E01A9318851A930E94D7
:104D9C000AD82396CF93DF9318E0612A06EF17ED1C
:104DAC001A930A93EBE0F8E00E94F5DCDF91CF91C7
:104DBC0010E00E942AD813E008EEE0EFF5E0B2E034
:104DCC000E94A8E11091070610930406BBC16894D9
:104DDC0062F8A8E4B6E25FEF0E9441E255233AF490
:104DEC00ABEAB6E255270E9441E255230AF459C0BA
:104DFC0010918008112309F01FEF112309F41FC132
:104E0C00E8E0F1E3EF93FF933196FA93EA931FE016
:104E1C001A9317EF61221FEB6122EBE0F8E00E947E
:104E2C00F5DC1FE00881101BFF91EF911083239696
:104E3C001E81103091F10E811127005E1C4F1A93C8
:104E4C000A9312E000E01A930A930E941C262496FF
:104E5C00E4EDFDE1EF93FF933196FA93EA931FE0B3
:104E6C001A9317EF61221FEB6122EBE0F8E00E942E
:104E7C00F5DC1FE00881101BFF91EF911083239646
:104E8C000E811127005E1C4F1A930A9312E000E06A
:104E9C001A930A930E94FA2525961FEF1093030686
:104EAC0051C1163211F40C3A21F01632B9F40D3A04
:104EBC00A9F41091F407112309F01FEF112319F035
:104ECC0014E010935C071091F507112309F01FEF04
:104EDC00112319F012E010935C0734C1163239F427
:104EEC000E3A29F41091850810935C072BC11632E9
:104EFC00B9F4043DA9F41A81112371F010E0109358
:104F0C0093080E94D05715E30EE71A930A931FE7F4
:104F1C001A930E940C4023960E94782D249612C15D
:104F2C00163211F40E3D21F01632C9F50F3DB9F5CC
:104F3C0008851985A0E81A27163A09F40E3D91F454
:104F4C000091810810918208209183083091840887
:104F5C00E0E1F0E0D8010E9432DB10918208E8E138
:104F6C00F0E011C000918108109182082091830813
:104F7C0030918408E4E1F0E0D8010E9432DB10911A
:104F8C008208ECE1F0E0D8010E9432DB0E94E44E92
:104F9C0011E004EF0E94F5DA0E94D057D3C016320C
:104FAC0011F40C3F21F0163231F50D3F21F51E8125
:104FBC00103599F4EEE4F0E00E943EDB1F3130F046
:104FCC0010E009E01A930A9314E00CC010E009E019
:104FDC001A930A9310E000E506C010E009E01A935A
:104FEC000A9310E000E01A930A930E94B8272696C1
:104FFC000E943E8BA7C0173231F5063021F5109177
:10500C008008112309F01FEF1123C9F0E8E2F0E04A
:10501C00EF93FF933196FA93EA9317E11A9317EFF4
:10502C00612210E4612AEBE0F8E00E94F5DC17E164
:10503C000881101BFF91EF910E941CDB68C0CF937D
:10504C00DF9310E09FCB173231F40A3021F41A8130
:10505C001093EE0777C0173299F40B3089F41A814C
:10506C001095E894112309F0689418B115F918B942
:10507C001A81109521F010E00AEF0E94F5DA62C057
:10508C00173239F50D3029F51A81112309F1A8E0F1
:10509C00BFE210E0E0E3F0E031960000319711F050
:1050AC001D93FCCF469A1FEF1093C9350E943E8B7F
:1050BC0010E0109303080E9465370E94D05715E347
:1050CC000EE71A930A931FE71A930E940C4023963B
:1050DC0039C01732F1F40E30E1F41A81112391F139
:1050EC0010E010930308CF93DF931FEF1A930E94E5
:1050FC005922DF91CF910E9484370E943E8B15E399
:10510C000EE71A930A931FE71A930E940C402396FA
:10511C0019C0173231F40F3021F41A81112391F098
:10512C00DFC9CF93DF9310E01A9309851A851A9380
:10513C000A9300917E0810917F081A930A930E949B
:10514C00B61FF2CA08952197EBE0F8E0EF93FF93B6
:10515C003196FA93EA931FE11A9317EF61221FEB32
:10516C006122EBE0F8E00E94C8DC1FE10881101B13
:10517C00FF91EF911083239610E018831C31D0F42B
:10518C0008811127A4E0B0E0E89465F80E941AE0C9
:10519C00FAEEEAE5E00FF11FB8E0ABE0689464F8D2
:1051AC000E948EDF11F4188106C0188113951883A4
:1051BC00112321F71CE108952297EBE0F8E0EF931F
:1051CC00FF933196FA93EA931FE11A9317EF61223A
:1051DC001FEB61221FE10881101BFF91EF911083DF
:1051EC00239610E0109380081883EBE2F8E000910E
:1051FC007C081127E00FF11F1081103231F410914F
:10520C007C08139510937C08F0CFEBE2F8E000914A
:10521C007C081127E00FF11F1081193321F018F4CD
:10522C001A3208F0189409F03EC01FEF1883ECE016
:10523C00F0E0FA93EA9310917C081083EF93FF93BC
:10524C00EBE2F8E01081FF91EF911A931081088145
:10525C00011740F1EBE2F8E01127EC0DF11F108182
:10526C001C83193321F018F41A3208F0189491F4B5
:10527C001C811A9311E01A93FE01EF93FF93EBE05C
:10528C00F8E0EF93FF931FE11F9390E00E9495DBF2
:10529C00229601C03EC0E981FA81108113951083DA
:1052AC001123A9F65FC0ECE0F0E0FA93EA931091B9
:1052BC007C081083EF93FF93EBE2F8E01081FF91F1
:1052CC00EF911A9310810881011708F44BC0EBE29F
:1052DC00F8E01127EC0DF11F10811C83123221F420
:1052EC001FEF1093800836C01C81113410E008F0B9
:1052FC001FEF1F9310918008112309F01FEF0F91DE
:10530C00102B21F11C81113219F01F3309F01432CA
:10531C0029F4C0927C081B81239626C01C811A9309
:10532C0011E01A93FE01EF93FF93EBE0F8E0EF939B
:10533C00FF931FE11F9390E00E9495DB22961D8145
:10534C00112341F01FEF1093800804C0C0927C0819
:10535C001B810AC0E981FA811081139510831123F6
:10536C0009F0B1CF2396188108952797ABE2B8E0E6
:10537C00E8EFF5EC689464F80E948EDF09F4A4C0A1
:10538C0011E2012FEBE2F8E061E00E94B2DC103098
:10539C0010E009F01FEF18831DE3012FEBE2F8E09A
:1053AC0061E00E94B2DC1E83103010E009F41FEFA4
:1053BC00198311E010937C08CF93DF9310E01A93BC
:1053CC00FBDEDF91CF91112329F010E000E01B836D
:1053DC000A8330C0CF93DF93B6DEDF91CF91109369
:1053EC007D081C3189F4CF93DF9310E01A930D8163
:1053FC001E811A930A931FEF0FEF1A930A930E94C0
:10540C00B61FDF91CF9160C0EAECFAEE00917D08F7
:10541C001127000F111FE00FF11F01E00BBF0791C7
:10542C0016911B830A83CF93DF9310E01A93C4DE8B
:10543C00DF91CF91EBE0F8E01FEB6122E89461F88B
:10544C0000E00E940DDC98010A811B81020F131FE2
:10545C001D830C831981112349F0CF93DF930C81A9
:10546C001D811A930A930E94E0932CC01E811F5F2A
:10547C0010937C08CF93DF931FEF1A939DDEDF917F
:10548C00CF91112319F00E94399112C000E010E065
:10549C0020E030E000938108109382082093830869
:1054AC003093840800937E0810937F08109385082E
:1054BC00CF93DF930C811D811A930A931A811A934F
:1054CC000E94AA9FDF91CF91089528971BE110931A
:1054DC008608E7E8F8E0FA93EA931AE01A930E9438
:1054EC0041D9239610918708143021F416E00E94BC
:1054FC0078D94DC1E8E8F8E0FA93EA931AE01A93E8
:10550C000E9441D92396E9E8F8E0FA93EA931AE06D
:10551C001A930E9441D92396EAE8F8E0FA93EA93A9
:10552C001AE01A930E9441D9239610938C0810917B
:10553C00860800918708010F10918808100F012F21
:10554C0010918908100F012F10918A08100F1E83DB
:10555C0010918C08112309F01FEF112309F409C1D4
:10556C0010918708113009F090C0ECE0F0E0FA934C
:10557C00EA9310E0108310918A0811501A9310814D
:10558C000881011700F1EEE0F0E0FA93EA931AE0DB
:10559C001A930E9441D92396109521F010E0109394
:1055AC008C0811C0E4E1FAE21127EC0DF11FE08246
:1055BC0009851E2D100F1987E981FA811081139529
:1055CC0010831123E9F62396EBE8F8E0FA93EA93BB
:1055DC001AE01A930E9441D9239610918C0811233A
:1055EC0009F01FEF1F9300918B081E81011710E02B
:1055FC0009F41FEF0F91102310938C08112309F05D
:10560C001FEF112309F43DC0ECE0F0E0FA93EA93AC
:10561C0010E0108310918A0811501A9310810881A0
:10562C00011760F120918808309189080C2D112701
:10563C00020F131F1F830E83E4E1FAE21127EC0D16
:10564C00F11F11911887CF93DF930E811F811A934D
:10565C000A931A851A9310918D08112309F01FEFE4
:10566C001A9318E01A930E940998DF91CF91E9815F
:10567C00FA81108113951083112389F6239616E075
:10568C0001C015E10E9478D974C0109187081230BE
:10569C0009F06FC0EBE8F8E0FA93EA931AE01A937A
:1056AC000E9441D9239610918C08112309F01FEF09
:1056BC001F9300918B081E81011710E009F41FEF56
:1056CC000F91102310938C08112309F01FEF112355
:1056DC0009F44CC016E00E9478D912E01A9300919C
:1056EC008808109189081A930A930E94662E2496B2
:1056FC001E8310918A080E9478D90E81100F1E8388
:10570C0000918808109189081C830B83ECE0F0E071
:10571C00FA93EA9310E0108310918A0811501A93AF
:10572C00108108810117F8F00E811F811A930A93DA
:10573C00FE013A96FA93EA9310E01A930E947B9139
:10574C002A9618850E9478D90985100F1987AE8181
:10575C00BF811196AE83BF83E981FA8110811395C5
:10576C0010831123F1F623961E8101C015E10E94CE
:10577C0078D910918C08112309F01FEF109539F08E
:10578C000E9471D9112319F00E9454D9F9CFEBE280
:10579C00F8E0EF93FF933196FA93EA931FE11A9393
:1057AC0017EF61221FEB61221FE10881101BFF9193
:1057BC00EF9110832396089521970E9471D911239C
:1057CC0009F481C00E9454D91883183069F41091DF
:1057DC002B08103041F0EBE2F8E0108111501F3132
:1057EC0008F01FE1108372C01D3009F03FC010910A
:1057FC002B08103010E009F01FEF1F9310912C08AC
:10580C001F3210E009F01FEF0F911023B9F00E9426
:10581C00052110E01093F5071FEF1093F407CF93B9
:10582C00DF93A3DDDF91CF910E9471D9112319F081
:10583C000E9454D9F9CF10E01093F4071EE30E9494
:10584C0078D9EBE2F8E0EF93FF933196FA93EA9371
:10585C001FE11A9317EF61221FEB61221FE10881F0
:10586C00101BFF91EF911083239630C01B3189F4EC
:10587C0010E010938D081093F5071FEF1093F407A9
:10588C00CF93DF9322DEDF91CF9110E01093F407DA
:10589C001DC018811A3721F018F4103208F0189432
:1058AC00A9F418811A9311E01A93FE01EF93FF9358
:1058BC00EBE2F8E0EF93FF931FE11F9390E00E945F
:1058CC0095DB229603C01AE00E9404DB082D0270BF
:1058DC0009F45A9A08952497109107061093040618
:1058EC000E946537109511F010E0E0C110E01B83A9
:1058FC0010938E0810930408CF93DF932D976F921B
:10590C00FE01EF93FF933196FA93EA931CE01A93FE
:10591C0017EF61221FEB61221CE50E94B7DF0CE040
:10592C001881011BFF91EF91008323966F902D97A7
:10593C006F92FE01EF93FF933196FA93EA931CE07A
:10594C001A9317EF61221FEB6122FE01B1960E94A0
:10595C00F5DC0CE01881011BFF91EF91008323967D
:10596C006F9017E21A930E948414DF91CF91112348
:10597C0009F47AC1CF93DF9318E0612A08E719ED97
:10598C001A930A93EEE6FCEC0E94E9DCFE013696D3
:10599C000E94F5DC12E20E94B7DF1DE00E94B7DF27
:1059AC001AE00E94B7DFDF91CF911091042F1123E1
:1059BC0009F01FEF112361F110E00E9422D8CF9360
:1059CC00DF9318E0612A06EF17ED1A930A93E1E8CA
:1059DC00FCEC0E94E9DCDF91CF9110E01A9310E00F
:1059EC001A9311E01A930E940AD82396CF93DF934F
:1059FC0018E0612A06EF17ED1A930A93FE0136960A
:105A0C000E94F5DCDF91CF9111E004EF0E94F5DAF2
:105A1C00CF93DF93E5E0F8E0FA93EA932D976F923A
:105A2C00FE01EF93FF933196FA93EA931CE01A93DD
:105A3C0017EF61221FEB61220CE01881011BFF9113
:105A4C00EF91008323966F902D976F92FE01EF9349
:105A5C00FF933196FA93EA931CE01A9317EF6122A5
:105A6C001FEB6122FE01B3960E94F5DC1CE008815D
:105A7C00101BFF91EF91108323966F9010E001E0C3
:105A8C000093CC011093CD010E949912DF91CF911C
:105A9C00112309F4CAC000910508109106081A9345
:105AAC000A930E94D0172296112309F4BAC01FEF53
:105ABC00109304081B8300910508109106081A9393
:105ACC000A930E94C4192296109509F4AAC0EBE21D
:105ADC00F8E0EF93FF933196FA93EA931FE11A9350
:105AEC0017EF61221FEB61221FE10881101BFF9150
:105AFC00EF911083239600910508109106081A93D4
:105B0C000A930E94C4192296109509F442C0009180
:105B1C000508109106081A930A93FE013496FA931D
:105B2C00EA9310E001E01A930A93FE013696FA9379
:105B3C00EA930E94FA192A961A811032D8F0EBE2F5
:105B4C00F8E0EF93FF933196FA93EA931FE11A93DF
:105B5C0017EF61221FEB6122EBE2F8E00E94F5DC0B
:105B6C001D810E94B7DF1FE10881101BFF91EF918F
:105B7C00108323961A811A3010E009F41FEF1F933B
:105B8C001A811D3010E009F41FEF0F91102B09F44E
:105B9C00B2CFCF93DF9318E0612A08E719ED1A937F
:105BAC000A93EBE2F8E00E94F5DC1DE00E94B7DFFF
:105BBC001AE00E94B7DFDF91CF9110912B081030C3
:105BCC0079F110912C081F3209F475CF1091042F24
:105BDC00112309F01FEF1123F1F010E01A9310E0DC
:105BEC001A9311E01A930E940AD82396CF93DF934D
:105BFC0018E0612A06EF17ED1A930A93EBE2F8E02E
:105C0C000E94F5DCDF91CF9110E00E942AD810E0C1
:105C1C0009E10E94F5DACF93DF93A7DBDF91CF91F7
:105C2C004ACF10E009E10E94F5DAEBE2F8E0EF93DD
:105C3C00FF933196FA93EA931FE11A9317EF6122BF
:105C4C001FEB61221FE10881101BFF91EF91108364
:105C5C002396E5E0F8E0FA93EA930E946D192496F6
:105C6C0010E01093040821C010E0109318310E942A
:105C7C00DB20CF93DF9318E0612A08E719ED1A9324
:105C8C000A93EEE8FCEC0E94E9DCFE0136960E94D9
:105C9C00F5DCEAE9FCEC0E94E9DC1DE00E94B7DFD0
:105CAC001AE00E94B7DFDF91CF911B8108952297F4
:105CBC001091042F112309F01FEF112309F4D1C007
:105CCC0000913906D0903806D02A10E01A9310E0D3
:105CDC001A9311E01A930E940AD82396CF93DF935C
:105CEC0018E0612A06EF17ED1A930A93E6EAFCEC2A
:105CFC000E94E9DCDF91CF91CF93DF9318E0612A0A
:105D0C0006EF17ED1A930A93689463F84D2D0E94D1
:105D1C00ABDFDF91CF910E942F31CF93DF9318E04F
:105D2C00612A06EF17ED1A930A9340913606689490
:105D3C0063F80E94ABDFDF91CF9110913806103CD5
:105D4C0010E009F41FEF1F9310918030112309F01C
:105D5C001FEF10950F91102321F010E01093040603
:105D6C0012C00E942F31CF93DF9318E0612A06EF07
:105D7C0017ED1A930A9340913706689463F80E94C2
:105D8C00ABDFDF91CF9110E00E942AD80E941D2139
:105D9C0010913806103B09F064C0009139061127A8
:105DAC00A0E8B0E0E89465F80E941AE09801009130
:105DBC0036061127020F131F000F111FFAE0E4E93A
:105DCC00E00FF11F01911081198308831FEFD12E71
:105DDC0019811A930A9313E008EE1A930A9315E0AB
:105DEC0007EE1A930A930E947CE22696112349F03F
:105DFC00E4E9F8E008811981085E1340E00FF11F17
:105E0C00D0801D2D1F3F19F5109107061093040625
:105E1C00CF93DF9360976F92FE01EF93FF933196D0
:105E2C00FA93EA931FE01A9317EF61221FEB61229A
:105E3C00EEEAFCEC0E94E9DC1FE00881101BFF91EC
:105E4C00EF91108323966F900E948A3508C01D2D08
:105E5C00D0920406CF93DF931A930E94AE35DF9154
:105E6C00CF91089508811981A0E81A27153809F4F3
:105E7C000B3410E009F41FEF1F9308811981A0E87F
:105E8C001A27153809F4033710E009F41FEF0F91A6
:105E9C00102B29F0109137061054109337060881F7
:105EAC001981A0E81A27153809F40F3631F410912E
:105EBC0037061054195F1093370608952D970D85EA
:105ECC001E851A930A9313E008EE1A930A9316E0B0
:105EDC0007ED1A930A930E947CE22696112309F48B
:105EEC0040C20E9405210D851E85085E13401E834D
:105EFC000D83E4E9F1E1E00FF11F10811C87E4E967
:105F0C00FEE01E81E00FF11F11911B870D851E8590
:105F1C00689462F8A8EBB4E05FEF0E9441E255236D
:105F2C003AF4AAEBB4E055270E9441E255230AF457
:105F3C007FC01091370609E00E940BE00883109196
:105F4C00370609E00E940BE01A8318811A931EE9A8
:105F5C001A931AE01A930E94D7DA239619830D85A7
:105F6C001E85143011F5083B01F51A811A9310E0C7
:105F7C001A9318E01A930E9426E22396112381F0BB
:105F8C00E8E0FFE20A811127E00FF11F198110836D
:105F9C00E5E7F1E30A811127E00FF11F10E110830F
:105FAC00109137061093D82FDCC1143011F5093B32
:105FBC0001F51A811A9310E01A9318E01A930E94B3
:105FCC0026E22396112381F0E8E1FFE20A811127F2
:105FDC00E00FF11F19811083E5E8F1E30A81112725
:105FEC00E00FF11F10E11083109137061093D92F99
:105FFC00B8C11430E1F40A3BD1F410E01093023133
:10600C001A81103039F419811093502F10E110932C
:10601C00BD3109C01A81113031F419811093522FFE
:10602C0010E11093BF31109137061093DA2F99C1FC
:10603C00143009F043C00B3B09F040C010911030F4
:10604C001170E12E10913706103011F410E022C0BF
:10605C00113011F412E01EC0123011F414E01AC009
:10606C00133011F411E016C0143011F413E012C007
:10607C00153011F415E00EC0103219F41E2D10500D
:10608C0009C0103419F41E2D1E5F04C0103629F4FB
:10609C001E2D1C5F1093103007C01F3729F4109170
:1060AC0010301160109310300E94A92910913706FE
:1060BC001093DB2F10E110937D3253C110E01B8342
:1060CC001C8512951F701C83E4E9F4E10D811E817F
:1060DC00E00FF11F10811A87E4E9F7E10D811E81B1
:1060EC00E00FF11F019109871A85100F169518877B
:1060FC001C81103099F4109137061A931B851A9352
:10610C001B851A930E941CE22396109337060D856B
:10611C001E851A930A93A6DE2296B9C0113081F41B
:10612C00E9840A85E01A109137061A93EA921FE760
:10613C001A930E94D7DA2396012F1A85100FA5C047
:10614C001230F1F4109137061A931B851A931B85A4
:10615C001A930E9426E22396112389F0CF93DF93A2
:10616C000D851E851A930A93109137061A9310E029
:10617C001A9310E11A930E940998DF91CF9171C084
:10618C001330A9F4109137061A931B851A931B85AB
:10619C001A930E941CE223961093370619850A85E0
:1061AC00010F10913706011B0093370670C0143095
:1061BC00D1F410913706103408F4A1C0E8E0FFE2E6
:1061CC000D811E81E00FF11FE1901A85E11621F07F
:1061DC0018F01A85109337061985E11618F41985ED
:1061EC001093370654C0153061F4009137061885AA
:1061FC00011719F010F01FE701C010E010933706DB
:10620C0046C0163061F4009137061885011719F055
:10621C0010F010E001C01FE71093370638C017309C
:10622C0019F5109137061A931B851A931B851A932F
:10623C000E9426E223961123A1F01FE71093370644
:10624C00CF93DF930D851E851A930A931091370611
:10625C001A9310E01A9310E11A930E940998DF9197
:10626C00CF911FEF1B834BC0183019F51A851030D6
:10627C0011F411E01A87109137061A931A851A93A4
:10628C001C851A930E94D7DA239610933706CF9366
:10629C00DF930D851E851A930A93109137061A9376
:1062AC0010E01A9310E11A930E940998DF91CF9194
:1062BC0026C0193021F5109137061A931B851A93B5
:1062CC001B851A930E9426E22396112311F01FE7D7
:1062DC0001C010E010933706CF93DF930D851E8518
:1062EC001A930A93109137061A9310E01A9310E13F
:1062FC001A930E940998DF91CF911FEF1B831B818A
:10630C00112359F1AD85BE851197AD87BE87AD813F
:10631C00BE811197AD83BE83DC84EB84E4E9F1E1AB
:10632C000A2FEA0FFB1F10811C87E4E9FEE0E00F47
:10633C00FB1F10811B871C8512951F701C830C85FD
:10634C000D1510E009F41FEF1F930B850E1510E0CF
:10635C0009F41FEF0F9110231B831B81109509F477
:10636C00AFCE08950091360610917C30011741F4A0
:10637C00109137061093582F10E11093C5310DC0B2
:10638C000091360610917B30011749F410913706B5
:10639C0010933F061FEF1093F1071FEF01C010E0A1
:1063AC00089510911806112309F01FEF112361F0C5
:1063BC0013E01A931AE51A9310E01A930E944341C2
:1063CC00239610E01093180608952797109138061D
:1063DC00103B10E009F41FEF012F109139061A93AE
:1063EC00109178301A931D5F1A930E9426E223961F
:1063FC00102309F490C010913606163010E009F401
:10640C001FEF1F9310914C06173010E009F41FEF8B
:10641C000F91102309F453C010E01883103208F0C8
:10642C007AC008811127A4E0B0E0E89465F80E94D6
:10643C001AE0FAE1E4E9E00FF11F32962191308184
:10644C0010914A0600914906A0E81A273A2713171B
:10645C0009F4021769F508811127A4E0B0E0E8946B
:10646C0065F80E941AE0FAE1E4E9E00FF11F0191EE
:10647C00108108511C4F1A8309831A930A9313E055
:10648C0008EE1A930A9316E007ED1A930A930E94EA
:10649C007CE22696112359F0CF93DF9309811A8160
:1064AC001A930A930BDDDF91CF910E94112133C017
:1064BC00188113951883112309F0B0CF2CC00091CB
:1064CC00390610917830011B1127A0E8B0E0E89450
:1064DC0065F80E941AE09801009136061127020F08
:1064EC00131F000F111FFAE0E4E9E00FF11F0191F7
:1064FC0010811A830983CF93DF931A811A930A931D
:10650C00DDDCDF91CF9100913906109178301D5F61
:10651C00011708F446DF0895009139061091783080
:10652C00011710E009F41FEF1F9310913806103B70
:10653C0010E009F41FEF0F91102319F00E940521B0
:10654C0011DF0895239700913906109178300117C7
:10655C0009F03EC010913806103C10E009F41FEF12
:10656C001F9310918030112309F01FEF10950F919C
:10657C00102349F1109136061A9310E01A931BE080
:10658C001A930E9426E22396112341F010913606AD
:10659C001093153010E1109382321AC01091360608
:1065AC001A931CE01A9317E11A930E9426E2239681
:1065BC00112371F0109136061C501093163010E117
:1065CC001093833205C0CF93DF93FFDEDF91CF9121
:1065DC0000913906109178301F5F011729F4CF9381
:1065EC00DF93F3DEDF91CF91009139061091783073
:1065FC001E5F011729F4CF93DF93E7DEDF91CF9174
:10660C0008952397ED81FE81008111811A930A93DD
:10661C000E9400422496EB81FC81008111811A9327
:10662C000A930E940042249610E01A8300E019831A
:10663C000883FE01FA93EA93FE013496FA93EA93E7
:10664C000E94AD412596EB81FC812081318119811D
:10665C000881A0E81A273A27131709F4021748F300
:10666C001A811F771A930E94C84022960E94C34039
:10667C0008951FEF1093F50710E01093F407109195
:10668C007930103029F010E0109379300E94744E5C
:10669C00089561970091540610915506A0E81A27A9
:1066AC00113C09F4003F09F01EC1109181301123F7
:1066BC0009F01FEF112309F4B4C5109158061A31D3
:1066CC0010E009F41FEF1F9310915906123110E0DE
:1066DC0009F41FEF0F9110231F9300915A0610918C
:1066EC005B06103009F4013010E009F41FEF0F9134
:1066FC00102309F490C010915E06103010E009F0E0
:10670C001FEF1C8300915C0610915D06103049F45C
:10671C00003539F41C8110938C2F10E21093F93151
:10672C007AC0113049F4003539F41C8110938D2F47
:10673C0010E21093FA316FC01230A1F4003591F4CD
:10674C00E2E0FBEE00915E061127E00FF11F11E075
:10675C001BBF16911093103010E210937D320E94E3
:10676C00A92959C01B3049F4003539F41C81109308
:10677C00912F10E21093FE314EC0193389F400347E
:10678C0079F41C81112329F0E3E9F4E00E943EDB4B
:10679C0001C010E010934B2F10E21093B8313BC0A6
:1067AC001B3371F4003461F41FEF1093942F1C8190
:1067BC001093952F10E210930132109302322BC0DC
:1067CC00173049F4003439F41C811093882F10E2EF
:1067DC001093F53120C0183049F4003439F41C8181
:1067EC0010938B2F10E21093F83115C0193049F427
:1067FC00003439F41C811093892F10E21093F63178
:10680C000AC01A3041F4003431F41C8110938A2FE1
:10681C0010E21093F73110915806183010E009F47B
:10682C001FEF1F9310915906123110E009F41FEF5E
:10683C000F9110231F9300915A0610915B06103094
:10684C0009F4043010E009F41FEF0F91102309F440
:10685C00E8C410915E06103010E009F01FEF1C83A5
:10686C0010915D06113139F41C811093882F10E2C0
:10687C001093F531D6C4123139F41C8110938B2F3F
:10688C0010E21093F831CDC4133139F41C811093FC
:10689C00892F10E21093F631C4C4163139F41C81DF
:1068AC0010938A2F10E21093F731BBC4193339F4CB
:1068BC001C8110938C2F10E21093F931B2C41A334F
:1068CC0089F4E2E0FBEE00915E061127E00FF11F68
:1068DC0011E01BBF16911093103010E210937D3213
:1068EC000E94A9299EC4009154061091550620912E
:1068FC0056063091570640E83427343829F42032B4
:10690C0019F4103009F4003F09F08BC416E0188715
:10691C000091580610915906A0E81A27103809F46E
:10692C00003009F082C0A5DE0E948B4010E01A9363
:10693C000E94C840229611E01A930E94C8402296E9
:10694C0013E31A930E94C8402296ECE0F0E0FA930D
:10695C00EA9311E0108318E11A9310810881011752
:10696C0098F0E3E0F6EC1127EC0DF11F11E01BBFE2
:10697C0016911A930E94F9402196E981FA811081AF
:10698C0013951083112351F7239613E01A930E9449
:10699C00AA212196EBE0F8E0EF93FF933196FA935E
:1069AC00EA931FE11A9317EF61221FEB612200910A
:1069BC00CF351091D0352091D1353091D235B801E9
:1069CC00C901492F0E94ABDF482F0E94ABDF472F34
:1069DC000E94ABDF462F0E94ABDF1FE10881101B2A
:1069EC00FF91EF9110832396ECE0F0E0FA93EA9399
:1069FC0011E0108318E01A9310810881011788F0B8
:106A0C00EBE0F8E01127EC0DF11F10811A930E94B6
:106A1C00F9402196E981FA81108113951083112395
:106A2C0061F723960E94C340FCC3109158061333A0
:106A3C0009F0F7C3109159061B831730C1F519DE05
:106A4C00FE013896FA93EA93FE017196FA93EA9353
:106A5C00E9D32696109551F5FE013896FA93EA93F0
:106A6C00FE013F96FA93EA93DDD326961095F1F446
:106A7C00CF93DF930F8518891A930A931F851A9366
:106A8C0010918D08112309F01FEF1A9310E21A933D
:106A9C000E940998DF91CF91109529F0A3E9B8E0F5
:106AAC0010E00E9490E210E0112351F250C21B81C1
:106ABC00133009F05EC0DDDDEBE2F8E0EF93FF93FD
:106ACC003196FA93EA931FE11A9317EF61221FEBA9
:106ADC0061221FE10881101BFF91EF911083239617
:106AEC00E4E5F6E008851127E00FF11FD0801D2D9D
:106AFC00173F21F11D2D1032D8F0EBE2F8E0EF93A7
:106B0C00FF933196FA93EA931FE11A9317EF6122E0
:106B1C001FEB6122EBE2F8E00E94F5DC1D2D0E94D8
:106B2C00B7DF1FE10881101BFF91EF9110832396B3
:106B3C0018851395188710E0112391F2CF93DF93EA
:106B4C000E94BBA9DF91CF91EBE2F8E0EF93FF93AA
:106B5C003196FA93EA931FE11A9317EF61221FEB18
:106B6C0061221FE10881101BFF91EF911083239686
:106B7C00EEC11B811731F9F47CDD10E01D83FE01A1
:106B8C003896FA93EA93FE017196FA93EA934AD3F4
:106B9C002696109509F01CC3CF93DF930F851889A7
:106BAC001A930A930E94E093DF91CF9118E11A9304
:106BBC009CD3219636C31B81153041F55ADD10E06C
:106BCC001D83FE013896FA93EA93FE017196FA93AF
:106BDC00EA9328D32696109509F0FAC20F851889E6
:106BEC001A930A93EEE0F0E0FA93EA9310E01A930A
:106BFC000E947B912A960F8518891A930A93112764
:106C0C001A93EA920E94324024960BC31B811930CE
:106C1C0010E009F41FEF1F931B81193210E009F4E7
:106C2C001FEF0F91102B09F492C023DD10E01D8390
:106C3C00FE013896FA93EA93FE017196FA93EA9361
:106C4C00F1D22696112309F47CC0FE013896FA93F2
:106C5C00EA93FE013D96FA93EA93E4D22696112329
:106C6C0009F46FC01B81193211F41AE201C01AE049
:106C7C001A930E94B54021960F8518891A930A938E
:106C8C000E94004224960F851889100F18831B81CF
:106C9C00193259F40B851C851A930A930E940042F1
:106CAC0024960B851C85100F188310E018871B8504
:106CBC0011501A9319850881011788F108891989CF
:106CCC001A930A93EDE0F0E0FA93EA9310E01A932A
:106CDC000E947B912A96112321F011271F87DE86B3
:106CEC0009C010E000E01F870E87A3E9B8E010E0B0
:106CFC000E9490E2A889B9891196A88BB98B0E8550
:106D0C001F851A930A930E94004224960E851F85B4
:106D1C00100F1983198513951987112361F6219684
:106D2C001B81193259F410E01A930E94C840229624
:106D3C0018811F771A930E94C84022960E94C34064
:106D4C0070C2CF93DF93C6D2DF91CF916AC21B8101
:106D5C00103209F0BEC010915A061A830E941121FC
:106D6C0017E018870A811127A0E2B0E0689465F853
:106D7C000E941AE01A87098710E0188318851632CA
:106D8C0019F010F013E001C016E0E12EECE0F0E099
:106D9C00FA93EA9310E01083EA92108108810117AC
:106DAC00D8F0E4E5F6E00B851127E00FF11FD08059
:106DBC000B811D2D100F1B83E4E5F7E01127EC0D63
:106DCC00F11FD0821B8513951B87E981FA811081F5
:106DDC0013951083112311F72396E4E5F6E008854B
:106DEC001127E00FF11F10811F8318851395188749
:106DFC0008811F81100F1883ECE0F0E0FA93EA93FE
:106E0C00E08210E01A9310810881011709F0F0F468
:106E1C00E4E5F7E01127EC0DF11FD080FE013A9666
:106E2C00DF010C9100FF08C0E4E5F7E01127EC0D41
:106E3C00F11F1D2D106810831A8516951A87E9818C
:106E4C00FA8110811A9510831F3FF1F62396ECE01E
:106E5C00F0E0FA93EA9310E01083EA921081088133
:106E6C000117E8F0E4E1FDE10C851D85E00FF11F51
:106E7C00EF93FF93E4E5F7E01127EC0DF11F108180
:106E8C00FF91EF911083AC85BD851196AC87BD87C2
:106E9C00E981FA81108113951083112301F7239650
:106EAC0018851B3209F008F469CFE4E5F6E0088593
:106EBC001127E00FF11F1081198318811F77188398
:106ECC000981011729F0A3E9B8E013E00E9490E2D0
:106EDC003EC01B81113209F03EC016E01887FE013E
:106EEC003896FA93EA93FE017196FA93EA939AD143
:106EFC002696112339F1FE013896FA93EA93FE0196
:106F0C003F96FA93EA938ED12696112301F1CF93F3
:106F1C00DF930F8518891A930A930E947E2EDF91B6
:106F2C00CF910F8518891A930A930F8518891A9394
:106F3C000A930E940B292596109549F0A3E9B8E015
:106F4C0013E003C0A3E9B8E010E00E9490E2CF93F5
:106F5C00DF93A0D1F9CE1B811A9310E11A9316E19D
:106F6C001A930E9426E22396112309F482C016E09C
:106F7C001887EBE4F8E0EF93FF933196FA93EA93DA
:106F8C001FE11A9317EF61221FEB61221FE10881A9
:106F9C00101BFF91EF9110832396E4E5F6E0088532
:106FAC001127E00FF11FD0801D2D173F10E009F4C1
:106FBC001FEF1F931D2D103010E009F41FEF0F91E0
:106FCC00102B51F51D2D1032E1F0D8F0EBE4F8E068
:106FDC00EF93FF933196FA93EA931FE11A9317EF0D
:106FEC0061221FEB6122EBE4F8E00E94F5DC1D2D21
:106FFC000E94B7DF1FE10881101BFF91EF911083F6
:10700C002396188513951887143110E011F008F0A9
:10701C001FEF106009F4C1CF1B811051C12E0C2D34
:10702C001127A0E1B0E0E89465F80E941AE0F7E0BF
:10703C00EEE6E00FF11FEF93FF933196FA93EA938C
:10704C001FE01A9317EF61221FEB6122EBE4F8E0CB
:10705C000E94F5DC1FE00881101BFF91EF9110835B
:10706C002396E6E6F7E01127EC0DF11F1FEF1083D6
:10707C000BC01B811F3071F410915A061093080835
:10708C0010915B0610930708A3E9B8E010E00E948A
:10709C009DE2C7C01B811A3139F5FE013896FA936F
:1070AC00EA93FE017196FA93EA93BCD0269610955A
:1070BC0009F08EC0FE013896FA93EA93FE013D96D4
:1070CC00FA93EA93AFD02696109509F081C00F85FC
:1070DC0018891A930A930D851E851A930A930E9498
:1070EC001C2624961BE183C01B811E3109F055C060
:1070FC00FE013896FA93EA93FE017196FA93EA939D
:10710C0091D02696109509F063C0FE013896FA933B
:10711C00EA93FE013D96FA93EA9384D02696109555
:10712C0009F056C0E8ECFFE2EF93FF933196FA9327
:10713C00EA931FE01A9317EF61221FEB6122E8E03C
:10714C00F1E30E94F5DC1FE00881101BFF91EF9129
:10715C0010832396A4E1BDE1FFE2E8E020E032E0F9
:10716C000E940DDB1FE11A930E94B5402196FE018F
:10717C003F96FA93EA93FE013D96FA93EA9341DA2D
:10718C002796A8ECBFE210E0E0E1F0E031960000B9
:10719C00319711F01D93FCCF44C01B811033B1F516
:1071AC00FE013896FA93EA93FE017196FA93EA93EC
:1071BC0039D02696109561F4FE013896FA93EA932D
:1071CC00FE013D96FA93EA932DD02696109531F058
:1071DC00CF93DF937FD0DF91CF9123C0A4E1BDE1AA
:1071EC00FEE0E4E920E83CE00E940DDB11E31A9399
:1071FC000E94B5402196FE013F96FA93EA93FE0158
:10720C003D96FA93EA93FDD927960BC01B8111305A
:10721C0041F4CF93DF933ED0DF91CF9110E01093E8
:10722C0093080895229710E000E0EA81FB81019316
:10723C001083EC81FD8100811127F6E0E4E5E00F7D
:10724C00F11F10811983173F89F0EC81FD811081AA
:10725C0013951083EC81FD8100811127F6E0E4E5A4
:10726C00E00FF11F10811883173F11F410E011C0CB
:10727C00EC81FD8110811395108319811A9319816A
:10728C001A930E94F5412296EA81FB8101931083A7
:10729C001FEF089512E01A930E94B54021961091A9
:1072AC005106112309F01FEF112321F010919308BF
:1072BC00106403C0109193081F73109393081F77E9
:1072CC001A930E94C84022960E94C34010E010936B
:1072DC0093080895A3E9B8E010E00E9490E2CF93E0
:1072EC00DF93D8DFDF91CF91089518811A930E9414
:1072FC00B5402196ECE0F0E0FA93EA9311E01083AC
:10730C00EF93FF93EBE0F8E01081FF91EF911A936C
:10731C0010810881011788F0EBE0F8E01127EC0DE3
:10732C00F11F10811A930E94F9402196E981FA818C
:10733C00108113951083112361F7239610E01A9393
:10734C000E94C84022960E94C340089510913706AF
:10735C00103F49F410E010938F081FEF1093900822
:10736C0019E11093F30510919008112309F01FEF08
:10737C00112391F0E4E5F6E000918F081127E00F5E
:10738C00F11F188110837FEF071718F403950093F2
:10739C008F0819E11093F30510913706173F59F434
:1073AC00CF93DF9376D9DF91CF9110E010938F08B4
:1073BC0010E01093900808952197198112301FEF57
:1073CC0010F009F011271F9310911D06112309F0DD
:1073DC001FEF0F91102319F1EEE2F6E0098111274E
:1073EC00E00FF11F1081112309F01FEF1883E2E366
:1073FC00F6E009811127E00FF11F18811083E5E9F0
:10740C00F0E309811127E00FF11F18811083E2E0EE
:10741C00F3E309811127E00FF11F11E010830895A8
:10742C00239710917A30183009F0459A1091C9358C
:10743C00112309F01FEF112309F41BC31A9919C367
:10744C0012E01A930E94AA2121961091D1351A9319
:10745C0010E81A931FEE1A930E9426E223961095B9
:10746C0069F71091CF35109337061091D0351093E2
:10747C0036061091D135107F109338061091D13506
:10748C001F7010933906109137061F3310E011F05E
:10749C0008F01FEF10933A06109139061A931091C9
:1074AC0078301A931D5F1A930E9426E223961A8352
:1074BC001091D135103B09F03DC0109136061637AE
:1074CC00B9F410911D06112309F01FEF109591F1DD
:1074DC00109137061A9310E01A9315E01A930E9434
:1074EC001CE2239610936A3012E01093D732A6CF89
:1074FC001737B9F410911D06112309F01FEF1095E1
:10750C00C9F0109137061A931BE01A9311E31A93E2
:10751C000E941CE223961093693012E01093D6322D
:10752C008DCF183739F4CF93DF93109137061A9318
:10753C000DDF99C21A81109509F080CF1091390690
:10754C0000917830101B198310913806103B10E015
:10755C0009F41FEF1F93198113301FEF10F009F07E
:10756C0011270F91102309F45FC0109136061030CB
:10757C0069F5EEE2F6E009811127E00FF11FEF93B8
:10758C00FF93109137061F3310E009F41FEF1F9380
:10759C00EAE2F6E009811127E00FF11F108118379C
:1075AC0010E009F41FEF0F911023FF91EF9110835E
:1075BC00E6E2F6E009811127E00FF11F1091370682
:1075CC00108319811A93F8DE22962EC0103261F5C1
:1075DC00EEE2F6E009811127E00FF11FEF93FF9324
:1075EC0010913706183710E009F41FEF1F93E6E2ED
:1075FC00F6E009811127E00FF11F10811F3310E015
:10760C0009F41FEF0F911023FF91EF911083EAE221
:10761C00F6E009811127E00FF11F10913706108356
:10762C0019811A93C9DE2296E2E3F6E0098111274B
:10763C00E00FF11F1081112309F01FEF109509F0D5
:10764C00FDCE10913806103C10E009F41FEF1F938B
:10765C0010918030112309F01FEF10950F9110231A
:10766C0009F4A6C0EEE2F6E009811127E00FF11F44
:10767C001081112309F01FEF112381F010913706AF
:10768C001A9310E01A9313E61A930E941CE22396A5
:10769C001093143010E110938132D0CE10917A30C7
:1076AC00103009F485C00091CF351091D035209160
:1076BC00D1353091D2350F7F1F7F2F7F30700093E3
:1076CC003B0610933C0620933D0630933E061091EA
:1076DC007F30112309F01FEF112331F0CF93DF938B
:1076EC000E945DAEDF91CF9110917A30113010E095
:1076FC0009F41FEF1F9300913906109178301F5F2A
:10770C0001171FEF10F009F011270F91102359F0FA
:10771C0010913606103011F410E00FC000913606AF
:10772C001BE0101B02C0109136061A9310E01A933E
:10773C001FE01A930E941CE22396188300913906CD
:10774C0010917830011781F4188110931530109135
:10775C007A30173031F4109115301093723110E0EB
:10776C0001C010E1109382320091390610917830EB
:10777C001F5F011781F418811093163010917A3025
:10778C00173031F4109116301093733110E001C0A2
:10779C0010E11093833200913906109178301E5FFE
:1077AC00011731F418811093173010E110938432C3
:1077BC0010913806103B09F039C10091CF3510916A
:1077CC00D0352091D1353091D2350F7F1F7F2F7F4F
:1077DC00307000933B0610933C0620933D0630938B
:1077EC003E0610917F30112309F01FEF112331F069
:1077FC00CF93DF930E945DAEDF91CF910E94B8B121
:10780C00112309F01BCE10913606163061F410913D
:10781C00370610934606ABE4B6E012E00E9490E205
:10782C00ACE412E02DC0123651F4109137061093CF
:10783C00490610E010934B06ACE4B6E021C01336B9
:10784C00A1F41091370610934A0610E010934B06E2
:10785C00ACE4B6E011E00E9490E2109137061F37BD
:10786C0039F510E010934C0623C0143661F41091D6
:10787C00370610934D0610E010934C06ABE4B6E0BF
:10788C000E9490E215C0153699F4109137061093AA
:10789C004E0610E010934C06ABE4B6E011E00E94EB
:1078AC0090E2109137061F3719F410E010934B0635
:1078BC0010914B061730A9F400914D0610914E060D
:1078CC00A0E81A27103809F4023041F4109146064A
:1078DC0010541093933010E11093003310E0109378
:1078EC004B060091360610917E30011710E009F41A
:1078FC001FEF1F931091370614361FEF08F0112756
:10790C000F9110231F9310917A30173010E009F06B
:10791C001FEF0F91102341F0109137061093143084
:10792C0010E110938132C7C0109136061C3709F054
:10793C007DC011E010935C0710E010934506109188
:10794C0037061A9310E01A931AE01A930E9426E253
:10795C002396112309F467C01091370610937A30DF
:10796C00CF93DF931A930E94A62CDF91CF910E94A4
:10797C00453E10917A30183009F055C0459810E00A
:10798C00109379300E94744E11E01093023110E084
:10799C001A931CE71A931FE71A930E94FF40239631
:1079AC0013E01A9313E61A931FE71A930E94FF40F1
:1079BC00239610E01093932F10E010930D3010E1EC
:1079CC0010937A3210E01093113010E110937E3244
:1079DC00ECE0F0E0FA93EA9310E0108313E01A93D2
:1079EC0010810881011770F0E0EAFFE21127EC0D1D
:1079FC00F11F10E01083E981FA8110811395108337
:107A0C00112379F723960E94CE3F239610E004E6CB
:107A1C000E94F5DA13E01A9317E61A931FE71A93EC
:107A2C000E94FF40239610E01093E73210917A30B9
:107A3C00103041F410E010934506CF93DF930E9471
:107A4C00A8B211C0113011F0123021F410E01093D3
:107A5C00450605C0133050F01A3009F038F4CF93B6
:107A6C00DF930E94EBB1DF91CF91E8CC0E9492B2F0
:107A7C00E5CC10919008112309F01FEF1F931FEF15
:107A8C000091F305002309F010950F91102399F044
:107A9C00A3E9B8E016E00E9490E2CF93DF93FADB03
:107AAC00DF91CF9116E00E949DE210E010939008B8
:107ABC0010E010938F080895229710E01983173067
:107ACC0008F019C11981133009F40FC1E6E6F7E08B
:107ADC0009811127E00FF11F1081112309F01FEF0D
:107AEC00112309F402C1E6E6F7E009811127E00F42
:107AFC00F11F10E01083EBE4F8E0EF93FF93319665
:107B0C00FA93EA931FE11A9317EF61221FEB61229C
:107B1C000C811127A0E1B0E0E89465F80E941AE00E
:107B2C00F7E0EEE6E00FF11F0E94F5DC1FE10881A3
:107B3C00101BFF91EF911083239610915C0713306B
:107B4C0009F068C0CF93DF9318E0612A08E719EDBC
:107B5C001A930A931DE00E94B7DF1AE00E94B7DF68
:107B6C00DF91CF91CF93DF9318E0612A08E719EDED
:107B7C001A930A93EEEBFCEC0E94E9DCDF91CF91B7
:107B8C0018E0612A08E719ED1A930A931B81CF9329
:107B9C00DF931A9310E01A9310E01A9310E21A93E1
:107BAC00689463F80E9409DDDF91CF912296CF9300
:107BBC00DF9318E0612A08E719ED1A930A93E9ECB0
:107BCC00FCEC0E94E9DCDF91CF91CF93DF9318E0BE
:107BDC00612A08E719ED1A930A93EBE4F8E00E9486
:107BEC00F5DCDF91CF91CF93DF9318E0612A08E7A2
:107BFC0019ED1A930A9312E20E94B7DF1DE00E945E
:107C0C00B7DF1AE00E94B7DFDF91CF9110E00AE0F6
:107C1C000E94F5DAEEE5F7E009811127E00FF11F7C
:107C2C001081112309F01FEF112309F45EC010918C
:107C3C00042F112309F01FEF112309F44EC010E09B
:107C4C001A9310E01A9311E01A930E940AD8239603
:107C5C00EBE4F8E0EF93FF933196FA93EA931FE18C
:107C6C001A9317EF61221FEB6122EBE4F8E010E2AC
:107C7C001A931FE00981101708F0102F0081101BB8
:107C8C0008F411271F9319911F93102F01E00E94E4
:107C9C00D6DC1F91EF91EE2321F00E94B7DFEA951D
:107CAC00E1F71FE10881101BFF91EF9110832396E0
:107CBC00EBE4F8E01DE01F3108F01FE11083CF93D7
:107CCC00DF9318E0612A06EF17ED1A930A93EBE4A1
:107CDC00F8E00E94F5DCDF91CF91EEE5F7E0098149
:107CEC001127E00FF11F10E01083198113951983F0
:107CFC00112309F0E4CE0895239711270091000871
:107D0C0077E0071720F40395009300081FEF1095F8
:107D1C0019F010E01093000810910008103009F0D1
:107D2C006DC01091FF30103041F0CF93DF9310E015
:107D3C001A930E94C273DF91CF910091153010916C
:107D4C000131011710E009F41FEF10931E061123E7
:107D5C0009F01FEF1F9310911530103010E009F44B
:107D6C001FEF0F91102B10932006009116301091DD
:107D7C000131011710E009F41FEF10931F061123B6
:107D8C0009F01FEF1F9310911630103010E009F41A
:107D9C001FEF0F91102B1093210610911E0611232B
:107DAC0009F01FEF1F931091FF30123010E009F40F
:107DBC001FEF0F9110231093220610911F06112311
:107DCC0009F01FEF1F931091FF30123010E009F4EF
:107DDC001FEF0F911023109323061091FF301230D8
:107DEC0029F010E010932406109325060E94AB583E
:107DFC0025960E94B5550E94A12B7DC2113021F40D
:107E0C000E94175A229677C21230A9F41091FF30B3
:107E1C00103081F0CF93DF9311E01A930E94C2735C
:107E2C00DF91CF91CF93DF9312E01A930E94C2732C
:107E3C00DF91CF9160C2133009F51091FF301030F3
:107E4C00B1F0CF93DF9313E01A930E94C273DF91CA
:107E5C00CF91CF93DF9314E01A930E94C273DF91FA
:107E6C00CF91CF93DF930E946669DF91CF911091F0
:107E7C0053061A930E946A4121963DC2143009F0B0
:107E8C00A7C01091FF30103009F49CC0CF93DF9342
:107E9C0015E01A930E94C273DF91CF910E949075E6
:107EAC0021960E94845B27961091C131103091F17C
:107EBC001091542F1C3480F00091542F0F931FE716
:107ECC00101B1A931CE01A9310E41A930E94D7DA31
:107EDC002396EF90E11A15C01091542F143308F02B
:107EEC0071F41091542F1F931A931CE01A9310E401
:107EFC001A930E94D7DA23960F91100F01C010E449
:107F0C00E12E10E01A93EA920E942141229610E091
:107F1C001093C1311091C231103031F11091552FA5
:107F2C00103671F068F010918F2F112309F01FEFAC
:107F3C00109531F012E01093FC311FEF10938F2F3E
:107F4C001091552F103268F410918F2F112309F0D6
:107F5C001FEF112331F012E01093FC3110E010935D
:107F6C008F2F10E01093C2311091C331103069F093
:107F7C0010E01A9311E01A931091562F1A930E9445
:107F8C00FF40239610E01093C3311091C431103090
:107F9C00C9F01091572F103410E008F01FEF1A831E
:107FAC0010918E2F112309F01FEF012F1A81011749
:107FBC0031F01A8110938E2F12E01093FB3110E0E8
:107FCC001093C431CF93DF9377DDDF91CF9193C1C1
:107FDC00153021F40E94458424968DC1163049F445
:107FEC00CF93DF930E940189DF91CF910E94B55509
:107FFC0082C1173009F07FC1109153061A930E9469
:10800C006A4121961091FF30103009F41DC1009186
:10801C00FE3000FF9BC00091FE3005FF0AC0112707
:10802C0034991FEF10951093FC2E112732991FEFE6
:10803C0009C0112732991FEF10951093FC2E1127B0
:10804C0034991FEF10951093FD2E1091FF2E1123D4
:10805C0009F01FEF1F931091FC2E112309F01FEF55
:10806C000F91011799F11091FC2E112309F01FEFBC
:10807C0010938F2F10E41093FC311091FC2E1123D0
:10808C0009F01FEF1093FF2E0091FE3001FF1BC073
:10809C001091FC2E112309F01FEF112339F01FEF63
:1080AC0010938E2F10E41093FB310DC01091FD2E08
:1080BC00112309F01FEF109531F010E010938E2F63
:1080CC0010E41093FB310E94067921961091002F39
:1080DC00112309F01FEF1F931091FD2E112309F0AE
:1080EC001FEF0F91011709F4AFC01091FD2E112352
:1080FC0009F01FEF10938E2F10E41093FB311091A9
:10810C00FD2E112309F01FEF1093002F0091FE306C
:10811C0001FF18C01091FC2E112309F01FEF1095D0
:10812C001F931091FD2E112309F01FEF10950F9145
:10813C00102341F010E010938E2F10938F2F10E42A
:10814C001093FB310E94067921967EC01091FC2E73
:10815C00112309F01FEF112349F00091012F75E055
:10816C00071760F403950093012F08C00091012FAD
:10817C0070E0701718F40A950093012F1091012FDD
:10818C00153010E008F01FEF1093FC2E112309F0AE
:10819C001FEF1F931091FF2E112309F01FEF109565
:1081AC000F91102359F010918F2F112309F01FEF0D
:1081BC00109510938F2F10E41093FC311091FC2E1E
:1081CC00112309F01FEF1093FF2E1091FD2E112398
:1081DC0009F01FEF112349F00091022F75E00717EA
:1081EC0060F403950093022F08C00091022F70E0F9
:1081FC00701718F40A950093022F1091022F153066
:10820C0010E008F01FEF1093FD2E112309F01FEF63
:10821C001F931091002F112309F01FEF10950F9150
:10822C00102359F010918E2F112309F01FEF109588
:10823C0010938E2F10E41093FB311091FD2E11230F
:10824C0009F01FEF1093002F10911A06139510933D
:10825C001A061F3009F008F448C010E010931A06F3
:10826C0010911906112309F01FEF109510931906A0
:10827C0010915C07113081F4CF93DF9313E01A93C4
:10828C001BE51A9310911906112309F01FEF1A938D
:10829C000E944341DF91CF9110911806112309F0F0
:1082AC001FEF112311F110915C07133051F416E0FC
:1082BC0008E61A930A9310E41A930E94642F2796E7
:1082CC0014C010915C07113081F4CF93DF9313E04D
:1082DC001A931AE51A9310911906112309F01FEF3E
:1082EC001A930E944341DF91CF910091F205002334
:1082FC0011F40E949A8408951091F405103061F4E1
:10830C00CF93DF930E94E2ABDF91CF91CF93DF93BA
:10831C0087D8DF91CF91F0CF109111061395109360
:10832C001106A1E1B6E00C911FEF07FF1127109386
:10833C000F060091F40570E0701718F40A9500937D
:10834C00F4050E94F856CF93DF93D6DCDF91CF91E2
:10835C000E94D35C22960E949F7C2C96082D027062
:10836C0011F45A9A5B9A0895A1ECB1E310E0E4E0A1
:10837C00F0E031960000319711F01D93FCCF10E422
:10838C001093542F1093552F1091FF30103010E094
:10839C0009F01FEF1F930091FE301FEF00FF112714
:1083AC000F91102399F1112732991FEF109510930B
:1083BC00FC2E112734991FEF10951093FD2E1123CD
:1083CC0009F01FEF112349F01FEF10938E2F10E4CB
:1083DC001093FB311FEF1093002F1091FC2E1123E3
:1083EC0009F01FEF112391F01FEF10938F2F10E462
:1083FC001093FC311FEF1093FF2E0091FE3001FF04
:10840C0005C010938E2F10E41093FB31089518E0E3
:10841C00612A06EF17ED1A930A931A81CF93DF9313
:10842C001A9312E01A9310E300E00A931A936894DB
:10843C0063F80E9409DDDF91CF912296089510E038
:10844C000AE01A930A930E946A332296112331F0A0
:10845C0053DF10E00AE00E94F5DAF1CF089522977D
:10846C0010E0198310E0188310E00AE01A930A93C5
:10847C000E946A332296012F18811095102369F0FF
:10848C003BDFFE0131967A8111270981071718F419
:10849C00039500831FEF1095E6CF1091FD0510306A
:1084AC0010E009F01FEF1093FC0518810895259733
:1084BC00E0EFF1ED0D811127000F111FE00FF11FFF
:1084CC0001E00BBF079116911983088310E01A8302
:1084DC0019811A930A9313E008EE1A930A9315E084
:1084EC0007EE1A930A930E947CE22696112319F147
:1084FC00ECEDF3EE08811981085E1340000F111F9B
:10850C00E00FF11F01E00BBF079116911C830B8349
:10851C001F701A83173078F42B813C810091FA304C
:10852C001127022313230F7F1070103009F4003031
:10853C0011F419E01A83EAE9FDEC0A811127E00F26
:10854C00F11F11E01BBF1691089517E00E94F6D79A
:10855C0010E00E942AD80895CF93DF9318811A93C4
:10856C000E941236DF91CF91F0DF089518E0612A56
:10857C0006EF17ED1A930A931A81CF93DF931A9390
:10858C0013E01A9300E00A9310E21A93689463F8CC
:10859C000E9409DDDF91CF912296D7DF08951881D3
:1085AC00103031F4CF93DF9310E01A93D5DF05C070
:1085BC00CF93DF9318811A93D9DFDF91CF91089570
:1085CC001881183040F4CF93DF9310E01A93C4DF76
:1085DC00DF91CF9163C0CF93DF931FEF1A930E946B
:1085EC001236DF91CF91DE01088102FF0BC0CF93D1
:1085FC00DF9318E0612A06EF17ED1A930A93ECEC5F
:10860C00FCEC0AC0CF93DF9318E0612A06EF17ED5C
:10861C001A930A93E1EDFCEC0E94E9DCDF91CF9117
:10862C00DE01088101FF0BC0CF93DF9318E0612AB4
:10863C0006EF17ED1A930A93E6EDFCEC0AC0CF9304
:10864C00DF9318E0612A06EF17ED1A930A93EBED0E
:10865C00FCEC0E94E9DCDF91CF9110910D301130D0
:10866C0010E008F01FEF1F930091F2071091F30731
:10867C00103009F4003010E009F01FEF0F911023B7
:10868C0021F018E40E94F6D708C0088100FF02C050
:10869C0013E301C012E30E94F6D757DF0895CF937E
:1086AC00DF931A811A930E941236DF91CF910E94A8
:1086BC002F31CF93DF9319811A930E941236DF91D9
:1086CC00CF910E942F3118811170113011F413E4E5
:1086DC0001C016E50E94F6D7188116951F5C0E9402
:1086EC00F6D710E00E942AD8089518811C5F1A93BF
:1086FC001AE01A9315E91A930E94D7DA2396089573
:10870C0021970E94B93119811695169516951983E2
:10871C0016951883198111701130C1F4ECE0F0E05A
:10872C00FA93EA9310E010831A811A93108108814E
:10873C00011750F010E00E94F6D7E981FA81108100
:10874C0013951083112399F723961AC0ECE0F0E0EF
:10875C00FA93EA9311E010831A811A93108108811D
:10876C00011750F010E00E94F6D7E981FA811081D0
:10877C0013951083112399F7239611E00E94F6D7D5
:10878C00ECE0F0E0FA93EA931A81108316E01A9366
:10879C0010810881011750F013E00E94F6D7E9818F
:1087AC00FA81108113951083112399F7239612E007
:1087BC000E94F6D7CADE08952297EB81FC8111E066
:1087CC001BBF07910883AA81BB270F5F1127E89471
:1087DC0065F80E941AE03C812B81020F131F1C8349
:1087EC000B83ECE0F0E0FA93EA9310E010831A812B
:1087FC0011501A9310810881011790F0AE81BF813E
:10880C001196AE83BF83FD0111E01BBF17910E942F
:10881C00F6D7E981FA81108113951083112359F74A
:10882C00239693DE089522970D81112719830883CF
:10883C00D801E89465F80E941AE02C810E945AE154
:10884C0098010A811B81020F131F1983088318E0FA
:10885C00612A06EF17ED1A930A930A811B81CF93B5
:10886C00DF931A930A9314E01A9300E00A9310E230
:10887C001A93689463F8E89465F8E89474F875F8BA
:10888C000E9438DFDF91CF912296CF93DF9318E0CF
:10889C00612A06EF17ED1A930A93E0EEFCEC0E94A6
:1088AC00E9DCDF91CF9151DE0895219710E01A9306
:1088BC0010E01A9310E01A930E940AD82396109194
:1088CC001B06112309F01FEF1123A9F110E01A93D5
:1088DC0010E01A9310E01A930E940AD82396CF93B3
:1088EC00DF9318E0612A06EF17ED1A930A93E4EE72
:1088FC00FCEC0E94E9DCDF91CF9110E00E942AD8B9
:10890C0010E01A9310E01A9311E01A930E940AD8FF
:10891C002396CF93DF9318E0612A06EF17ED1A9395
:10892C000A93E8E0F1E30E94F5DCDF91CF9110E0CF
:10893C000E942AD86BC119811B3009F042C0CF9319
:10894C00DF9318E0612A06EF17ED1A930A93E3EF11
:10895C00FCEC0E94E9DCDF91CF91ECE0F0E0FA93C3
:10896C00EA9310E010831BE01A9310810881011721
:10897C0038F1E8E0FFE21127EC0DF11F10811A939A
:10898C00B4DE21961B8310910D30103010E009F4E9
:10899C001FEF1F931C2D183010E011F008F01FEF83
:1089AC000F91102311F01DE202C01B81105D0E947B
:1089BC00F6D7E981FA811081139510831123B1F652
:1089CC0089C01C3009F042C0CF93DF9318E0612AB4
:1089DC0006EF17ED1A930A93E3EFFCEC0E94E9DC27
:1089EC00DF91CF91ECE0F0E0FA93EA9310E0108382
:1089FC001BE01A9310810881011738F1E8E1FFE2BE
:108A0C001127EC0DF11F10811A936FDE21961B8339
:108A1C0010910D30103010E009F41FEF1F931C2D36
:108A2C00183010E011F008F01FEF0F91102311F027
:108A3C001DE202C01B81105D0E94F6D7E981FA810C
:108A4C001081139510831123B1F644C01D3009F029
:108A5C0043C0CF93DF9318E0612A06EF17ED1A930A
:108A6C000A93E3EFFCEC0E94E9DCDF91CF91ECE0A0
:108A7C00F0E0FA93EA9310E010831BE01A93108154
:108A8C000881011738F1E8E2FFE21127EC0DF11F24
:108A9C0010811A932ADE21961B8310910D30103011
:108AAC0010E009F41FEF1F931C2D183010E011F08B
:108ABC0008F01FEF0F91102311F01DE202C01B8173
:108ACC00105D0E94F6D7E981FA811081139510830D
:108ADC001123B1F6239629C0CF93DF9318E0612AB6
:108AEC0006EF17ED1A930A93E0E2F3ED0E94E9DC2E
:108AFC00DF91CF9110E01A931BE01A9310E01A93B8
:108B0C000E940AD82396CF93DF93109114301A93B6
:108B1C007EDCDF91CF9110910706103021F417E025
:108B2C000E94F6D702C00E942F3110E00E942AD872
:108B3C0010E01A9310E01A9311E01A930E940AD8CD
:108B4C00239619811A3010E009F41FEF1F9310912E
:108B5C001430103010E009F01FEF0F91102391F03A
:108B6C00CF93DF9318E0612A06EF17ED1A930A935F
:108B7C00E8E0F1E30E94F5DCDF91CF9110E00E9478
:108B8C002AD844C015E50E94F6D7CF93DF931091F5
:108B9C0015301A933CDCDF91CF9119811B3021F4F5
:108BAC0017E00E94F6D702C00E942F310E942F318D
:108BBC001CE40E94F6D7CF93DF93109116301A93D2
:108BCC0026DCDF91CF9119811C3021F417E00E9433
:108BDC00F6D702C00E942F310E942F3110E50E945F
:108BEC00F6D7CF93DF93109117301A9310DCDF91E7
:108BFC00CF9119811D3021F417E00E94F6D702C0E5
:108C0C000E942F310E942F310E942F31089510E0C5
:108C1C001A931EE01A9311E01A930E940AD8239615
:108C2C001881112321F01AE20E94F6D702C00E948B
:108C3C002F3108952397EE81FF81008111270F9327
:108C4C001F930B8100230AF41FEF3F912F91020F0A
:108C5C00131F1A83098310E018832D8133271A817F
:108C6C00A0E81A273A27131709F4021718F412E090
:108C7C0018830EC02C8133271A810981A0E81A278A
:108C8C003A27131709F4021719F010F011E01883A2
:108C9C0009811A811A930A930F8111271A930A9347
:108CAC00088511271A930A930E9469E226961A8363
:108CBC000983EE81FF8100831881089563971C89D5
:108CCC0013951C8B0091083111270F5F1F4F1983CF
:108CDC000883FE013296DF0110E2E0E1F0E031960C
:108CEC000000319711F01D93FCCFFE0132960881E4
:108CFC001981DF01F1E3E8E098010E940DDB1EE031
:108D0C001A831B8920E812271038E1F0FE013296F5
:108D1C000C891127E00FF11F10811A8BFE0172963E
:108D2C00FA93EA9310E21A931FE71A931F891A9386
:108D3C0081DF2896FE0132960C891127E00FF11F76
:108D4C001A891083FE013296A8E0B1E320E130E0ED
:108D5C000E940DDBE8E0F1E3EF93FF933196FA9379
:108D6C00EA931FE01A9317EF61221FEB6122E8E0F0
:108D7C00F1E3EF93FF93008121E03327E00FF31F22
:108D8C00002331F010813197103211F40A95F8CF8D
:108D9C00102F022FFF91EF910E94D6DC1FE008816B
:108DAC00101BFF91EF911083239610E01A9310E0A3
:108DBC001A9311E01A930E940AD82396CF93DF934B
:108DCC0018E0612A06EF17ED1A930A93E8E0F1E335
:108DDC000E94F5DCDF91CF9110E00E942AD810910F
:108DEC000831089521970E9442311A81112371F0A4
:108DFC00AD81BE811B810E94ADE2012F1A8110272B
:108E0C001883AD81BE810B810E94D5E210E01A93CC
:108E1C0010E01A9311E01A930E940AD82396ECE002
:108E2C00F0E0FA93EA9310E010831E811A931081FC
:108E3C000881011780F11C811F931C2D123029F021
:108E4C00133019F0153009F0183010E009F41FEF49
:108E5C000F91102B69F0A885B9851C2D0E94ADE2ED
:108E6C00112311F011E001C010E00E94F6D70CC0E4
:108E7C00A885B9851C2D0E94ADE2112311F013E0D9
:108E8C0001C012E00E94F6D7E981FA811081139596
:108E9C001083112369F62396089561971B8920E8A6
:108EAC001227103810E009F01FEF1C8719891123C5
:108EBC0021F010E01C8710E01B8BE8E5F1ED009130
:108ECC0007061127E00FF11F11E01BBF1691188B3D
:108EDC00109107061A930E94EA3224961F83109170
:108EEC0007061A93E4DA26961883E0EFF1ED009169
:108EFC0007061127000F111FE00FF11F01E00BBF38
:108F0C00079116911B870A8718891D3039F028F4B0
:108F1C001A3018F040E0189401C041E051F51C855E
:108F2C001123D1F008890A500D83E4E1F0E31127F5
:108F3C00E00FF11FFA93EA9310E01A931A851A9333
:108F4C001F891A9377DE2896E1E8F2E30D81112749
:108F5C00E00FF11F10E81193CF93DF9318891A9348
:108F6C00A4DCDF91CF9110E01093FE050E94EF344A
:108F7C0081C51A89112349F0CF93DF93109107060D
:108F8C001A930E94AE35DF91CF91109107061A9378
:108F9C000E9483332496113008F021F5CF93DF9390
:108FAC0060976F92FE01EF93FF933196FA93EA93D9
:108FBC001FE01A9317EF61221FEB6122E7EFFCEC25
:108FCC000E94E9DC1FE00881101BFF91EF911083D8
:108FDC0023966F900E94FA35DF91CF9110E00E949A
:108FEC002AD848C518891E3011F40E945B291889AB
:108FFC001A3219F410E01E830DC00A851B851A93D2
:10900C000A93FE013896FA93EA9310E01A930E94A1
:10901C007B912A961E81103010E009F01FEF1D87FE
:10902C001C85112311F11B8920E81227103821F01F
:10903C0018F01FEF1D8707C01B8920E81227103876
:10904C0010F410E01D871889153119F41D851E8345
:10905C000CC0FE013696FA93EA9310E01A931A8527
:10906C001A931F891A93E6DD289610E01A931EE0D6
:10907C001A9310E01A930E940AD8239618810E9422
:10908C00F6D710E01A9310E01A9311E01A930E948D
:10909C000AD8239610E000E01F870E87188912303B
:1090AC0029F41E811A932CDB229697C41330D0F12D
:1090BC00193009F0B8F518891350E12E10E01A9305
:1090CC0010E01A9311E01A930E940AD823961B8978
:1090DC0020E812271038D9F4CF93DF9318E0612AD7
:1090EC0006EF17ED1A930A930E2D1127A0E1B0E0AD
:1090FC00E89465F80E941AE0F7E0EEE6E00FF11F45
:10910C000E94F5DCDF91CF9110E00E942AD8EEE5A9
:10911C00F7E01127EE0DF11F1FEF108310E01A93EB
:10912C001DE0B4C1183209F0B4C010910D301130EB
:10913C00B9F410E01A9310E01A9310E01A930E94FD
:10914C000AD82396CF93DF9318E0612A06EF17ED28
:10915C001A930A93E1E0FDEC0E94E9DCDF91CF91D8
:10916C0010E01A9317E01A9310E01A930E940AD891
:10917C002396CF93DF9318E0612A06EF17ED1A932D
:10918C000A93109101060BE0011B1127A7E0B0E038
:10919C00E89465F80E941AE0FEEDE0E8E00FF11F9C
:1091AC000E94E9DCDF91CF9110E20E94F6D7FE011C
:1091BC003396EF93FF9310E21A930E94511E23965D
:1091CC00FF91EF911083FE013496EF93FF9318E219
:1091DC001A930E94511E2396FF91EF9110830B81DD
:1091EC001C811A830983FE013396FA93EA9310913A
:1091FC0002061A93109101061A931D891A9310E016
:10920C001A93F0DD27961B811A9310E21A930E9491
:10921C007F1E22961C811A9318E21A930E947F1EBD
:10922C00229610910D30113099F50B811C810E9402
:10923C00EDE21F9309811A810E94EDE20F91011753
:10924C0089F080F0CF93DF9310E000E81A930A9333
:10925C001FEF1A9310E01A9310E81A930E947F964E
:10926C00DF91CF910B811C81103009F4003081F417
:10927C00CF93DF9310E000E81A930A9310E01A934F
:10928C0010E01A9310E81A930E947F96DF91CF9109
:10929C00B5C0193209F068C010E01A9310E01A93A7
:1092AC0010E01A930E940AD82396CF93DF9318E00C
:1092BC00612A06EF17ED1A930A93E9E0FDEC0E9480
:1092CC00E9DCDF91CF91CF93DF9318E0612A06EFB1
:1092DC0017ED1A930A93109101060BE0011B11274D
:1092EC00A7E0B0E0E89465F80E941AE0FEEDE0E833
:1092FC00E00FF11F0E94E9DCDF91CF9110E20E9498
:10930C00F6D7FE013396EF93FF9310E31A930E9466
:10931C00511E2396FF91EF911083FE013496EF932B
:10932C00FF9318E31A930E94511E2396FF91EF911D
:10933C001083FE013396FA93EA93109102061A9366
:10934C00109101061A931D891A9310E01A934ADDA5
:10935C0027961B811A9310E31A930E947F1E229664
:10936C001C811A9318E346C0173209F049C010E06B
:10937C001A9314E01A9310E01A930E940AD82396B9
:10938C00CF93DF9318E0612A06EF17ED1A930A9337
:10939C00009101061127A9E0B0E0E89465F80E945D
:1093AC001AE0FEEDE8E3E00FF11F0E94E9DCDF912B
:1093BC00CF9110E20E94F6D7FE013396EF93FF9304
:1093CC0010E11A930E94511E2396FF91EF91108386
:1093DC00FE013396FA93EA9317E01A931091010663
:1093EC001A931D891A931FEF1A93FCDC27961B8185
:1093FC001A9310E11A930E947F1E2296A6D8EDC2F2
:10940C001A3179F4CF93DF93109101061A931C89CA
:10941C001A9354DCDF91CF9110E01E8310E01C876F
:10942C00DCC21F3039F4CF93DF9310910F301A93B5
:10943C00B6D8D1C21E3039F4CF93DF9310910E30D1
:10944C001A93BED8C8C2103141F5CF93DF93109157
:10945C008C2F112309F01FEF1A9310918D2F1123CC
:10946C0009F01FEF1A9318851A9319D9DF91CF9130
:10947C0010E01A931FE01A9310E01A930E940AD876
:10948C0023960E942F3110E01A931AE01A9311E0E0
:10949C001A930E940AD82396B1CF1131B1F4CF930D
:1094AC00DF931D851A9310918D2F112309F01FEF57
:1094BC001A93109110301A93F2D8DF91CF911D8529
:1094CC001E8310E01A9313E017C01231F9F4CF93F6
:1094DC00DF9310918C2F112309F01FEF1A931E8527
:1094EC001A93109110301A93DAD8DF91CF911D8511
:1094FC001E8310E01A9317E01A9311E01A930E943E
:10950C000AD8239617E00E94F6D767C2183109F0E3
:10951C004CC00A851B851A930A93FE013896FA9360
:10952C00EA9310E01A930E947B912A961E81185E92
:10953C00D12EEDE0F0E0FA93EA9310E01A931A853D
:10954C001A931F891A9376DB28961D2D18511E83AA
:10955C000E942F311E81103868F01DE20E94F6D750
:10956C0018E0612A06EF17ED1A930A930885112764
:10957C00101B0AC01BE20E94F6D718E0612A06EF06
:10958C0017ED1A930A931885CF93DF931A9310E073
:10959C001A9310E01A9310E21A93689463F80E94DD
:1095AC0009DDDF91CF912296F9C01A3229F5CF93BC
:1095BC00DF9360976F92FE01EF93FF933196FA93CE
:1095CC00EA931FE01A9317EF61221FEB6122E1E18E
:1095DC00FDEC0E94E9DC1FE00881101BFF91EF916C
:1095EC00108323966F900E94FA35DF91CF910E94E1
:1095FC002F310E946035F1C1153139F4CF93DF93CF
:10960C001D851A930E94B2C2E6C1163169F4CF933C
:10961C00DF931E811F5F1A930E94BCC2DF91CF9112
:10962C0010E010935C07D9C11B3249F4CF93DF9340
:10963C001E811A9313E01A9310E000E215C01C323D
:10964C0049F4CF93DF931E811A9312E01A9310E022
:10965C0000E80AC01D3261F4CF93DF931E811A9388
:10966C0011E01A9312E000E01A930A93DCD8B3C10C
:10967C00173109F04EC01E811730B0F0CF93DF9335
:10968C0018E0612A06EF17ED1A930A931BE20E9469
:10969C00B7DFDF91CF9118E0612A06EF17ED1A932F
:1096AC000A931885175016C0CF93DF9318E0612AE0
:1096BC0006EF17ED1A930A931DE20E94B7DFDF91B4
:1096CC00CF9118E0612A06EF17ED1A930A930885DB
:1096DC0017E0101BCF93DF931A9310E01A9310E04E
:1096EC001A9310E21A93689463F80E9409DDDF91D3
:1096FC00CF912296CF93DF9318E0612A06EF17EDF6
:10970C001A930A93E0EEFCEC0E94E9DCDF91CF9116
:10971C0045C0143219F40CEF1DED78C01B3119F44F
:10972C0008E01CED73C01D3119F404ED1EED6EC084
:10973C001C3119F400E51CED69C01F3191F51E8137
:10974C0010937A30CF93DF931A930E94A62CDF915B
:10975C00CF910E94453E10E01093E732CF93DF93F8
:10976C0060976F92FE01EF93FF933196FA93EA9311
:10977C001FE01A9317EF61221FEB6122E4E8FAE174
:10978C000E94F5DC1FE00881101BFF91EF91108304
:10979C0023966F900E94FA35DF91CF910E94ABC255
:1097AC001CC11E3119F40CE71FED30C0103219F436
:1097BC0004E31FED2BC01532A1F410910108112305
:1097CC0009F01FEF109551F01E811A9310E01A93B7
:1097DC0013E01A930E941CE223961E830CE71CEDE7
:1097EC0015C01632B1F410910108112309F01FEFC6
:1097FC00109551F01E811A9310E01A9315E01A93EC
:10980C000E941CE223961E830CE31DED1F870E871E
:10981C00E4C01E3209F0A0C01A89112309F447C014
:10982C00CF93DF9360976F92FE01EF93FF93319686
:10983C00FA93EA931FE01A9317EF61221FEB612250
:10984C00E0E2FDEC0E94E9DC0FE01881011BFF91C6
:10985C00EF91008323966F900E94FA35DF91CF91A0
:10986C00CF93DF9326976F92FE01EF93FF93319680
:10987C00FA93EA9315E01A9317EF61221FEB61221A
:10988C00E8E2FDEC0E94E9DC05E01881011BFF9188
:10989C00EF91008323966F9010E01A930E94A437E7
:1098AC00DF91CF9110930E0610E0109318311091A8
:1098BC000E06103071F1E8E1F1E3FA93EA9310E04F
:1098CC001A9310910E0611501A931F891A93B2D93C
:1098DC002896CF93DF9360976F92FE01EF93FF93DF
:1098EC003196FA93EA931FE01A9317EF61221FEB5C
:1098FC006122009118311127A0E1B0E0E89465F8DD
:10990C000E941AE0FBE2E4E1E00FF11F0E94F5DC9B
:10991C0014C0CF93DF9360976F92FE01EF93FF9388
:10992C003196FA93EA931FE01A9317EF61221FEB1B
:10993C006122EEE2FDEC0E94E9DC1FE00881101BC5
:10994C00FF91EF91108323966F900E94FA35DF916F
:10995C00CF910E942F3136C0113331F0123321F0E8
:10996C001F3211F0103389F510E01A931EE01A9390
:10997C0010E01A930E940AD823960E942F31CF939D
:10998C00DF9360976F92FE01EF93FF933196FA93FA
:10999C00EA931FE01A9317EF61221FEB6122E1E1BA
:1099AC00FDEC0E94E9DC1FE00881101BFF91EF9198
:1099BC00108323966F900E94FA35DF91CF9110E0BF
:1099CC00109309060E94603555C0CF93DF931E811A
:1099DC001A930E94BCC2DF91CF910E851F85103067
:1099EC0009F4003049F00E851F851A930A931885E7
:1099FC001A930E94E2C325960A851B851A930A9333
:109A0C00EDE0F0E0FA93EA931FEF1A930E947B913A
:109A1C002A961C851123B1F0CF93DF930A851B8501
:109A2C001A930A9318851A9310E01A9310E81A9354
:109A3C000E940998DF91CF910E810D1519F01FEF3F
:109A4C00109314061889193221F018F4173208F003
:109A5C00189429F41C851A93DAD821960BC0CF934D
:109A6C00DF930E810D1510E009F01FEF1A93CFD87C
:109A7C00DF91CF91089521971B811883CF93DF93AA
:109A8C0019811A930E949336DF91CF910E9425C2BF
:109A9C0010E01A9314E01A9311E01A930E940AD85A
:109AAC002396CF93DF9318811A930E940DC2DF91F6
:109ABC00CF9117E00E94F6D70E9482C10E94173303
:109ACC002396FE01FA93EA9310E01A931D811A93E0
:109ADC0010910C061A93AED8289610E00AE01A934F
:109AEC000A930E946A332296112391F218810895E9
:109AFC0022971B811983CF93DF931A811A930E94AB
:109B0C009336DF91CF910E9425C210E01A9310E09A
:109B1C001A9311E01A930E940AD823961FE0188317
:109B2C001A811F3409F03CC010910108112309F06F
:109B3C001FEF109551F018811A9310E01A9313E04F
:109B4C001A930E941CE223961883CF93DF9360979D
:109B5C006F92FE01EF93FF933196FA93EA931FE015
:109B6C001A9317EF61221FEB61220C891127ACE0CD
:109B7C00B0E0E89465F80E941AE0FCEDECE7E00F29
:109B8C00F11F0E94E9DC1FE00881101BFF91EF918F
:109B9C00108323966F900E94FA35DF91CF913EC0CF
:109BAC001A811235D9F510910108112309F01FEF14
:109BBC00109551F018811A9310E01A9315E01A932E
:109BCC000E941CE223961883CF93DF9360976F92C9
:109BDC00FE01EF93FF933196FA93EA931FE01A93E9
:109BEC0017EF61221FEB61220C891127ACE0B0E06A
:109BFC00E89465F80E941AE0FDEDECE3E00FF11F2C
:109C0C000E94E9DC1FE00881101BFF91EF9110838B
:109C1C0023966F900E94FA35DF91CF9117E00E9446
:109C2C00F6D70E9482C10E9417332396FE0131960B
:109C3C00FA93EA9310E01A931B811A9310910C0675
:109C4C001A930E9420C6289610E00AE01A930A93F1
:109C5C000E946A332296112309F457CF1981089573
:109C6C002597CF93DF9314E61A930E9435C2DF91A8
:109C7C00CF91112309F448C2E8E5F1ED00910706F4
:109C8C001127E00FF11F11E01BBF169118831091E3
:109C9C0007061A930E945DC226961B8318811A3000
:109CAC0011F413E40BC01B3011F415E507C01C3084
:109CBC0011F41CE403C01D3019F410E51B836BC1B7
:109CCC001E3209F04BC010910E06103009F453C22D
:109CDC00EBE2F8E0EF93FF933196FA93EA931FE1EE
:109CEC001A9317EF61221FEB612200911831112793
:109CFC00A0E1B0E0E89465F80E941AE0FBE2E4E130
:109D0C00E00FF11F0E94F5DC0FE11881011BFF91A0
:109D1C00EF9100832396CF93DF932D976F92FE01E3
:109D2C00EF93FF933196FA93EA931CE01A9317EF93
:109D3C0061221FEB6122EBE2F8E00E94F5DC0CE003
:109D4C001881011BFF91EF91008323966F900E9465
:109D5C0071ACDF91CF910E9425C218C11F3209F05E
:109D6C0057C016E002EA1A930A931FE71A930E944F
:109D7C00642F279610E002E30E94F5DA16E003EA5E
:109D8C001A930A931FE71A930E94642F2796CF9376
:109D9C00DF9360976F92FE01EF93FF933196FA93E6
:109DAC00EA931FE01A9317EF61221FEB6122E6E39F
:109DBC00FDEC0E94E9DC0FE01881011BFF91EF9193
:109DCC00008323966F900E948A35DF91CF91CF93B9
:109DDC00DF9360976F92FE01EF93FF933196FA93A6
:109DEC00EA931FE01A9317EF61221FEB6122E5E45F
:109DFC00FDEC0E94E9DC1FE00881101BFF91EF9144
:109E0C00108323966F900E94FA35DF91CF91B6C0E4
:109E1C001233A9F511E010938508CF93DF9310E26C
:109E2C0001E11A930A9310E01A930E94AA9FDF9102
:109E3C00CF9110E00E9422D8CF93DF9360976F925E
:109E4C00FE01EF93FF933196FA93EA931FE01A9376
:109E5C0017EF61221FEB6122E5E5FDEC0E94E9DCC6
:109E6C001FE00881101BFF91EF91108323966F90D8
:109E7C000E948A35DF91CF910E9425C27CC110339C
:109E8C0009F089C00E94DA2C229610E00E9422D898
:109E9C00CF93DF9360976F92FE01EF93FF93319610
:109EAC00FA93EA931FE01A9317EF61221FEB6122DA
:109EBC00EFE5FDEC0E94E9DC0FE01881011BFF913E
:109ECC00EF91008323966F900E948A35DF91CF919A
:109EDC00CF93DF9360976F92FE01EF93FF933196D0
:109EEC00FA93EA931FE01A9317EF61221FEB61229A
:109EFC00EDE6FDEC0E94E9DC1FE00881101BFF91F0
:109F0C00EF91108323966F900E94FA35DF91CF91D9
:109F1C00ECE0F0E0FA93EA9310E010831FEF1A9351
:109F2C0010810881011770F0E5E7F1E31127EC0DC2
:109F3C00F11F11E01083E981FA81108113951083D0
:109F4C00112379F72396ECE0F0E0FA93EA9310E012
:109F5C0010831FEF1A9310810881011770F0E5E749
:109F6C00F2E31127EC0DF11F11E01083E981FA8166
:109F7C00108113951083112379F7239615E01A930A
:109F8C000E943021219610E00E9422D810910706E1
:109F9C0010930406F0C01B81103209F4ECC01B8135
:109FAC001334F9F41FEF10931806CF93DF9310912D
:109FBC0071311A9313E61A931D811A935CDDDF91AC
:109FCC00CF9110931430CF93DF93E4E1F0E3FA9345
:109FDC00EA930E940363DF91CF9110E010938132DA
:109FEC008AC0153589F4CF93DF93109115301A93ED
:109FFC001FE01A931D811A933EDDDF91CF911093D0
:10A00C0015300E94CA6577C01C3489F4CF93DF9356
:10A01C00109116301A931FE01A931D811A932BDDA1
:10A02C00DF91CF91109316300E94116664C01035E9
:10A03C0089F4CF93DF93109117301A931FE01A9382
:10A04C001D811A9318DDDF91CF91109317300E9468
:10A05C00586651C01F3481F4CF93DF9310911130A7
:10A06C001A931FE41A9344DDDF91CF9110931130B2
:10A07C001A930E94995F11C0123589F4CF93DF9324
:10A08C00109112301A9312E51A9332DDDF91CF91B1
:10A09C00109312301A930E94E05E21962CC0143457
:10A0AC0051F5E0EFF1ED009107061127000F111F9C
:10A0BC00E00FF11F01E00BBF079116911A83098382
:10A0CC001A930A93FE013696FA93EA9310E01A93C8
:10A0DC000E947B912A96CF93DF9309811A811A9360
:10A0EC000A931E811A931FEF1A9310E01A930E9481
:10A0FC000998DF91CF91CF93DF931B811A930E9424
:10A10C00FF36DF91CF9137C0082D027081F410918A
:10A11C000906112309F01FEF10951093090610E0A2
:10A12C0008ECE0EFF5E0B2E00E94A8E10AC010E014
:10A13C0010931B0610930906109307061FEF10933C
:10A14C0000061091F807112309F01FEF112399F065
:10A15C0010E010938508CF93DF9310E201E11A937E
:10A16C000A9310E01A930E94AA9FDF91CF9110914D
:10A17C00070610930406089521971091042F1123BC
:10A18C0009F01FEF109509F01CC21091052F112337
:10A19C0009F01FEF112399F110E01A930E94511E40
:10A1AC0023960FEF1027D12E10918E2F112309F02B
:10A1BC001FEF112359F010911006112309F01FEF16
:10A1CC00112339F01D2D00E4102702C01D2D106441
:10A1DC00D12E1091F607112309F01FEF1F93109148
:10A1EC00882F112309F01FEF10950F91102B19F0E8
:10A1FC001D2D1F60D12E1D2D4AE331E069D70E9421
:10A20C00173323960E9467350091FD0503FF2CC080
:10A21C001091FE05112309F01FEF112341F0CF938C
:10A22C00DF9310E01A9310E01A931FEF16C0CF9330
:10A23C00DF9316DDDF91CF910E9425C20E94DD32A3
:10A24C0010E010930C060E9451342196CF93DF93AB
:10A25C0010E01A931FEF1A9310E01A930E9453C741
:10A26C00DF91CF910E94EF341091FC05112309F07E
:10A27C001FEF112309F4B1C010E01A931BE71A93D6
:10A28C001FE71A930E94FF40239611E01A931BE7D5
:10A29C001A931FE71A930E94FF40239612E01A9319
:10A2AC001BE71A931FE71A930E94FF40239610E0B6
:10A2BC0010931C0610910B0620E81227103810E0A2
:10A2CC0011F008F01FEF1F9310910006112309F0F5
:10A2DC001FEF0F91102311F010E015C010910B0619
:10A2EC0020E81227103810E011F008F01FEF1F9330
:10A2FC0010910006112309F01FEF10950F911023F8
:10A30C0029F010910806109307064EC010910B0609
:10A31C0020E8122710381FEF08F011271F93109117
:10A32C000006112309F01FEF0F911023B9F00091D3
:10A33C00070600930806E2E4F1ED1127E00FF11F88
:10A34C0011E01BBF16911093070610E01A930E94A0
:10A35C00A234269610E01093010626C010910B062D
:10A36C0020E8122710381FEF08F011271F931091C7
:10A37C000006112309F01FEF10950F911023A1F087
:10A38C00E2E4F1ED009108061127E00FF11F11E056
:10A39C001BBF16911093070610E01A930E94A2346B
:10A3AC00269610E01093010610E0109309060E9407
:10A3BC0051342196CF93DF9310E01A931FEF1A9329
:10A3CC0010E01A930E9453C7DF91CF910E94EF3493
:10A3DC000E9425C210E010930C061091FB0511236E
:10A3EC0009F01FEF112309F46EC010910906112317
:10A3FC0009F01FEF112341F0CF93DF9310910C065E
:10A40C001A9310E01A9353C01091FF05112309F011
:10A41C001FEF1F931091FE05112309F01FEF0F91F1
:10A42C00102BE9F0E1E0F6E0FA93EA9310E01A93CE
:10A43C00109102061A9310910C061A930E9420C6D2
:10A44C0028961883113011F411E004C018811230D1
:10A45C0021F51FEF1A930E94A23426961EC010916C
:10A46C000C061A930E94A23426960E94513421960F
:10A47C0010910C0620E81227103829F020F010E07B
:10A48C00109301060AC010910C0620E81227103810
:10A49C0020F410910206109301060E94513421966B
:10A4AC00CF93DF9310E01A931FEF1A9310E01A93D7
:10A4BC000E9453C7DF91CF910E94EF34E0EFF5E09B
:10A4CC000DEF0E9492E1ADEFB0E30C911FEF07FF8F
:10A4DC0011271F93109106061F3F10E009F01FEF84
:10A4EC000F91102339F010910606109305061FEFFB
:10A4FC0010930606109105061F3F29F110910706CF
:10A50C001093040610910506109307060E9451340F
:10A51C002196CF93DF9310E01A931FEF1A9310E05C
:10A52C001A930E9453C7DF91CF9111E004EFE0EF33
:10A53C00F5E0B2E00E94A8E1109104061093070622
:10A54C001FEF10930506082D0270D9F51091040623
:10A55C001F3FC9F010910406109307060E94513456
:10A56C002196CF93DF9310E01A931FEF1A9310E00C
:10A57C001A930E9453C7DF91CF911FEF10930406DB
:10A58C001FEF1093030610910306112309F01FEF20
:10A59C001123B9F0CF93DF9310E01A9310E01A93C4
:10A5AC001A930E9453C7DF91CF910E94EF3410E0B1
:10A5BC0002E3E0EFF5E0B2E00E94A8E110E01093B6
:10A5CC000306089500B103700093F5051091F6058C
:10A5DC00011799F11091F505103039F51091F70527
:10A5EC00133019F51091F605113071F41091F8052E
:10A5FC0013951093F8051091F90513951093F9051F
:10A60C001FEF1093FA0511C01091F605123069F482
:10A61C001091F8051A951093F8051091F9051A95F3
:10A62C001093F9051FEF1093FA051091F60510938E
:10A63C00F7051091F5051093F6051091F405139597
:10A64C001093F4050895CF93DF930E94F78DDF915B
:10A65C00CF910E94BAC1CF93DF930E94A273DF9176
:10A66C00CF9115E010935C07CF93DF930E94018983
:10A67C00DF91CF910E94843710910308112309F0C8
:10A68C001FEF112309F450C2CF93DF932D976F92D4
:10A69C00FE01EF93FF933196FA93EA931CE01A9321
:10A6AC0017EF61221FEB61221CE50E94B7DF0CE063
:10A6BC001881011BFF91EF91008323966F902D97CA
:10A6CC006F92FE01EF93FF933196FA93EA931CE09D
:10A6DC001A9317EF61221FEB6122EFE4F6EC0E9454
:10A6EC00E9DC0CE01881011BFF91EF9100832396AC
:10A6FC006F9017E21A930E948414DF91CF9111236B
:10A70C0009F4EAC0CF93DF932D976F92FE01EF937C
:10A71C00FF933196FA93EA931CE01A9317EF612298
:10A72C001FEB61221CE50E94B7DF0CE01881011BB6
:10A73C00FF91EF91008323966F902D976F92FE01FE
:10A74C00EF93FF933196FA93EA931CE01A9317EF69
:10A75C0061221FEB6122E6E6F6EC0E94E9DC0CE0DC
:10A76C001881011BFF91EF91008323966F9017E2E4
:10A77C001A930E948414DF91CF911123C9F1CF93C6
:10A78C00DF932D976F92FE01EF93FF933196FA931F
:10A79C00EA931CE01A9317EF61221FEB61221CE570
:10A7AC000E94B7DF0CE01881011BFF91EF91008331
:10A7BC0023966F902D976F92FE01EF93FF93319636
:10A7CC00FA93EA931CE01A9317EF61221FEB6122B4
:10A7DC00E6E6F6EC0E94E9DC0CE01881011BFF9127
:10A7EC00EF91008323966F900E947317DF91CF91A6
:10A7FC00CF93DF932D976F92FE01EF93FF933196DA
:10A80C00FA93EA931CE01A9317EF61221FEB612273
:10A81C001CE50E94B7DF0CE01881011BFF91EF9142
:10A82C00008323966F902D976F92FE01EF93FF9309
:10A83C003196FA93EA931CE01A9317EF61221FEBFF
:10A84C006122EFE4F6EC0E94E9DC0CE01881011BBC
:10A85C00FF91EF91008323966F902D976F92FE01DD
:10A86C00EF93FF933196FA93EA931CE01A9317EF48
:10A87C0061221FEB6122E6E6F6EC0E94E9DC0CE0BB
:10A88C001881011B102FFF91EF91008323966F907D
:10A89C000E940E13DF91CF91CF93DF932D976F9280
:10A8AC00FE01EF93FF933196FA93EA931CE01A930F
:10A8BC0017EF61221FEB6122E6E6F6EC0E94E9DC61
:10A8CC000CE01881011BFF91EF91008323966F9090
:10A8DC000E9471ACDF91CF91CF93DF932D976F9244
:10A8EC00FE01EF93FF933196FA93EA931CE01A93CF
:10A8FC0017EF61221FEB61221CE50E94B7DF0CE011
:10A90C001881011BFF91EF91008323966F902D9777
:10A91C006F92FE01EF93FF933196FA93EA931CE04A
:10A92C001A9317EF61221FEB6122EBE5F6EC0E9404
:10A93C00E9DC0CE01881011BFF91EF910083239659
:10A94C006F9017E21A930E948414DF91CF91112318
:10A95C0009F4EAC0CF93DF932D976F92FE01EF932A
:10A96C00FF933196FA93EA931CE01A9317EF612246
:10A97C001FEB6122EBE5F6EC0E94E9DC0CE01881A0
:10A98C00011B102FFF91EF91008323966F900E9473
:10A99C0071ACDF91CF91112309F4C6C0CF93DF9333
:10A9AC002D976F92FE01EF93FF933196FA93EA93F2
:10A9BC001CE01A9317EF61221FEB61221CE50E9429
:10A9CC00B7DF0CE01881011BFF91EF9100832396F8
:10A9DC006F902D976F92FE01EF93FF933196FA9340
:10A9EC00EA931CE01A9317EF61221FEB6122E3E755
:10A9FC00F6ECE9D70CE01881011BFF91EF91008375
:10AA0C0023966F9017E21A930E948414DF91CF91D2
:10AA1C001123C1F1CF93DF932D976F92FE01EF932A
:10AA2C00FF933196FA93EA931CE01A9317EF612285
:10AA3C001FEB61221CE50E94B7DF0CE01881011BA3
:10AA4C00FF91EF91008323966F902D976F92FE01EB
:10AA5C00EF93FF933196FA93EA931CE01A9317EF56
:10AA6C0061221FEB6122E3E7F6ECADD70CE0188115
:10AA7C00011BFF91EF91008323966F900E94731737
:10AA8C00DF91CF91CF93DF932D976F92FE01EF93D0
:10AA9C00FF933196FA93EA931CE01A9317EF612215
:10AAAC001FEB61221CE50E94B7DF0CE01881011B33
:10AABC00FF91EF91008323966F902D976F92FE017B
:10AACC00EF93FF933196FA93EA931CE01A9317EFE6
:10AADC0061221FEB6122EBE5F6EC75D70CE01881D7
:10AAEC00011BFF91EF91008323966F902D976F922E
:10AAFC00FE01EF93FF933196FA93EA931CE01A93BD
:10AB0C0017EF61221FEB6122E3E7F6EC5CD70CE058
:10AB1C001881011B102FFF91EF91008323966F90EA
:10AB2C000E940E13DF91CF9110E0109393081093B5
:10AB3C005C07E3E0F1E0F89411931193108367FC48
:10AB4C0078941EE3CFD30E9482C110910008173075
:10AB5C00D1F71091042F112309F01FEF112331F0BD
:10AB6C00CF93DF9309DBDF91CF91EDCF10E001E0C4
:10AB7C0036D5E9CF11E01BBFF8941BE30AE41EBFE6
:10AB8C000DBF1127E0E1F0E0A0E0B0E0319600004D
:10AB9C00319711F01D93FCCFA0E0B1E0E0E0F0E4C0
:10ABAC0010E031960000319711F01D93FCCFCDE9E8
:10ABBC00DCE3F8941FE76122A8EEB5E3ECEEF7EEC8
:10ABCC0028E030E001D009C011E01BBF215030401B
:10ABDC0018F017911D93FACF089513E81093010103
:10ABEC0016BD14E015BD11E010936E0018E1109322
:10ABFC00C10010E11093C40010E01093C50010E0E8
:10AC0C001093030110930401109305011091C100DE
:10AC1C0010681093C10010E01093A6011093A701C7
:10AC2C001093A80116E01093C2001091C6002C9A44
:10AC3C002E9A279A259A249A00000000000010E50D
:10AC4C001CBD00000000000000000000000000001F
:10AC5C0000000DB50EB51CE01093B8001FEF10935B
:10AC6C00CB0112E31093CA01662477240E94D41DF1
:10AC7C00EACCEF93FF930F931F931FB71F93109181
:10AC8C00010106B5100F16BD1FE761229BDC009178
:10AC9C00C901002319F00A950093C9011091020112
:10ACAC00112319F01A9510930201E091C705F09148
:10ACBC00C805FF2311F4EE2331F03197E093C7055B
:10ACCC00F093C80519F4182D1E7F812EE091F00524
:10ACDC00F091F105FF2311F4EE2331F03197E0935D
:10ACEC00F005F093F10519F4182D1D7F812E1091AC
:10ACFC00F205112319F011501093F2051091F30580
:10AD0C00112319F011501093F305109108361123EB
:10AD1C0019F011501093083610912D36112319F09B
:10AD2C00115010932D3610912E36112319F011500D
:10AD3C0010932E3610912F36112319F011501093B9
:10AD4C002F3610E8612A1F911FBF1F910F91FF91A1
:10AD5C00EF911895EF93FF930F931F931FB71F93CA
:10AD6C001091A801112331F41091C1001F7D109393
:10AD7C00C10020C00091A7011127E9EAF1E0E00F22
:10AD8C00F11F10811093C6001091A8011A95109311
:10AD9C00A80129F41091C1001F7D1093C1001091DE
:10ADAC00C00010641093C0000395003209F4002712
:10ADBC000093A7011F911FBF1F910F91FF91EF915E
:10ADCC001895EF93FF930F931F931FB71F93109139
:10ADDC000501103A19F40091C6001BC01091C60071
:10ADEC001F93112700910301E6E0F1E0E00FF11F42
:10ADFC001F91108310910501139510930501039574
:10AE0C00003A09F40027009303010091C00007FDEC
:10AE1C00DECF1F911FBF1F910F91FF91EF911895DE
:10AE2C00409100014062A2E0B0E032E0E6E1F0E0E7
:10AE3C0060E070E0E89460F850E0ECD140910001E3
:10AE4C004062A2E0B0E034E0E6E1F0E060E070E007
:10AE5C0050E0E0D1409100014062A2E0B0E036E069
:10AE6C00E6E1F0E060E078EF50E0D4D10895409155
:10AE7C0000014062A1E0B0E033E0E6E1F0E0E894EC
:10AE8C0060F850E0C7D1409100014062A1E0B0E011
:10AE9C0033E0E6E1F0E060E050E0BCD108956F9360
:10AEAC00212F60E0E4DF6F916F93627061F040914D
:10AEBC0000014062A1E0B0E036E0E6E1F0E06FEFC7
:10AECC0050E0A8D116C0409100014062A1E0B0E072
:10AEDC0036E0E6E1F0E060E050E09CD1409100010A
:10AEEC004062A1E0B0E036E0E6E1F0E0622F50E035
:10AEFC0091D1409100014062A1E0B0E033E0E6E185
:10AF0C00F0E06F916F9350E085D140910001406269
:10AF1C00A1E0B0E033E0E6E1F0E06F916F936160A7
:10AF2C0050E078D16F91627041F040910001406225
:10AF3C00A0E0B0E030E050E06DD1089562E0AFDF0A
:10AF4C00409100014062A1E0B0E0E6E1F0E054D1B4
:10AF5C006F9362E08CDF1F910895E0E8F2E0EEDF82
:10AF6C0011232AF43197D9F7002711270895012FBF
:10AF7C001FEF08951F93F1DF112311F40F91089522
:10AF8C001F9160E08CDF60E072DF1FEF089564E0DA
:10AF9C0086DF64E06CDF1FEF0895109300011062F0
:10AFAC0022D1112309F408953BDF00E1112717D3B7
:10AFBC0010E3E7DF05E0112712D310E3E2DF01E035
:10AFCC0011270DD310E3DDDF01E0112708D318E3BF
:10AFDC00D1DF18E0CFDF11E0CDDF16E0D2DF08952E
:10AFEC00D6CF1981109300011881C4CF1A81109308
:10AFFC00000118810981112311F41CE001C01DE02E
:10B00C00002309F01260B6CF1A8110930001188149
:10B01C000981103011F410E80DC0113011F410EC4E
:10B02C0009C0123011F410E905C0133011F410ED01
:10B03C0001C010E8100FA5CF1093000111E09ADFAA
:10B04C0005E01127CCD208951093000186DF76DF3E
:10B05C0010681F931F7000E1011B0F9310E297DF24
:10B06C000F910A95D1F71F9185CF1093000112E033
:10B07C0081CF19851093000118851F70110F110FC6
:10B08C00110F106477DF1F8182DF1E8180DF1D812D
:10B09C007EDF1C817CDF1B817ADF1A8178DF1981CE
:10B0AC0076DF188174DF10E865CF412F40624F9333
:10B0BC00A0E0B0E031E050E0ADD04F91A1E0B0E0C5
:10B0CC00E6E1F0E099D0162F187F08958CD0089502
:10B0DC00A1E0B0E0E6E1F0E0612F50E09BD00895F4
:10B0EC004F93A0E0B0E050E095D04F91A1E0B0E0DC
:10B0FC00E6E1F0E081D0162F089510E01093CB011B
:10B10C001091B9001C7F103019F410E91093BC0099
:10B11C0014EA1093BC001091CA011093C90110914C
:10B12C00BC00107839F41091C9011123C1F71093A8
:10B13C00BC004FC01091B9001C7F183009F449C0F5
:10B14C0046C077FA8EF01091B9001C7F183FD9F3E6
:10B15C00103021F410E91093BC00000004E90093B6
:10B16C00BC001FEF1093CB0108954093BB0014E873
:10B17C001093BC001091CA011093C9011091BC002E
:10B18C00107829F41091C9011123C1F722C0109134
:10B19C00B9001C7F1832D9F01831C9F01034B9F04D
:10B1AC0018C014EC11976AF209F414E81093BC005F
:10B1BC001091BC0017FFFCCF1091B9001C7F183503
:10B1CC0011F0103531F41091BB001193EACF1FEF41
:10B1DC0008951091B9001C7F103019F410E91093E8
:10B1EC00BC0010E00895412F88DF8894441FBDDF18
:10B1FC00B12FA7DF1B2F089580DF0894441FB5DF04
:10B20C00112319F0CEDF112311F7E3DF0FEF0093B9
:10B21C00CB01089572DF8894441FA7DF1123F1F04E
:10B22C00432FA3DF1123D1F060FA26F4422F9DDFC8
:10B23C001123A1F0AA2311F4BB2371F0552311F4AF
:10B24C00419108C0513021F491E09BBF479102C05D
:10B25C002AD231961197EBCF74DFB9CFBADF0FEF4B
:10B26C000093CB011127089506D0112309F40895FA
:10B27C001197D1F708951881109302012CD0112346
:10B28C0029F4109102011123C9F7089507D0E9811F
:10B29C00FA811193FA83E9831FEF08951091050148
:10B2AC001123E1F3009104011127E6E0F1E0E00F36
:10B2BC00F11F1081F894E0910501EA95E0930501E6
:10B2CC0067FC7894009104010395003A09F4002777
:10B2DC00009304010895112700910501002309F042
:10B2EC00109508950091A8010032E1F3F8940091B3
:10B2FC00A601E9EAF1E0E00F0027F01F10830091AE
:10B30C00A80103950093A8010091A60103950032B2
:10B31C0009F400270093A6010091C100006200937C
:10B32C00C10067FC7894089500E00093CE010A8177
:10B33C001B812C813D81E7E2F5E06081061759F411
:10B34C006181161741F46281261729F4638136173F
:10B35C0011F41FEF089501931193219331934091B0
:10B36C008D05442341F4000F111F221F33273A830C
:10B37C000B831C832D8300E00F93A6D00F91112318
:10B38C0079F40A95C9F7112359F40FEFE7E2F5E0C8
:10B39C00019301930193019305E00093CE0108956D
:10B3AC001FEF089500E00093CE010A811B812C81D0
:10B3BC003D8140918D05442341F4000F111F221F44
:10B3CC0033273A830B831C832D8300E00F93B3D078
:10B3DC000F91112339F40A95C9F7112319F406E0DA
:10B3EC000093CE010FEFE7E2F5E001930193019397
:10B3FC000193089523E030E0E5E2F4E0619171916E
:10B40C003617370799F43297122F1A9504E5F9D5A8
:10B41C00A12F102F0A2F055D1B4F01931083F801EC
:10B42C0024E530E031932A95E9F708952A9531F710
:10B43C0010E000E008950881198123E0E5E2F4E0D2
:10B44C00619171910617170731F4329710E011933F
:10B45C0011931FEF08952A9599F710E0089500E0D5
:10B46C000093CE0128813981222339F4332329F426
:10B47C0004E00093CE0110E0089503E0E5E2F4E06F
:10B48C00619171912617370711F41FEF08950A95F2
:10B49C00B9F704E00093CE0110E0089510E51CBD4F
:10B4AC0000000000000000000EB5089502E50CBD80
:10B4BC000F931EBD00000DB506FDFBCF0DB507FFAC
:10B4CC00FDCF1EB50F9108952C981FEFF1DF11E5FC
:10B4DC00EFDF1D81EDDF1C81EBDF1B81E9DF1A81C2
:10B4EC00E7DF08EC1FEFE4DF103029F00A95D1F705
:10B4FC002C9A11270895A0E0B0E21FEFD9DF1E3F70
:10B50C0029F01197D1F72C9A11270895A0E0B2E0F9
:10B51C00E881F98100271FEFCBDF1193012B1197E5
:10B52C00D1F71FEFC5DF1FEFC3DF2C9A00950093F7
:10B53C00CF031FEF08952C981FEFBADF18E5B8DF83
:10B54C001D81B6DF1C81B4DF1B81B2DF1A81B0DF35
:10B55C0000E21FEFADDF103029F00A95D1F72C9ADD
:10B56C00112708951FEFA4DF1FEFA2DF1EEFA0DF4E
:10B57C00A0E0B2E0E881F98111919ADF1197E1F72F
:10B58C001FEF96DF1FEF94DF7FEF1FEF91DF712F1F
:10B59C001FEF8EDF1F3FE1F72C9A1FEF89DF1FEFA4
:10B5AC0008951A8109812DD5B02FA12F288130E063
:10B5BC00E89465F85BD5102F0895112319F4E894DD
:10B5CC0065F802C0689465F80C811D81AA81BB8165
:10B5DC002BD5A801BF01A881B98115D60895A80162
:10B5EC0011274117510749F00AE71CE001501040A0
:10B5FC000000E1F741505040B9F70895112331F0A4
:10B60C0006E20A950000E9F71A95D1F70895215042
:10B61C00304018F011911D93FACF089567FC78947F
:10B62C00F999FCCFF894F999F9CF0895F7DF4F9376
:10B63C00E1BDF2BDF89A000040B5141719F010BD29
:10B64C00FA9AF99A4F9167FC78940895122FEEDFCD
:10B65C00132F3196EBDF08951A2FE8DF1B2F31964D
:10B66C00E5DF122F3196E2DF132F3196DFDF0895DD
:10B67C00D5DFE1BDF2BDF89A000010B567FC7894F7
:10B68C000895F6DF012F3196F3DF0895F1DF012FD6
:10B69C003196EEDFA12F3196EBDF212F3196E8DFCB
:10B6AC00312F1A2F0895BADFE1BDF2BDF89A0000D0
:10B6BC0040B567FC78940895312FFF91EF910F916D
:10B6CC00BF91AF91EF93FF930023C9F0FD01772356
:10B6DC0011F4108101C0CCDF112389F0332379F0F0
:10B6EC00101768F02227E00FF21F232F200F422F94
:10B6FC00211B30F029F0021B772311F40C930895D1
:10B70C00131B772309F41C933327A40FB31F219524
:10B71C00239577231D9111932A95E1F708953F9175
:10B72C002F910F91BF91AF91FF91EF912F933F9379
:10B73C00892F80711C91139509C03F912F910F9106
:10B74C00BF91AF91FF91EF912F933F93892F83700E
:10B75C0061F0869531F41F938BDF312F1F91319659
:10B76C0005C031E03BBF379101C03191332329F043
:10B77C00892F80712C91011708F40895402F411BDB
:10B78C00542F431B50F1211730F4632F620F06170F
:10B79C0020F1062F22C0AF93BF93EF93FF93522F4C
:10B7AC00511B541708F4452F5527A10FB51FA40F93
:10B7BC00B51F1196FD01E30FF51F542F5395892FDB
:10B7CC0080710E9002925A95E1F7FF91EF91BF9123
:10B7DC00AF91012F030F040F11F4340F3395892F00
:10B7EC0080710C932227A10FB21F892F837041F017
:10B7FC00869521F43DDF012E319603C0079001C0E0
:10B80C000190892F80710D923A9579F7089533271D
:10B81C002227BB27AA2766FA1EF42ADF319601C01D
:10B82C001191112319F4112700270895512F00238A
:10B83C0011F053956DC066FA1EF41ADF319601C0F3
:10B84C001191E89462F81D3259F45A9561F3689499
:10B85C0062F866FA1EF40CDF319612C0119110C01A
:10B86C001B3259F45A95F9F2E89462F866FA1EF410
:10B87C00FFDE319605C0119103C0143209F448C0A3
:10B88C00052F0A9582F255277727992788270F933A
:10B89C0007C00F9366FA1EF4EBDE319601C01191CE
:10B8AC00103310F11A3300F51053412F8D01000F96
:10B8BC00111F771F991F000F111F771F991F0A0F58
:10B8CC001B1F781F981F720F931F000F111F771FDC
:10B8DC00991F040F151F781F981FD801272F392F78
:10B8EC000F910A954AF0D5CF0F91689461F8112702
:10B8FC0000273327222708958D0162FA46F4015060
:10B90C0010402040304020953095109500950895BA
:10B91C00E89462F85A95D9F3593038F766FA1EF460
:10B92C00A7DE319601C01191113608F01052103378
:10B93C00E0F21A3328F01134C0F21734B0F6175F66
:10B94C001F7004E0AA0FBB1F221F331F0A95D1F7EB
:10B95C00A12B5A9519F7D0CF1127B081BB2389F0B1
:10B96C00662309F46395B61760F0E60FF11F6A952C
:10B97C00B61B162F1395A1910A1719F0BA95D1F78A
:10B98C00112708951191112351F0B12F11911136F6
:10B99C0018F01B3708F41F7DE4D2BA95B9F7089557
:10B9AC00112381F0B081BB2369F0B01B58F0B39523
:10B9BC00AA27E00FFA1FB11708F0B12F1191D1D2BD
:10B9CC00BA95E1F70895B1E0BBBFB791BB2331F055
:10B9DC0011E01BBF1791C5D2BA95D1F708951191FB
:10B9EC00112329F0B12F1191BCD2BA95E1F708952A
:10B9FC003FDE3196112331F0B12F3ADE3196B1D2C0
:10BA0C00BA95D9F70895CF93DF9326970985112717
:10BA1C0098010F7022952F70B901660F771F660F72
:10BA2C00771FA801461B570B44515040488359833C
:10BA3C00A901440F551F465250404A835B8344E092
:10BA4C004C831D83FE0112E080819181A281B38120
:10BA5C0099231AF40A961197FBCF81939193CD01F8
:10BA6C001A9519F0A281B381F3CF81939083288525
:10BA7C003F814E8153E080E0FE01DE011A962FD10A
:10BA8C00DF91CF910895CF93DF936C97DE0154969D
:10BA9C00FE0174FA16F07F9601C0B396882765FAFA
:10BAAC009EF43381332382F48DE222811181008153
:10BABC000150104020403040009510952095309555
:10BACC00008311832283338362FA0EF48DE224E027
:10BADC008F9300810F700D93019102950F700D9350
:10BAEC002A95B9F7B0E0FE017496618170E042814D
:10BAFC00640F7B1F4381640F7B1F4481640F7B1F8A
:10BB0C004581640F7B1F4681640F7B1F4781640F47
:10BB1C007B1F660F771F660F771F40815527461BCB
:10BB2C00570B445150404883598361817727468194
:10BB3C00640F7B1F660F771F228107811127020F6D
:10BB4C001B1F74D1600F711F44815527440F551F63
:10BB5C00440F551F640F751F058111277CD1600F91
:10BB6C00711F6C5A71406A837B836281772746818F
:10BB7C00640F7B1F660F771F4381640F7B1F04814B
:10BB8C0011274581040F1B1F49D1600F711F47817D
:10BB9C005527440F551F440F551F640F751F6F51C8
:10BBAC0071406C837D8363817727660F771F660FE7
:10BBBC00771F048111274781040F1B1F2FD1600FA2
:10BBCC00711F0581112747D1600F711F0681112745
:10BBDC0035D1600F711F655B71406E837F8365810A
:10BBEC007727660F771F660F771F048111271ED1E9
:10BBFC00600F711F0681112721D1600F711F078102
:10BC0C00112706D1600F711F6F52714068877987B9
:10BC1C0067817727660F771F660F771F06811127BD
:10BC2C000DD1600F711F655A70406A877B876581E3
:10BC3C00772706811127FAD0600F711F0781112712
:10BC4C000AD1600F711F665E70406C877D876681BC
:10BC5C00772707811127EAD0600F711F6956704052
:10BC6C006E877F8767817727660F771F65527040D5
:10BC7C00688B798B65E070E06A8B7B8BFE0119E039
:10BC8C0080819181A281B38199231AF40A9611972C
:10BC9C00FBCF81939193CD011A9519F0A281B381B9
:10BCAC00F3CF819390838F91FE01DE0174FA36F409
:10BCBC002E8D30E04C8D5AE097960DC075FA36F407
:10BCCC0029E030E040E35AE0979605C02E8D3D8D7B
:10BCDC004C8D5AE0939603D0DF91CF910895AF939A
:10BCEC00BF931D910D916C91DF016A930A931A9386
:10BCFC00882319F0222309F02A95652F752F770FC9
:10BD0C007A950027A70FB01F1E91112319F41197D4
:10BD1C006A95D1F7662311F4119663951296332325
:10BD2C0021F4222309F040C051C0222309F02A95A6
:10BD3C000027DF01351780F4732F770FA70FB01F83
:10BD4C001EE21E93361710F0632F6395762F770F34
:10BD5C00DF01A70FB01F28C0A70FB01F1196732FBC
:10BD6C007E5F271720F0022F071B039501C00027C9
:10BD7C00202F002321F0142FF4D00A95FACF732F23
:10BD8C00751B652F270F882321F0182FEAD08827E1
:10BD9C0023952E5F10E3E5D01EE2E3D010E377236A
:10BDAC00A9F0DFD07A95FBCF621710F022270EC0D6
:10BDBC00261B022F75FA36F468A1601708F4061BCF
:10BDCC00601B68A3142FCDD00A95E1F775FA1EF409
:10BDDC0068A1662369F0882311F0182FC2D01E9138
:10BDEC00112309F0BED01E911063BBD06A95B9F730
:10BDFC0074FA2EF418A1112311F01EE2B2D0BF91E7
:10BE0C00AF9118811D9319811D931A811D9308956B
:10BE1C009801000F111F020F131F08959801000FB6
:10BE2C00111F000F111F020F131F0895000F111F78
:10BE3C009801000F111F020F131F08959801A801FC
:10BE4C00000F111F000F111F220F331F020F131FA2
:10BE5C00040F151F0895000F111F000F111F000F65
:10BE6C00111F0895CF93DF932A97AD85BE85882740
:10BE7C0065FA3EF4BB232AF48DE2A150B040A095A4
:10BE8C00B0958F938B2F82958F708051382F380FF0
:10BE9C008E51282F8E5C082F8B2F8F70280F280F18
:10BEAC00080F8751182F180F180F8A2F82958F7033
:10BEBC00180F080F111F001F00958894001F8A2F60
:10BECC008F70080F331F87E0482F8AE0080F1A95F0
:10BEDC00E8F7180F2A95E8F7280F3A95E8F7380F86
:10BEEC004A95E8F7DE01FF27E0E195E070E08191EB
:10BEFC008D937D939A95D9F72C853B854A8555E092
:10BF0C008F91FE01DE011F96EADEDF91CF9108953D
:10BF1C000D9164FC02C0019003C011E01BBF07909F
:10BF2C00001511F098940895002311F418940895B5
:10BF3C000A951D9164FC02C0019003C091E09BBF67
:10BF4C000790101589F398940895B2E04295142F38
:10BF5C001F701A3008F0195F105D03D0BA95B1F755
:10BF6C000895EF93FF9363FAD6F01F93E981FA815A
:10BF7C001881112331F41F91689461F8FF91EF91AE
:10BF8C0008951A9518831F9166FA16F0119302C042
:10BF9C004DDB3196FA83E983FF91EF910895E881A7
:10BFAC00F9811F930F932F933F93AF93BF936F938D
:10BFBC007F934F935F938F939F9309959F918F914D
:10BFCC005F914F917F916F91BF91AF913F912F9165
:10BFDC000F911F91FF91EF910895222339F0283092
:10BFEC0010F011270895110F2A95E9F708952223CF
:10BFFC0039F0283010F01127089516952A95E9F795
:10C00C000895109F102D012D0895332729E0111F3D
:10C01C002A9511F4032F0895331F301B18F4300F99
:10C02C008894F5CF0894F3CF9801442765FA86F4E9
:10C03C00BD013702F001269F80013603F40B100D71
:10C04C00E11DF41F7203F40B100DE11DF41F089594
:10C05C003B9FF0012A9F80013A9F100DE11DF41FB8
:10C06C002B9F100DE11DF41F08959801552765FABB
:10C07C0096F45B2F432F4B27E89447FF65F837FF67
:10C08C0004C0219509F43A953095B7FF04C0A195E9
:10C09C0009F4BA95B095EE27FF1B11E1AA1FBB1F3F
:10C0AC001A9541F48D0165FA26F4019509F41A9557
:10C0BC0010950895EE1FFF1FE21BF30B20F4E20F07
:10C0CC00F31F8894EBCF0894E9CFD801F9011F91A5
:10C0DC000F917F916F915F914F910F931F9302C0BE
:10C0EC00D801F90165FACEF48F2F8727E89487FFE2
:10C0FC0065F8F7FF08C0A095B095E095F095AF5F97
:10C10C00BF4FEF4FFF4F77FF08C04095509560959C
:10C11C0070954F5F5F4F6F4F7F4F99278827112482
:10C12C00002410E2769567955795479520F48A0F71
:10C13C009B1F0E1E1F1E1794079497958795779536
:10C14C006795579547951A9589F78A019B01A00128
:10C15C0065FA86F4015010402040304080409040F9
:10C16C0040405040209530951095009580959095C5
:10C17C00409550950895112765FAD6F4172F8F2FF7
:10C18C008727E89487FF65F8F7FF08C0A095B0955E
:10C19C00E095F095AF5FBF4FEF4FFF4F77FF08C0B3
:10C1AC0040955095609570954F5F5F4F6F4F7F4FE7
:10C1BC001F93882799270024112411E2441F551F2F
:10C1CC00661F771F1A9571F48A019B0165FA46F474
:10C1DC00015010402040304020953095109500952E
:10C1EC005F910895881F991F001C111C8A1B9B0BC3
:10C1FC000E0A1F0A30F48A0F9B1F0E1E1F1E8894F6
:10C20C00DDCF0894DBCF65FA1EF0E0E0F0E021C052
:10C21C00BB231AF4EFEFFFEF02C0E0E0F0E0172FC2
:10C22C008F2F8727E89487FF65F8F7FF08C0A09544
:10C23C00B095E095F095AF5FBF4FEF4FFF4F77FF95
:10C24C0008C040955095609570954F5F5F4F6F4F4C
:10C25C007F4F1F93882799270024002711E2441F42
:10C26C00551F661F771F1A9571F48A019B0165FA99
:10C27C0046F40150104020403040209530951095E8
:10C28C0000955F910895881F991F001C001F8A1B41
:10C29C009B0B0E0A0F0B30F48A0F9B1F0E1E0F1FE9
:10C2AC008894DDCF0894DBCF222349F0203118F09D
:10C2BC00112700270895169507952A95E1F70895FB
:10C2CC00EE2369F0E03228F01127002722273327CC
:10C2DC0008953695279517950795EA95D1F7089502
:10C2EC00222349F0203118F0112700270895000F60
:10C2FC00111F2A95E1F70895EE2369F0E03228F03A
:10C30C0011270027222733270895000F111F221F02
:10C31C00331FEA95D1F70895F894112711931193CF
:10C32C00182D1023812E67FC78940895EF93FF93BA
:10C33C00BF93D80110E002E0E89465F896DEBF9157
:10C34C00FF91EF91F89401931193A82D112341F4CF
:10C35C00002331F4B095AB238A2E67FC78940895B2
:10C36C00AB2B8A2E67FC78940895012FF5E5F12309
:10C37C00169515751F0FF3E3F12316951695137388
:10C38C001F0FFFE0F12312951F701F701F0F11700C
:10C39C0009F01FEF0895992031F4AA2021F413EB32
:10C3AC00912E10E4A12E192D107DDFDF93FC10953A
:10C3BC00111F991CAA1C092D1A2D0895ECDF2A8136
:10C3CC003B81A881B981A217B307A1F020F4AA81FF
:10C3DC00BB8128813981FD01E21BF30B0217130786
:10C3EC0018F40E0F1F1FF7CFA017B10718F40E1B70
:10C3FC001F0BFACF08951B1728F049F40A1710F0F9
:10C40C0031F406C0539562FA1EF08D0101C05A95A5
:10C41C000895EA81FB8100812981021718F01FEF32
:10C42C00088102C003951127008308951A81298180
:10C43C00121720F02881211708F00895122F089563
:10C44C001A812981121728F02881211710F01FEF6B
:10C45C000895112708950C811D81AA81BB810A17AB
:10C46C001B0738F0A881B981A017B10710F01FEF96
:10C47C000895112708951B172CF049F40A1710F092
:10C48C0031F406C0539562FA1EF08D0101C05A9525
:10C49C0008950C811D8160E8162728813981AA81B5
:10C4AC00BB81A21BB30BB6270A171B0750F04A819E
:10C4BC005B81420F531F56274017510710F01FEF97
:10C4CC000895112708950C811D8160E816274A8173
:10C4DC005B8156270417150730F048815981562780
:10C4EC004017510708F48A01162708950C811D8105
:10C4FC0060E816274A815B8156270417150740F020
:10C50C004881598156274017510710F01FEF0895A5
:10C51C00112708951770E0EFF5EC0024E10FF01DE2
:10C52C0011E01BBFD8951C9110291C93089517700E
:10C53C00E0EFF5EC0024E10FF01D11E01BBFD895E6
:10C54C0000941C9110211C930895177005C01F7046
:10C55C00183010F011961850E0EFF5EC0024E10FB4
:10C56C00F01D11E01BBFD89511270C91202F002135
:10C57C0001131FEF08950770E0EFF5EC0024E00FB6
:10C58C00F01D01E00BBFD895112329F400941C91E8
:10C59C0010211C9303C01C9110291C9308950F703B
:10C5AC00083010F011960850E0EFF5EC0024E00F85
:10C5BC00F01D01E00BBFD895112329F400941C91B8
:10C5CC0010211C9303C01C9110291C930895E0E1C9
:10C5DC00F0E0000F111F08F4F395EA95D1F71F2F27
:10C5EC0008951895010204081020408000015C0198
:10C5FC002005352E393030164858332E35205472DC
:10C60C0075654F7267616E2023352E3930300948BD
:10C61C005833206D6B352C2009547275654F726739
:10C62C00616E0C4858332E352023352E3930300CA2
:10C63C00537461727475702F4C69766506286E6F31
:10C64C006E65290B6175746F72756E2E696E690A51
:10C65C00636F6E6669672E696E690C5F6175746FC6
:10C66C0072756E2E696E690B5F636F6E6669672EED
:10C67C00696E690630205B4F4B2006205B45525299
:10C68C003A03205B240330205B092F204552524F84
:10C69C00523A200B2F205741524E494E473A201BFD
:10C6AC002F205741524E494E473A20465047412081
:10C6BC006F7574206F662064617465172F20455266
:10C6CC00524F523A204650474120636F7272757038
:10C6DC007465642B2F204552524F523A20465047D6
:10C6EC00415F444F4E45206661696C6564206F72F2
:10C6FC0020434F4E46444953204A50207365740AD8
:10C70C0046504741204641554C540646504741201F
:10C71C00230F47657420444620436865636B73752B
:10C72C006D0928756E6E616D6564290F55706461B5
:10C73C007465204669726D776172653B2F202844C1
:10C74C00462920496E766F6B6520426F6F746C6F53
:10C75C00616465722C20666C6173682041565220AE
:10C76C004669726D7761726520524F4D2066726F0B
:10C77C006D2044462E2E2E0E436F70792073686107
:10C78C00646F7720444607436F756E743A2003201C
:10C79C004F4B05204641494C104453502055706472
:10C7AC006174652028444655291072756E6E696E49
:10C7BC00672E2E2E202020202020122F204446557C
:10C7CC002055706461746520656E6465640B434329
:10C7DC0020696E76616C6964210D4461746120720C
:10C7EC006563656976656407426C6F636B2023062D
:10C7FC004552524F523A0845472044727920200343
:10C80C004F4E20034F4646065072657365740555AE
:10C81C0070706572054C6F77657205506564616C5C
:10C82C000844656661756C7473054F7267616E06BA
:10C83C00526F746172790553617665200320746FB1
:10C84C0008536176656420746F04204F4B210D539F
:10C85C0044206E6F7420666F756E6421022F200861
:10C86C005344204C6F61643A0E45726173652046E7
:10C87C0061696C656421200F57726974652046618B
:10C88C00696C65642120200E53442043617264203E
:10C89C004572726F72210953442046696C652022DF
:10C8AC000C22206E6F7420666F756E64200F4669C3
:10C8BC006C65206E6F7420666F756E643A056363E9
:10C8CC00736574042E64617407776176657365749F
:10C8DC00042E62696E0574617065720C6878335F42
:10C8EC006D61696E2E62696E087363616E2E646190
:10C8FC00740B6669725F636F652E6461740A6F7284
:10C90C0067616E732E6461740C737065616B657214
:10C91C00732E6461740B707265736574732E64612D
:10C92C00740A656570726F6D2E62696E0C66697241
:10C93C006D776172652E62696E172F204669726D74
:10C94C007761726520636F7069656420746F204431
:10C95C00461A2F204F7665727772697465204545AB
:10C96C0050524F4D2066726F6D204446172F205247
:10C97C00657461696E20454550524F4D20636F6E52
:10C98C0074656E740928756E6B6E6F776E290E491F
:10C99C004E56414C494420505245534554142F2077
:10C9AC004F6E626F6172642050616E656C3136201F
:10C9BC002332152F2050726573657431362F4578EC
:10C9CC0074656E64313620230620666F756E6411B3
:10C9DC002F205842322070616E656C20666F756E28
:10C9EC0064072F706172616D2F072F636F6C6F720C
:10C9FC003D0522726564220622626C756522062250
:10CA0C006772617922082279656C6C6F7722152F19
:10CA1C00706172616D5F6D662F313039362F636FC7
:10CA2C006C6F723D162F706172616D5F6D62682F55
:10CA3C00313036302F636F6C6F723D0F2F6C61622B
:10CA4C00656C5F7072657365743D22122F204661B0
:10CA5C007461724D49444920555052207623122F4F
:10CA6C002046617461724D494449204C57522076DE
:10CA7C0023122F2046617461724D49444920504560
:10CA8C0044207623122F2046617461724D4944492B
:10CA9C00204155582076230F2F2056657273696FED
:10CAAC006E20352E39303003202D20114C696365F2
:10CABC006E636520636F72727570746564104C4997
:10CACC0043454E434520434F525255505444162F24
:10CADC0020454550524F4D20757064617465206639
:10CAEC006F72636564152F20454550524F4D20637E
:10CAFC0068616E67657320646F6E65065365724E70
:10CB0C0020231A352E393030205B485833206D6B7A
:10CB1C00352C20547275654F7267616E5D032A2E39
:10CB2C002A074F574E45523A200E4F534320436F1E
:10CB3C006E6E6563742E2E2E092F706167652F3112
:10CB4C003D30212F6C6162656C5F66775F76657234
:10CB5C0073696F6E3D224858332E352056657273BB
:10CB6C00696F6E201C2F6C6162656C5F77616974F4
:10CB7C003D22506C6561736520776169742E2E2E91
:10CB8C00221C2F6C6162656C5F7072657365743DFD
:10CB9C0022537461727475702F4C697665220E2F56
:10CBAC006C6162656C5F776169743D22220B2F703A
:10CBBC006167652F313D3132370F2F6C6162656CC7
:10CBCC005F776169743D2220220C64656661756C27
:10CBDC0074732E6461741B2F20537461727420441F
:10CBEC00465520557064617465206F6E20686F73B4
:10CBFC007421162F204446552055706461746520AD
:10CC0C0063616E63656C6C6564042E696E69102FCC
:10CC1C0020465720436865636B73756D204F4B142A
:10CC2C00436865636B73756D206661696C65642C14
:10CC3C002044463A142F20454550524F4D2043680E
:10CC4C0065636B73756D204F4B18436865636B732D
:10CC5C00756D206661696C65642C20454550524F9A
:10CC6C004D3A122F20285041292045786563757460
:10CC7C00696E6720220C52756E20494E49206669F8
:10CC8C006C650B285041292046696C6520220B22CB
:10CC9C00206E6F7420666F756E64074D4944493A77
:10CCAC0020240F4343206E6F742061737369676E89
:10CCBC0065640A2F6C6162656C5F676D2F023D22A3
:10CCCC000453465420044E524D2004465354200421
:10CCDC00534C57200320487A0E50726573657420AC
:10CCEC0050726576696577034472620928696E76BD
:10CCFC00616C69642907482D506572632007456E85
:10CD0C0076456E61200E50726573732042746E20EE
:10CD1C003273656307576169742E2E2E052A2E49CE
:10CD2C004E49073C456D7074793E0E576946692033
:10CD3C00496E697420646F6E650F52652D636F6E5A
:10CD4C006669672057694669210944465520537422
:10CD5C006172740D507265736574203020496E6970
:10CD6C007409746F2053746420423303434D4400A0
:10CD7C0003534420000346494E000244460000047D
:10CD8C00434F4E460355504400035041520020552A
:10CD9C004C504343434F52444549202020208E9110
:10CDAC00949AA3B4E80012485C656A6E7070000037
:10CDBC00000101010101010202020202030303034B
:10CDCC0004040405050506060707080809090A0AEC
:10CDDC000B0B0C0D0D0E0F0F10111112131414154B
:10CDEC0016171818191A1B1C1D1E1F20212223246C
:10CDFC0025262728292B2C2D2E2F3032333436374D
:10CE0C0038393B3C3E3F404243454648494B4C4EEB
:10CE1C004F5152545657595B5C5E6061636567694C
:10CE2C006A6C6E7072747677797B7D7F7F7F983AAF
:10CE3C00983AD11001103B0F7E0ECB0D210D7F0CBB
:10CE4C00E40B510BC60A410AC3094B09D8086C08FC
:10CE5C000408A2074407EB0696064606F905B0053A
:10CE6C006B052905EA04AF04760440040D04DC03C9
:10CE7C00AD03810357032F030903E502C202A2028B
:10CE8C008302650249022E021402FC01E501CF0166
:10CE9C00BA01A601930182017001600151014201A6
:10CEAC00340127011A010E010301F800ED00E30023
:10CEBC00DA00D100C900C100B900B200AB00A40077
:10CECC009E00980092008D00870083007E00790000
:10CEDC00750071006D006A006600630060005D0003
:10CEEC005A0057005500520050004E004C004A00AA
:10CEFC004800460044004300410040003E003D0015
:10CF0C003C003B0039003800370036003500340057
:10CF1C003400330032003100310030002F002F007C
:10CF2C002E002E002D002D002C002C002B000001BB
:10CF3C000203050608090B0C0E0F11121315161817
:10CF4C00191B1C1D1F20212324252728292B2C2DA0
:10CF5C002F30313234353637393A3B3C3E3F404145
:10CF6C00424445464748494A4C4D4E4F5051525306
:10CF7C005455565758595A5B5C5D5E5F60616263ED
:10CF8C00646566666768696A6B6C6C6D6E6F6F70F2
:10CF9C0071727273747475767677787879797A7A27
:10CFAC007B7B7C7C7D7D7D7E7E7F7F7F7F7F940500
:10CFBC00E9054406A30608077307E5075D08DB08C7
:10CFCC006309F109880A9605EC054606A5060A07C9
:10CFDC007507E6075E08DE086409F3098B0A9505F8
:10CFEC00EA054406A30608077307E5075D08DC0895
:10CFFC006309F209890A6400640064006400820019
:10D00C009600C800D200DC00F000FD00FD00170106
:10D01C00270139014B015F0174018A01A101BA0199
:10D02C00D401F0010D022C024D0270029502BC02DB
:10D03C00E50211033F037003A403DB03160453043E
:10D04C009504DA0423057005C20519067406D50685
:10D05C003C07A8071B08D80C960D5F0E330F131056
:10D06C000011F911001316143A156F16B4170B1999
:10D07C00741AF01B7F1D241FDE20AF2297249826E4
:10D08C00B228E72A372DA32F2C32D3349837173AEE
:10D09C00173A173A173A173A173A173A173A173AFC
:10D0AC00173A6C466C466C466C466C466C46FC51AA
:10D0BC00FC51FC51FC5100007F3223140A0000008B
:10D0CC00000000007F4641281E190A0000007C5019
:10D0DC00321E0F080300000000007C504628190F78
:10D0EC000A08000000000C010D010E010F010901DE
:10D0FC000A018B0100000003080B101364645044F8
:10D10C003C37322F2D2A2826242321216464646481
:10D11C005F554B413C3732323232323200161D34BD
:10D12C00485457586C707D898F151C33475356578C
:10D13C006B6F7C888E97161D3448585858547070F5
:10D14C0070706C8989895757578F8F7D0A0B0C0D1E
:10D15C000202150F151515260E1112101515152591
:10D16C0017181A14312E322F300202020202020258
:10D17C0002020202021515152803021407021417E5
:10D18C000202020202020202020202022904021438
:10D19C0008021417020202020205021409021417F3
:10D1AC000202022715022B02022C02022D0215028A
:10D1BC00020202150202021414141414141414148E
:10D1CC00141414141414141414161C1F14141418FA
:10D1DC001D15141B15141414141414241E201414CB
:10D1EC0014141515F404F504F604F7043804390482
:10D1FC007004EF046E046F047104F204EE046C040A
:10D20C006D04F0047E0472047304F1046F0573055D
:10D21C00A804D705DF04E505A106A206A306E803CA
:10D22C00E903EA03EB03EC03ED03EE03EF03F00376
:10D23C00F103F203F3038504840486048804C80410
:10D24C00C904CA04CB04CC04CD04CE04F803F903FE
:10D25C00FA03FB03FC03FD03FE03FF0300040104BC
:10D26C00020403049804D004D104D204D304D404DB
:10D27C00D504D60430043104320433042B04D8040E
:10D28C00D904DA04DB04DC04DD04DE04780579055A
:10D29C007A0578048704580459045A045B045C0426
:10D2AC005D045E045F04600461043A043B043C04C6
:10D2BC003D0476043F04400441044204C805C905FA
:10D2CC00CA05CB05A805A905AA05AB05AC05AD0596
:10D2DC00AE05AF05B005B105B205B405B5055805E9
:10D2EC0059055A055B055C055E054B055D05770424
:10D2FC0049054A0560052E0530052F053105320517
:10D30C003305ED046C0570056D056E055005510572
:10D31C004C054D050D4858332050726573657420CB
:10D32C0020200D566F696365205570706572202042
:10D33C000D566F696365204C6F77657220200D5612
:10D34C006F69636520506564616C20200D4D6173BD
:10D35C0074657220566F6C756D650D547562654100
:10D36C006D70204761696E200D54756265416D705A
:10D37C004279706173730D526576657262205072DA
:10D38C00676D20200D526F74617279204D6F746F30
:10D39C0072200D526F746172792046617374202073
:10D3AC000D526F74617279204279706173730D52F2
:10D3BC006F74617279204D6F64656C200D506572CD
:10D3CC0063757373696F6E2020200D555052204C7D
:10D3DC0057522056696272200D555052204C5752AC
:10D3EC002056696272200D555052204C57522056CF
:10D3FC00696272200D50686173696E6720466173B3
:10D40C0074200D50686173696E6720557070657279
:10D41C000D50686173696E67204C6F7765720D4FA4
:10D42C007267616E204D6F64656C20200D5447202F
:10D43C0054756E696E67202020200D4D494449209B
:10D44C005472616E73706F730D45646974204E6114
:10D45C006D65202020200D4C45442044696D6D6580
:10D46C00722020200D536176652044656661756CD1
:10D47C0074730D53442046696C65204578656320B0
:10D48C000D426F6F746C64205570646174650D5738
:10D49C0069466920496E6974204465660D50726551
:10D4AC0073657420496E697420200D557070657217
:10D4BC0044422031362020200D5570706572444254
:10D4CC00203520312F330D55707065724442203851
:10D4DC00202020200D55707065724442203420208D
:10D4EC0020200D55707065724442203220322F334B
:10D4FC000D557070657244422032202020200D554D
:10D50C00707065724442203120332F350D55707088
:10D51C0065724442203120312F330D557070657285
:10D52C0044422031202020200D55707065724442F9
:10D53C00204D697820310D55707065724442204D34
:10D54C00697820320D55707065724442204D6978AF
:10D55C0020330D483130302048617270537573742C
:10D56C000D4831303020326E64566F6963650D455D
:10D57C004720444220546F20447279200D483130AA
:10D58C00302050657263202020200D55707065721C
:10D59C00474D2050726720310D5570706572474DA4
:10D5AC00204C766C20310D5570706572474D2048BB
:10D5BC00726D20310D5570706572474D2050726739
:10D5CC0020320D5570706572474D204C766C2032B0
:10D5DC000D5570706572474D204861726D320D5556
:10D5EC0070706572474D204465746E320D4C6F77C8
:10D5FC00657244422031362020200D4C6F776572C5
:10D60C004442203520312F330D4C6F7765724442E4
:10D61C002038202020200D4C6F7765724442203436
:10D62C00202020200D4C6F7765724442203220322E
:10D63C002F330D4C6F77657244422032202020200E
:10D64C000D4C6F7765724442203120332F350D4CD1
:10D65C006F7765724442203120312F330D4C6F7738
:10D66C00657244422031202020200D4C6F7765726A
:10D67C004442204D697820310D4C6F7765724442DD
:10D68C00204D697820320D4C6F7765724442204DE5
:10D69C00697820330D4144535220456E61204C77FC
:10D6AC0072200D4C6F776572474D20507267203198
:10D6BC000D4C6F776572474D204C766C20310D4CBC
:10D6CC006F776572474D204861726D310D4C6F77E5
:10D6DC006572474D2050726720320D4C6F77657222
:10D6EC00474D204C766C20320D4C6F776572474D50
:10D6FC00204861726D320D4C6F776572474D204436
:10D70C0065746E320D506564616C44422031362074
:10D71C0020200D506564616C444220313648202035
:10D72C000D506564616C44422038202020200D503F
:10D73C006564616C44422038482020200D5065649B
:10D74C00616C2052656C656173650D506564616C2C
:10D75C00474D2050726720310D506564616C474D08
:10D76C00204C766C20310D506564616C474D20481F
:10D77C0061726D310D506564616C474D205072675C
:10D78C0020320D506564616C474D204C766C203214
:10D79C000D506564616C474D204861726D320D50BF
:10D7AC006564616C474D204465746E320D5265762C
:10D7BC006572622031204C766C200D526576657254
:10D7CC00622032204C766C200D5265766572622098
:10D7DC0033204C766C200D504852203C4D6F6465C4
:10D7EC003E2020200D4571752042797061737320A5
:10D7FC0020200D4261737320457175616C202020CF
:10D80C000D426173732045717520467271200D4273
:10D81C006173732045717520512020200D4D696472
:10D82C0020457175616C202020200D4D69642045C8
:10D83C0071752046727120200D4D696420457175FB
:10D84C002051202020200D547265626C652045719A
:10D85C0075616C200D54726562204571752046729D
:10D86C0071200D5472656220457175205120202065
:10D87C000D506172616D65747220422F54200D55EC
:10D88C0070706572204C766C2041646A0D4C6F7719
:10D89C006572204C766C2041646A0D506564616C35
:10D8AC00204C766C2041646A0D50657263204C7676
:10D8BC006C2041646A200D506564616C526F744237
:10D8CC00797061730D414F323820546F6E65205062
:10D8DC006F740D414F3238204761696E204361707F
:10D8EC000D414F3238204D696E5377656C6C0D418C
:10D8FC004F32382054756265204167650D50657252
:10D90C00634E6F726D4C766C20200D5065726353B4
:10D91C006F66744C766C20200D506572634C6F6E84
:10D92C0067546D2020200D5065726353686F7274BC
:10D93C00546D20200D486F726E536C6F7753706569
:10D94C0065640D526F7472536C6F775370656564B8
:10D95C000D486F726E4661737453706565640D5239
:10D96C006F74724661737453706565640D486F72A1
:10D97C006E52616D7055702020200D526F746F7255
:10D98C0052616D70557020200D486F726E52616D32
:10D99C0070446F776E200D526F746F7252616D70A0
:10D9AC00446F776E0D526F74617279205468726F88
:10D9BC0062200D526F7461727920537072656164CC
:10D9CC000D526F746172792042616C6E63650D54F7
:10D9DC007562652053656C65637420410D547562E6
:10D9EC00652053656C65637420420D4D4944492094
:10D9FC004368616E6E656C200D4D494449204F7033
:10DA0C0074696F6E20200D4D4944492043432053C7
:10DA1C00657420200D4D494449205377656C6C206A
:10DA2C0043430D4D49444920566F6C756D65434316
:10DA3C000D4D4944492050726573657443430D5430
:10DA4C0072616E73706F73654F6666730D4C6F63A6
:10DA5C00616C204F6E2F4F6666200D53706C69748D
:10DA6C00204B6579622020200D53706C6974205016
:10DA7C006F696E7420200D53706C6974204D6F6447
:10DA8C00652020200D4E6F2050726F6743686752DF
:10DA9C0063760D5363616E6E65722047656172200B
:10DAAC000D4368205363616E6E65724C766C0D434A
:10DABC006820427970617373204C766C0D56312F4F
:10DACC00433120464D204D6F64200D56322F43328A
:10DADC0020464D204D6F64200D56332F4333204686
:10DAEC004D204D6F64200D476174696E67204D6F3A
:10DAFC00646520200D54472057617665536574206A
:10DB0C0020200D5447205461706572696E67202087
:10DB1C000D544720466C75747465722020200D548A
:10DB2C0047204C65616B6167652020200D436F6E4B
:10DB3C0074537072696E67466C780D436F6E7453D4
:10DB4C007072696E67446D700D436F6E74456172CF
:10DB5C006C794163746E0D4E6F20444231204050FD
:10DB6C0065726320C7C7C7C7C7C7C7C7C7C7C7C7FB
:10DB7C00C7C7C7C7868686C7C7C7C7C7C7C7C7C7EC
:10DB8C00C7C7C7C7C7C7C7C7C7C7868686828284A9
:10DB9C0086C7C7C787878787C7C7C7C7C7C7C7C74A
:10DBAC00C786868684C7C7C787878787C7C7C7C7FF
:10DBBC00C7C7C7C787878787C7C7C786C7C747472A
:10DBCC00C7C7C7C7474747C7C7C7C7C7C7C7C7C759
:10DBDC00C7C7C7C7C7C7C7C7C7C7C7C7C7C7C7C7C9
:10DBEC00C7C7C7C7C7C7C7C7C7C7C7C7C7C7C7C7B9
:10DBFC00C7C7C7C7C7C7C7C7C3C3C7C70B506564A9
:10DC0C00616C546F4C7772200B4C6F776572546F4C
:10DC1C00557072200B506564616C546F5570722096
:10DC2C000B4C6F7765722B3120546F550B4C6F7703
:10DC3C0065722B3220546F550B4C777241646450D3
:10DC4C006564616C0A4C6F63616C20547820200A07
:10DC5C00496E70203120546872750A496E702032FA
:10DC6C0020546872750A55534220496E5468727577
:10DC7C000B4233205374616E646172640B42332027
:10DC8C004F6C6420202020200B42332052656361AE
:10DC9C00707065640B4D3130302F4D3320202020B7
:10DCAC000B483130302F3132204472620B426F6599
:10DCBC00686D2032303030200B426F65686D204328
:10DCCC006E542F4C0B5765727369205370616365EA
:10DCDC000B576572736920536163726C0B466172EA
:10DCEC00666973436F6D626F0B566F7820436F6E6E
:10DCFC00746920200B436F6E6E2F436875726368D6
:10DD0C000B437573746F6D20312020200B4375739A
:10DD1C00746F6D20322020200B437573746F6D204F
:10DD2C00332020200B437573746F6D20342020201A
:10DD3C000B3132322053746420536D520B3132321A
:10DD4C0020537464204C67520B313232204F6C6478
:10DD5C0020536D520B313232204F6C64204C675281
:10DD6C000B313437204E657720536D520B313437DD
:10DD7C00204E6577204C67520B3736302053746435
:10DD8C0020536D520B37363020537464204C67523D
:10DD9C000B5370616365536F756E64200B53686130
:10DDAC00726D6132303031200B5669627261746F62
:10DDBC006E6520200B44796E61636F726431303074
:10DDCC000B434C532D323232202020200B50523436
:10DDDC0030202020202020200B437573746F6D2081
:10DDEC00312020200B437573746F6D20322020205E
:10DDFC000B42332F39204472422020200B48313003
:10DE0C00302F3132204472620B456E76656C6F7028
:10DE1C006547656E0B4547202B50657263447262F3
:10DE2C000B4547202B54696D654472620857652F6A
:10DE3C00426F65202008456E73656D626C65084302
:10DE4C00656C657374652008466164696E67202093
:10DE5C00085765616B2020202008446565702020E0
:10DE6C00202008526F7446617374200852616D70E3
:10DE7C0020757020064D6978203320064D69782076
:10DE8C003220064D697820312006312720202020B1
:10DE9C00063120312F3327063120332F3527063218
:10DEAC002720202020063220322F3327063427202B
:10DEBC0020202006382720202020063520312F3323
:10DECC0027063136272020200B416C6C204B6264D6
:10DEDC00204F46460B5570706572204F4E20202007
:10DEEC000B4C6F776572204F4E2020200B557072B3
:10DEFC002B4C7772204F4E200B506564616C204F79
:10DF0C004E2020200B5570722B506564204F4E20F4
:10DF1C000B4C77722B506564204F4E200B416C6C70
:10DF2C00204B6264204F4E200B59656172203139B1
:10DF3C00353520200B59656172203139363120205E
:10DF4C000B59656172203139373220200B526563D1
:10DF5C0061707065642020200B537472616967686E
:10DF6C00744C696E0B5477616E67792020202020E9
:10DF7C000B42332020323525206B32200B423320CC
:10DF8C0020323825206B32200B42332020333225AF
:10DF9C00206B32200B42332020333825206B32206B
:10DFAC000B53696E65203225206B32200B53617741
:10DFBC007420466C747264200B53696E65204C435C
:10DFCC002047656E0B53696E6520544F5347656E41
:10DFDC007F7F7F7F7F7F7F7F7F7F7F7F0000007FC2
:10DFEC007F7F7F7F7F7F7F7F7F7F7F7F0000007FB2
:10DFFC007F7F7F7F7F7F7F7F7F7F7F7F0000007FA2
:10E00C007F7F7F7F7F0000007F7F7F7F7F0000000E
:10E01C007F7F7F7F7F0000007F7F7F7F7F7F7F7F81
:10E02C007F7F7F7F7F7F7F7F7F7F7F7F7F7F3F7F34
:10E03C007F7F7F7F7F7F7F7F7F7F7F7F00000000E0
:10E04C007F7F7F7F7F7F7F7F7FFF7F7F7F7F7F7F54
:10E05C00FFFFFFFFFFFFFFFFFFFFFFFFFFFFFFFFC4
:10E06C00FFFFFFFFFFFFFFFFFFFFFFFFFFFFFFFFB4
:10E07C00FFFFFFFFFFFFFFFFFFFFFFFFFF00FFFFA3
:10E08C00FFFFFFFFFFFFFFFFFFFFFFFFFFFFFFFF94
:10E09C000F7F7F7F7F7F7F7F7F7F7F7F7F7F7F7FF4
:10E0AC007F7F7F7FFFFFFFFFFFFFFFFFFFFF000072
:10E0BC007E7F057E7F050F007E7F057E7F050F002E
:10E0CC007E7F057E7F050F00000000000000000031
:10E0DC000000000000040F03050F0F00630F0F0F6B
:10E0EC007F7F7F7F7F7F7F7F7F7F7F7F7F7F7F7F34
:10E0FC0048484848484848484848484848484800DC
:10E10C000000000000000000000000000000000003
:10E11C007F7F7F7F7F7F7F7F7F7F7F7F7F7F7FFF83
:10E12C00FFFFFFFFFFFFFFFFFFFFFFFFFFFFFFFFF3
:10E13C00003F05FFFFFF03FF0F0FFF32070000003A
:10E14C000C030A7F7F077FFFFF0000000000000028
:10E15C000203607F070F070F057F7FFF0FFFFFFF95
:10E16C007F7F7F00000000000707070F03000000FF
:10E17C007F7F7F7F7F7F00007F7F7F7F7F7F00009F
:10E18C007F7F7F7F7F7F0000000000000000000089
:10E19C007F7F7F7F7F7F7F7F7F7F7FFF07070000F1
:10E1AC00FFFFFFFFFFFFFFFFFFFFFFFFFFFF000071
:10E1BC007F7F7F7F7F007FFF00007F7F7F7F000F4F
:10E1CC002803FFFFFFFFFF042828027FFFFFFFFF4C
:10E1DC000004E603B8038E0366033F031903F3023E
:10E1EC00CE02AA02860262023F021C02F901D7018A
:10E1FC00B401920170014F012D010C01EB00CA001A
:10E20C00A9008900680048002700070000000000F2
:10E21C000004FB03EB03D503BB039E037F035D03E9
:10E22C0039031203EA02C102950268023A020A0299
:10E23C00D901A70173013F010901D10099006000C8
:10E24C00260000000000000000000000000000009C
:10E25C000004FF03FB03F303E703D703C303AB0380
:10E26C008F036F034B032303F702C70293025B0276
:10E27C001F02DF019B0153010701B70063000B0074
:10E28C000000000000000000000000000000000082
:10E29C0000040004FF03FC03F603ED03E103D203C7
:10E2AC00BE03A6038903670340031303E102A9021B
:10E2BC006B022602DB0189013001D1006A000000EB
:10E2CC000000000000000000000000000000000042
:10E2DC000004000400040004FF03FD03F903F4032D
:10E2EC00EB03DF03CE03B9039E037E035603260321
:10E2FC00EE02AD0262020D02AC013E01C4003C0014
:10E30C000000000000000000000000000000000001
:10E31C0000040004000400040004FF03FE03FC03DB
:10E32C00F803F103E803DA03C703AE038C036003BD
:10E33C002803E1028B022102A10108015200000016
:10E34C0000000000000000000000000000000000C1
:10E35C000004000400040004000400040004FF0393
:10E36C00FE03FC03F803F303EA03DC03C903AD0368
:10E37C00860352030D03B3023E02AA01F00008000B
:10E38C000000000000000000000000000000000081
:10E39C000004000400040004000400040004000451
:10E3AC000004FF03FE03FD03FA03F503ED03E10391
:10E3BC00CF03B4038E0358030D03A7021F026A0197
:10E3CC007F000000000000000000000000000000C2
:10E3DC0001310131013101310131013101310131A1
:10E3EC000131013101310131000000000000000059
:10E3FC000232023202320232023202320232023271
:10E40C000232023202320232000000000000000030
:10E41C000433043304330433043304330433043338
:10E42C000433043304330433000000000000000004
:10E43C000936093609360936093600000000000095
:10E44C000A360A360A360A360A3600000000000080
:10E45C000C360C360C360C360C3600000000000066
:10E46C000433043304330433003000300030003004
:10E47C004034203400370037003700374034003741
:10E48C0000370037003700370037003700370037C8
:10E49C000936093609360936093609360936093678
:10E4AC000936093609360936000000000000000064
:10E4BC0040344034403440344034403440344034B0
:10E4CC0040340019000000000039003900390039CF
:10E4DC001144114411441144111412142014201429
:10E4EC0010141014111412141044104410141010A1
:10E4FC0010141014101410141014101410141014F0
:10E50C00004000400040004010141014101410146F
:10E51C0009160916091609160916091609160916F7
:10E52C00091609160916091610140000001900190D
:10E53C00121412141214121412141214121412149F
:10E54C0012141214121412140000101910191019AC
:10E55C00006400640064006400640064006400648F
:10E56C00006400640064006400640064006400647F
:10E57C00006000600060006000600060006000608F
:10E58C00006000600060006000600060000000003F
:10E59C0081758135813581758135813581350000F5
:10E5AC0082758235823582758235823582350000DE
:10E5BC00847584358435847584358435843500F9C7
:10E5CC0000F700F80000000000F400F100F200F386
:10E5DC00000000000000000000000057115410540F
:10E5EC00115410741074007900740071007200736F
:10E5FC000077007700770077007700770077007757
:10E60C0000770077007700770077007700770000BD
:10E61C000077007700770077007700770077007736
:10E62C00007700770077007700770077007700009D
:10E63C0000000000000000000000000000000000CE
:10E64C0000000000000000000000000000000000BE
:10E65C0000770077007700770077007700770077F6
:10E66C0000770077007700770077007700770077E6
:10E67C001000100000790079007900790079007998
:10E68C0000790079007900790079007900790079B6
:10E69C0000000079007900790079001700770017E5
:10E6AC000077007700770079000000000000000080
:10E6BC0000790079007900790079007900790019E6
:10E6CC00007900790000000000000000000000004C
:10E6DC00007700770077007700770077007700707D
:10E6EC000077007700770000000000100010001089
:10E6FC0000140014001400000000000000000000D2
:10E70C0000000000000000000000000000000000FD
:10E71C0000370037003700370037003700000000A3
:10E72C000037003700370037003700370000000093
:10E73C000037003700370037003700370000000083
:10E74C0000000000000000000000000000000000BD
:10E75C0000380038003800380038003800380038ED
:10E76C000038003800380000007800780000000005
:10E77C00000000000000000000000000000000008D
:10E78C00000000000000000000000000000000007D
:10E79C000037003700370037003700000037000023
:10E7AC00000000000039003900070007000000726B
:10E7BC000000007B007B00000000007B007B007BE6
:10E7CC00007B007B007B007B007B007B007000707B
:10E7DC000109020A030B0A0A0109020A040C0C0CB7
:10E7EC000008FFFF0000FFF01027204E606DFF7F38
:10E7FC00606D204E10270000004000100100040046
:10E80C002727272727272727272727272E2E2E2E70
:10E81C002828282828282828282828282E2E2E2E54
:10E82C002A2A2A2A2A2A2A2A2A2A2A2A2E2E2E2E2C
:10E83C0027272727272E2E2E28282828282E2E2E2D
:10E84C002A2A2A2A2A2E2E2E292929292E2E2E2E04
:10E85C002B2626262626232626262626262626264A
:10E86C002727272727272727272727272E2E2E2E10
:10E87C00252525252525252525252626242424243E
:10E88C000707070711111515111111110505112194
:10E89C001212121212121212010101010E0E0E119D
:10E8AC000E0E0E0E0E0E0E0E0E0E0E0E112E212133
:10E8BC002828282828282828282828282E0F0F0F11
:10E8CC002E2E2E2E2E2E2E2E2E2E2E2E2E2E2E2E5C
:10E8DC002E2E2E2E0303030303032E2E2E2E2E2E4E
:10E8EC001E19191F1919192E1A17171B1717172E5E
:10E8FC001C18181D1818182E2E2E2E2E2E2E2E2EBD
:10E90C002E2E2E2E2E000604022E2E2E2E08090A36
:10E91C000E0E0E0E0E0E0E0E0E0E0E0E0E0E0E2EEB
:10E92C000B0B0B0B0B0B0B0B0B0B0B0B0B0B0B2E08
:10E93C002E2E2E2E2E2E2E2E2E2E2E2E2E2E2E2EEB
:10E94C00222222222222222222222222222222229B
:10E95C002E2E131313131313131313131313131345
:10E96C002E21210F0F0F0B0B0F0F0F0F0F0F0F0F70
:10E97C000F0F200F0F162E2E2E2E2E2E2E2E2E2E4D
:10E98C00260D0B0B0C0F0F0F0B0B0B0F2E26262629
:10E99C000505052E2E2E2E2E2E2E2E2E2E2E2E2E06
:10E9AC000E0E0E0E0E0E0E0E0E0E0E0E0E0E0E0E7B
:10E9BC000E0E0E0E0E0E2E2E2E2E2E2E2E2E2E2E2B
:10E9CC0014141414141414141414142E25252E2E8B
:10E9DC002D2D2D2D2D2D2D2D2D2D2D2D2D2D2E2E59
:10E9EC0010101010102E102E2E2E161610102E2C5D
:10E9FC00E678F9789F78A678A778AE78B478D67848
:10EA0C005F7F0980AF80867842789778287838784D
:10EA1C00DE78FA7845813B78AB7E0679A7796C7AFB
:10EA2C00C47A147A587A627AB07ABA7A007A0A7A04
:10EA3C0063793F789B78B1787279DE7B087B467876
:10EA4C0053786E786178797C24787778000003535A
:10EA5C0054520349444E0356414C0345445403500D
:10EA6C004852034D585303434F52034346470355F3
:10EA7C00504403494E4903534349035243420357FD
:10EA8C00464203444649035243530346494E034B03
:10EA9C0045590344495203455053034550520344CE
:10EAAC004D50035553520352504503524C4403529C
:10EABC0053540357454E03455243034E4F50FF00EA
:10EACC00FE000000E803C409F00A581B401F082090
:10EADC006C203421982199216022C422D426DE2670
:10EAEC00E826F226FC26052706270D270E270F27DA
:0EEAFC00FA00FB00FD00000204010305050501
:02EFFE0090057C
:020000020000FC
:100000000C94C0D50C94F7E20C94F7E20C94F7E250
:100010000C94F7E20C94F7E20C94F7E20C94F7E2FC
:100020000C94F7E20C94F7E20C94F7E20C94F7E2EC
:100030000C94F7E20C94F7E20C94F7E20C94F7E2DC
:100040000C94F7E20C94F7E20C943FD60C94F7E290
:100050000C94E7D60C94B0D60C94F7E20C94F7E22B
:100060000C94F7E20C94F7E20C94F7E20C94F7E2AC
:100070000C94F7E20C94F7E20C94F7E20C94F7E29C
:0C0080000C94F7E20C94F7E20C94F7E209
:00000001FF
