:10008C00219710E01883212F10E001E00E9428E353
:10009C0029813A81131709F4021718F41881139562
:1000AC00F1CF188108950091B6051091B705103065
:1000BC0009F40030C9F0E091B605F091B70531961E
:1000CC0001911191219130813A932A931A930A93B9
:1000DC000FEC11E01A930A9328D0269610E000E05A
:1000EC000093B6051093B7050895CF93DF93DBDF2C
:1000FC00DF91CF91009127051091280520912905BA
:10010C0030912A05D801F9013D812C811B810A818E
:10011C003F1729F42E1719F41B1709F40A1711F4B9
:10012C001FEF02C00E944CDB08950E948ADB1FEF78
:10013C0008951091B105123009F03FC00091E2050D
:10014C001091E305332722273A932A931A930A93A3
:10015C000FEC11E01A930A93C8DF2696EFECF1E04E
:10016C000191119121913081313429F4213619F406
:10017C00123509F4023509F1E3EBF3E00191119129
:10018C0021913081313629F4213419F4123709F4D4
:10019C00023799F0E3EBF3E0019111912191308159
:1001AC003D3429F4203919F4183509F40B3E29F0A3
:1001BC000FEF1FEF2FEF3FEF7EC01C81109539F131
:1001CC001D81103081F41091B105123019F4E7EB58
:1001DC00F3E00FC00091E4051091E5052091E605D0
:1001EC003091E70568C01091B105123039F4EBEB92
:1001FC00F3E001911191219130815DC00091E805EE
:10020C001091E9052091EA053091EB0554C01D8150
:10021C001030F9F41091B105123059F4E7EBF3E01A
:10022C003B812A8119810881019311932193308399
:10023C000CC03B812A81198108810093E40510933D
:10024C00E5052093E6053093E7051FEF1093D205E3
:10025C001BC01091B105123059F4EBEBF3E03B816C
:10026C002A811981088101931193219330830CC049
:10027C003B812A81198108810093E8051093E905D7
:10028C002093EA053093EB051091B10512301FEF66
:10029C0009F010E081F40091E2051091E305332799
:1002AC0022273A932A931A930A930FEC11E01A938C
:1002BC000A933BDF269608951091D2051123C9F1BC
:1002CC001091B105123051F410E01A931A931A934D
:1002DC001A931A931A932DDF269608C00091E40501
:1002EC001091E5052091E6053091E705A881B981CB
:1002FC00EA81FB814C81442329F00A0F1B1F2E1F1E
:10030C003F1F0DC00A1B1B0B2E0B3F0B40F4015063
:10031C00104020403040209530951095009540E0DD
:10032C004A934FEF4A933A932A931A930A9301DF15
:10033C0026960895679710E01093B10500E020E031
:10034C0030E0009371051093720520937305309380
:10035C0074050093E2051093E3050FEF1FEF2FEFE9
:10036C003FEF009327051093280520932905309320
:10037C002A0500E010E020E030E03A932A931A932B
:10038C000A930FEC11E01A930A93AFDE26961091A4
:10039C00CF011E8B193E10E009F01FEF1F931E8931
:1003AC001B3E10E009F01FEF0F91102309F44DC014
:1003BC0010919103143039F0163029F01B3019F0DC
:1003CC001C3009F01E3011F012E03BC015E0E1E7E3
:1003DC001D8710919503FD851193FD87EC87109176
:1003EC0096031193FD87EC87109197031193FD876A
:1003FC00EC87109198031193FD87EC8700917105A0
:10040C001091720520917305309174053A932A93DB
:10041C001A930A930FEC11E01A930A9366DE269650
:10042C001091CF011E8B193E10E009F01FEF1F93A6
:10043C001E891B3E10E009F01FEF0F91102329F0CD
:10044C0011E01093CE0110E039C2EFECF1E0FA9319
:10045C00EA93E881F9813B96019110810093800524
:10046C00109381051A930A930BDE23961093D305F0
:10047C000091800510918105D80120E230E0E894CC
:10048C0065F80E94EEE10093820510938305E881E4
:10049C00F9817096108110937705E881F9813D966A
:1004AC0000810093880511271A930A93E9DD23969E
:1004BC001093D7052091710530917205E881F9816F
:1004CC003E9601911081020F131F00937505109336
:1004DC007605E881F98171960191108100937C0574
:1004EC0010937D05009180052091D7051091810511
:1004FC000E9428E30093D8051093D90500917C0540
:10050C0010917D05103009F4003009F061C012E043
:10051C001093B10514E01093C90512E01093CA05AD
:10052C00E3EFF1E0F98BE88B0081118122813381BB
:10053C003D872C871B870A870093780510937905D4
:10054C00EBEF00811181228133810093DE05109342
:10055C00DF052093E0053093E10520917105309182
:10056C0072050091FF0110910002020F131F0093FE
:10057C00E2051093E30500917505109176050F9334
:10058C001F933D852C851B850A850F931F932F93F5
:10059C003F9300917705112733272227E89465F8BC
:1005AC000E941DE23F912F91020F131F00937E05B5
:1005BC0010937F0500937A0510937B0517E0109339
:1005CC00CF0510E000E80093DC051093DD055FC05B
:1005DC0011E01093B10512E01093C90511E01093CE
:1005EC00CA05E881F981769601911081009378050E
:1005FC0010937905A0917705BB27E89465F80E94C4
:10060C00CCE13091760520917505020F131F0093F4
:10061C007A0510937B050F931F9300917C05109125
:10062C007D05A0E2E89465F80E94CCE12091D30509
:10063C000E940CE33F912F91020F131F00937E0534
:10064C0010937F05A0917C05B0917D0500918205EA
:10065C0010918305E89465F80E94EDE100938E05F6
:10066C0010938F0518E01093CF0511E000E0009374
:10067C00DC051093DD050FEF1FEF2FEF3FEF00931D
:10068C00E4051093E5052093E6053093E7051091FA
:10069C00880511501093D6050091800510918105A5
:1006AC00015010400093D4051093D505E881F981D1
:1006BC00739601911081103009F4003041F0E881FB
:1006CC00F9817396019110813327222707C0E881A5
:1006DC00F981B0960191119121913081009384059B
:1006EC0010938505209386053093870500917E0530
:1006FC0010917F050093B4051093B5050091840506
:10070C0010918505EBE00E9418E3EAE00E9434E3C7
:10071C000093690510936A0520936B0530936C0563
:10072C000091840510918505E881F9813E96A1918F
:10073C00B081FF27EE27A150B040E040F040E0959B
:10074C00F095B095A0953091870520918605A00F66
:10075C00B11FE21FF31F0091780510917905000F6E
:10076C00111F332722270150104020403040209584
:10077C003095109500950A0F1B1F2E1F3F1FD80197
:10078C002F93F32F00917C0510917D0533272227A1
:10079C00E4E00E9418E301501040204030402095C6
:1007AC00309510950095EF910A0F1B1F2E1F3F1FC0
:1007BC00E091D7050E9418E30093890510938A05F0
:1007CC0020938B0530938C05229610E01A9310E041
:1007DC001A9300E010E020E030E03A932A931A9349
:1007EC000A93A7DC26960F931F932F933F930091A8
:1007FC00890510918A0520918B0530918C05D801C3
:10080C00F9013F912F911F910F913F1729F42E174A
:10081C0019F41B1709F40A1720F00E948012249671
:10082C0003C01FEF1093D205A5E2B4E010E0E6E0A0
:10083C00F0E031960000319711F01D93FCCFABE244
:10084C00B4E010E0ECEFF0E031960000319711F0DD
:10085C001D93FCCF00917A0510917B05332722273D
:10086C00009338051093390520933A0530933B05D6
:10087C00ECE3F5E0EF93FF933196FA93EA931CE0E7
:10088C001A9317EF61221FEB61221CE50E9469E1AC
:10089C001CE00881101BFF91EF911083239610E050
:1008AC001093CE0111E01093970510E000E0009337
:1008BC00B6051093B7050E9406DC1FEF0895209132
:1008CC007505309176050091900510919105020FF8
:1008DC00131F332722273A932A931A930A930FEC68
:1008EC0011E01A930A9301DC26960895249720911F
:1008FC007505309176050091900510919105020FC8
:10090C00131F332722273B832A83198308833A93A7
:10091C002A931A930A930FEC11E01A930A9305DCAD
:10092C002696109177051230C1F4FB81EA81B981CA
:10093C00A8810091780510917905332722270A0F99
:10094C001B1F2E1F3F1F3A932A931A930A930FECE7
:10095C0011E01A930A93E9DB269608953B812A81CC
:10096C0019810881E091CA050E9434E3F80136959B
:10097C00279517951093900520939105EF7FF170B3
:10098C00E0939205F093930508953B812A81198198
:10099C0008813A932A931A930A93E0DF24968FDF07
:1009AC00EFECF1E00091920510919305E00FF11F2F
:1009BC000191119121913191A091B105A23019F0C1
:1009CC002227332708953F7008953F812E811D8182
:1009DC000C813A932A931A930A93C0DF24966FDF03
:1009EC00EFECF1E00091920510919305E00FF11FEF
:1009FC001981088101931193A091B105A23021F4C2
:100A0C003B812A812193308371DF249608952B97A3
:100A1C0010E01093D10553DF2091780530917905C2
:100A2C001091910500919005131709F4021708F025
:100A3C00B1C00091900533272227E091CF0510918A
:100A4C0091050E9434E33B832A8319830883009128
:100A5C00920510919305123009F4003008F07EC015
:100A6C00EFECF1E00091920510919305E00FF11F6E
:100A7C00FE83ED831091B105103059F4ED81FE81A8
:100A8C0000811181103009F4003010E091F41FEF57
:100A9C0010C0ED81FE8100811181228133813030C3
:100AAC0029F4203019F4103009F4003010E009F466
:100ABC001FEF1C83112309F443C06091C9057727EC
:100ACC00A0919205B0919305A60FB71FA093920524
:100ADC00B0939305FB81EA81B981A88100919205BD
:100AEC002091CA05109193050E940CE3332722270D
:100AFC000A0F1B1F2E1F3F1F01501040204030407B
:100B0C003A87298718870F830F93009189051091D5
:100B1C008A0520918B0530918C05D801F9013A8515
:100B2C00298518850F913F1729F42E1719F41B17D7
:100B3C0009F40A1778F53A85298518850F8131C093
:100B4C006091C9057727A0919205B0919305A60FE6
:100B5C00B71FA0939205B093930579CFA091900500
:100B6C00B09191051196A0939005B09391052091A9
:100B7C007805309179051091910500919005131726
:100B8C0009F4021738F410E000E00093920510937A
:100B9C00930541CF1FEF1093D1050FEF1FEF2FEFF0
:100BAC003FEF089510E000E000939005109391053D
:100BBC0000939205109393051FEF1093D20510E04C
:100BCC001A9301E010E020E030E03A932A931A9354
:100BDC000A9372DB25961BDF2B96089500917E05F8
:100BEC0010917F0533272227D801F9013B812A81F7
:100BFC00198108813F1729F42E1719F41B1709F4D2
:100C0C000A1710E008F01FEF1F933B812A81B9816E
:100C1C00A881F901309187052091860510918505F1
:100C2C00009184053F1729F42E1719F41B1709F4AA
:100C3C000A1710E008F01FEF0F911023F9F0FB8159
:100C4C00EA81B981A88100917E0510917F05332737
:100C5C0022270150104020403040209530951095AF
:100C6C0000950A0F1B1F2E1F3F1FE091D7050E94F6
:100C7C0018E30E5F1F4F2F4F3F4F04C000E010E0F2
:100C8C0020E030E008950091890510918A052091AB
:100C9C008B0530918C05D801F9013B812A81198192
:100CAC0008813F1729F42E1719F41B1709F40A179A
:100CBC001FEF10F009F011271F933B812A81198136
:100CCC000881303029F4203019F4103009F4013047
:100CDC0010E011F008F01FEF0F911023C9F0A09154
:100CEC007E05B0917F05FF2722272F933B812A8118
:100CFC00198108810250104020403040E091D70506
:100D0C000E9434E3EF910A0F1B1F2E1F3F1F04C0DC
:100D1C000FEF1FEF2FEF3FEF08950881083F78F09A
:100D2C0019811F3F61F41091B105113031F01B8115
:100D3C001F3028F00A810F3F11F41FEF01C010E0A3
:100D4C00089508810F3F79F419811F3F61F41091C8
:100D5C00B105113031F01B811F3028F00A810F3F93
:100D6C0011F41FEF01C010E00895229710E01883D2
:100D7C0011E01983193028F5FE01349609811127E9
:100D8C0001501040E00FF11F10811032D1F008819A
:100D9C0003950883EA81FB811127E00FF11FEF9384
:100DAC00FF93FE013496098101501040E00FF11FB2
:100DBC001081FF91EF9110831981139519831123E1
:100DCC00C9F61C85103299F1088103950883EA81D4
:100DDC00FB811127E00FF11F1EE2108319E019832C
:100DEC001C3028F5FE013496098111270150104062
:100DFC00E00FF11F10811032D1F0088103950883A8
:100E0C00EA81FB811127E00FF11FEF93FF93FE01A5
:100E1C003496098101501040E00FF11F1081FF91B1
:100E2C00EF9110831981139519831123C9F6EA8167
:100E3C00FB81188110830895239711E019831A837D
:100E4C00FE01359609811127E00FF11F10811E322A
:100E5C0091F41A81193008F093C0EB81FC810A815E
:100E6C00112701501040E00FF11F10E210831A817E
:100E7C0013951A83EECFFE01359609811127E00FE9
:100E8C00F11F10811A3259F51A89109509F05AC0C0
:100E9C001A81193088F41A81193000F5EB81FC8124
:100EAC000A81112701501040E00FF11F1FE310833E
:100EBC001A8113951A83EFCF1A811C3070F4EB81D1
:100ECC00FC810A81112701501040E00FF11F1FE334
:100EDC0010831A8113951A83EFCF6FC051C0FE0196
:100EEC00359609811127E00FF11F10811F3369F42A
:100EFC001A89109539F5EB81FC810A811127015073
:100F0C001040E00FF11F1FE337C0FE013596098139
:100F1C001127E00FF11F10811C3299F010F41030E2
:100F2C0048F41E3271F01F3261F0103451F020F48D
:100F3C001A3310F0189405C01F3F19F01F3708F032
:100F4C00189411F410E03AC0EB81FC810A8111274E
:100F5C0001501040E00FF11FEF93FF93FE01359607
:100F6C0009811127E00FF11F1081113618F01B3782
:100F7C0008F41052FF91EF9110831A8113951A8384
:100F8C000981039509831D81011709F028F41A8141
:100F9C001B3009F008F454CF1A811C3070F4EB812B
:100FAC00FC810A81112701501040E00FF11F10E263
:100FBC0010831A8113951A83EFCF1FEF0895219791
:100FCC0011E018831C3090F5FE013C960881112726
:100FDC0001501040E00FF11F1081113618F01B3733
:100FEC0008F410521F93FE0131960881112701500D
:100FFC001040E00FF11F1081113618F01B3708F468
:10100C0010520F91011769F0FE013C9608811127CF
:10101C0001501040E00FF11F10811F3311F010E050
:10102C0006C0188113951883112361F61FEF0895DC
:10103C0011E0109397053B812A8119810881009357
:10104C0098051093990520939A0530939B050F935F
:10105C001F932F933F9300917A0510917B053327B3
:10106C002227D801F9013F912F911F910F913F1722
:10107C0029F42E1719F41B1709F40A1710E009F4B8
:10108C001FEF10939605112309F01FEF1F9310917A
:10109C00B105123010E009F41FEF0F91102381F00D
:1010AC000091DE051091DF052091E0053091E105FE
:1010BC0000939C0510939D0520939E0530939F05EE
:1010CC0010919605112309F01FEF109511F1009165
:1010DC0098051091990520919A0530919B053A93AA
:1010EC002A931A930A937ADD249600939C05109305
:1010FC009D0520939E0530939F0500E010E020E0B5
:10110C0030E00093A0051093A1052093A205309325
:10111C00A30510E000E00093940510939505089545
:10112C00009197050395009397051091820501177F
:10113C0009F008F4C7C011E010939705A09194052D
:10114C00B09195051196A0939405B09395051091C7
:10115C009605112309F01FEF1F931091B105113063
:10116C0010E009F41FEF0F91102319F120918E0557
:10117C0030918F051091950500919405131709F482
:10118C00021709F487C0A0919805B0919905E091D8
:10119C009A05F0919B05119608F43196A093980549
:1011AC00B0939905E0939A05F0939B0511E01BBF52
:1011BC0089C0A0919805B0919905E0919A05F0919C
:1011CC009B05119608F43196A0939805B093990558
:1011DC00E0939A05F0939B0511E01BBF00917E05EF
:1011EC0010917F05332722270150104020403040BA
:1011FC0020953095109500950A0F1B1F2E1F3F1F31
:10120C00D801F9010091D6051127332722270A238B
:10121C001B232E233F23303029F4203019F41030B7
:10122C0009F4003009F04EC000919C0510919D0509
:10123C0020919E0530919F053A932A931A930A9315
:10124C006CDD2496112331F500919C0510919D05C0
:10125C0020919E0530919F050093A0051093A10548
:10126C002093A2053093A3053A932A931A930A93D9
:10127C008CDB249600939C0510939D0520939E0572
:10128C0030939F053A932A931A930A9346DD24963A
:10129C00112311F010E017C000919C0510919D05D1
:1012AC0020919E0530919F053A932A931A930A93A5
:1012BC00EADC2496009398051093990520939A05DF
:1012CC0030939B051FEF0895009198051091990597
:1012DC0020919A0530919B053A932A931A930A937D
:1012EC000FEC11E01A930A930E947B00269610953E
:1012FC0029F015E01093CE0110E016C010E0109309
:10130C00CE010091970501501040A0E2B0E0E894A6
:10131C0065F80E94CCE1F1E0EFECE00FF11F1081D9
:10132C00103010E009F01FEF089523971C8911234A
:10133C0051F03B892A89198908893A932A931A937F
:10134C000A9376DE2496C0DF112309F477C0FE01E0
:10135C003196EF93FF9300919705112701501040A0
:10136C00A0E2B0E0E89465F80E94CCE1F1E0EFEC8B
:10137C00E00FF11F8F01FF91EF9101931083E98131
:10138C00FA813B9610811F3010E009F01FEF1F937C
:10139C00E981FA817A9601911081103009F40030BC
:1013AC0010E009F01FEF0F91102309F443C00B81DB
:1013BC0010E0011751F0E981FA813B9600811B8105
:1013CC00011710E061F01FEF0AC0E981FA813B962A
:1013DC0000811C811023011710E009F41FEF188302
:1013EC00112341F1E981FA811081153019F01E3277
:1013FC0009F0153EF9F0E981FA8110811F3F19F0CF
:10140C001F3708F01894B1F0FE0135962B972BE09E
:10141C0030E0DE010E94BFDCEC85FD852B972BE0D4
:10142C0030E0DE010E94BFDCCADD6796112311F0AB
:10143C001FEF05C075DE109509F485CF10E00895F7
:10144C001FEF1A93E981FA81F19601911191219183
:10145C0030813A932A931A930A93ED81FE81719607
:10146C002B972BE030E0DE010E94BFDC10E01A93DA
:10147C0010E11A935ADF65961123C1F1E881F981C5
:10148C007196EF93FF93009197051127015010402F
:10149C00A0E2B0E0E89465F80E94CCE1F1E0EFEC5A
:1014AC00E00FF11FBF91AF9120E230E00E94BFDC52
:1014BC001FEF1093D005E881F981B5960191108149
:1014CC0033272227E0E10E9434E3D8012F933F9386
:1014DC00E881F981BB960191108133272227FF9176
:1014EC00EF910A2B1B2B2E2B3F2B04C000E010E09E
:1014FC0020E030E0089529973C852B851A850985D5
:10150C0038872F831E830D8300E010E020E030E04D
:10151C003C832B831A83098338852F811E810D818F
:10152C003A932A931A930A9330DA249638872F83A6
:10153C001E830D83303029F4203019F4103009F457
:10154C00003079F1BCD9EFECF1E0009192051091EB
:10155C009305E00FF11F1127119311930091B10521
:10156C00023011F411931083C1D92496FE013196E7
:10157C00A981BA818B819C81119608F40196A08374
:10158C00B1838283938338852F811E810D813A9399
:10159C002A931A930A93C1DB24961883112309F416
:1015AC00BBCF1FEF1093D2051A933D812C811B8169
:1015BC000A813A932A931A930A930E946201259600
:1015CC0008952197A981BA81ECE5F9EC689464F847
:1015DC000E9440E151F1ABE2B5E010E2EBE0F0E04B
:1015EC0031960000319711F01D93FCCF1CE5012FB3
:1015FC00E981FA8161E00E9464DE1883103081F485
:10160C00E981FA81108118831B3009F070F4E981AB
:10161C00FA813196EF93FF93EBE2F5E0088110C06D
:10162C00188111501B3019F010F010E01BC0E9812B
:10163C00FA813196EF93FF93EBE2F5E008810150CC
:10164C001127DF01FF91EF9198010E94BFDCE98126
:10165C00FA81EF93FF9311E01F93188170E00E94C1
:10166C0014DD1FEF0895259738852F811E810D817C
:10167C003A932A931A930A9306DB24963B832A8384
:10168C00198308833F3F29F42F3F19F41F3F09F4B6
:10169C000F3F11F410E02BC0CF93DF930E94590041
:1016AC00DF91CF91109188051C833B812A81198190
:1016BC0008813A932A931A930A930091880511276B
:1016CC00332722273A932A931A930A930E94DC1BFE
:1016DC0029961C81103051F0CF93DF930E94611C2E
:1016EC00DF91CF911C811A951C83F3CF1FEF0895C6
:1016FC00249710E21093A505E4EAF5E0EF93FF932D
:10170C003196FA93EA931CE01A9317EF61221FEBC0
:10171C006122EF81F8850E94A7DE1CE00881101B76
:10172C00FF91EF91108323961091A405113010E0D6
:10173C0011F008F01FEF1F93E4EAF5E00081112788
:10174C00E00FF11F10811C3510E009F41FEF0F9111
:10175C00102341F0E4EAF5E0108111501C3008F040
:10176C001CE010831091A5051C3509F418C1A4EADE
:10177C00B5E0ECE5F9EC689464F80E9440E1C9F43A
:10178C00E4EAF5E0EF93FF933196FA93EA931CE0C9
:10179C001A9317EF61221FEB6122ECE3F5E00E9434
:1017AC00A7DE1CE00881101BFF91EF91108323969C
:1017BC00F6C0ACE3B5E0EDE5F9EC689464F80E9492
:1017CC0040E199F5A4EAB5E0ECE5F9EC689464F82D
:1017DC000E9440E110E009F01FEF1F931091A50546
:1017EC001E3210E009F41FEF0F91102351F0E4EAC0
:1017FC00F5E0EF93FF9311E01F9370E00E9414DD6E
:10180C00E1CF1091A5051C3509F4C9C0EDE5F9EC43
:10181C00EF93FF93E4EAF5E0EF93FF931CE01F9343
:10182C0011E092E00E9455DDBAC010E01B83A4EADF
:10183C00B5E0ECE5F9EC689464F80E9440E110E046
:10184C0009F01FEF1F931091A5051E3210E009F44B
:10185C001FEF0F91102359F0E4EAF5E0EF93FF939B
:10186C0011E01F9370E00E9414DD1FEFDFCF1B818E
:10187C00112309F479C010913C051A83103071F0D2
:10188C00ECE3F5E00A811127E00FF11F10811C3504
:10189C0029F01A811A951A831F3F81F71A81123089
:1018AC0010F5A4EAB5E0ECE5F9EC689464F80E9454
:1018BC0040E109F074C0E4EAF5E0EF93FF93319650
:1018CC00FA93EA931CE01A9317EF61221FEB612243
:1018DC001CE50E9469E11CE00881101BFF91EF914F
:1018EC00108323965CC01A811A951A830091A40563
:1018FC00100F188311E019831A811A931A81088129
:10190C00011798F0EFE5F9ECEF93FF93E4EAF5E0BB
:10191C00EF93FF931CE01F9311E092E00E9455DDC2
:10192C001A8113951A83112351F72196E4EAF5E0F5
:10193C00EF93FF933196FA93EA931CE01A9317EF07
:10194C0061221FEB6122ECE3F5E001E01D810E94B6
:10195C0088DE1CE00881101BFF91EF911083239609
:10196C0018811093A4051BC0EDE5F9ECEF93FF93E0
:10197C00E4EAF5E0EF93FF931CE01F9311E092E093
:10198C000E9455DDECE3F5E0EF93FF93E4EAEF936F
:10199C00FF931CE01F9311E090E00E9455DD109125
:1019AC00A405113010E011F008F01FEF1F93E4EACA
:1019BC00F5E000811127E00FF11F10811C3510E0BC
:1019CC0009F41FEF0F91102341F0E4EAF5E01081C8
:1019DC0011501C3008F01CE0108308952697E4EA9F
:1019EC00F5E0EF93FF933196FA93EA931CE01A9388
:1019FC0017EF61221FEB6122E985FA850E94A7DEB1
:101A0C001CE00881101BFF91EF9110832396A4EA30
:101A1C00B5E0ECE5F9EC689464F80E9440E119F14A
:101A2C001091A5051C3539F400917A0510917B05B0
:101A3C003327222720C01091A5051E32A1F4009156
:101A4C007A0510917B05332722273D832C831B833A
:101A5C000A83CF93DF93EE81FF81FA93EA9348DEFA
:101A6C00DF91CF910CC00091380510913905209170
:101A7C003A0530913B053D832C831B830A831091DF
:101A8C00A405103010E009F01FEF1F931091A5056D
:101A9C001C3510E009F41FEF0F91102349F0E4EA14
:101AAC00F5E0EF93FF9311E01F9370E00E9414DDBB
:101ABC001091A405103010E009F01FEF1F93E4EA19
:101ACC00F5E000811127E00FF11F10811C3510E0AB
:101ADC0009F41FEF0F91102341F0E4EAF5E01081B7
:101AEC0011501C3008F01CE01083CF93DF93E4EA14
:101AFC00F5E0FA93EA9365DDDF91CF91112309F4B8
:101B0C0062C01FEF1A933E812D811C810B813A9389
:101B1C002A931A930A93EBE2F5E02B972BE030E033
:101B2C00DE010E94BFDC10E11A9310E01A93FDDB7A
:101B3C006596109529F000E010E020E030E047C0F9
:101B4C00CF93DF9300919705112701501040A0E22D
:101B5C00B0E0E89465F80E94CCE1F1E0EFECE00F26
:101B6C00F11F74960191108133272227E0E10E9426
:101B7C0034E30F931F932F933F93009197051127F5
:101B8C0001501040E89465F80E94CCE1F1E0EFECD4
:101B9C00E00FF11F7A960191108133272227FF91D4
:101BAC00EF91BF91AF910A2B1B2B2E2B3F2B3A930E
:101BBC002A931A930A9367D8DF91CF913D832C8394
:101BCC001B830A8392CF3D812C811B810A8108954E
:101BDC00E881F9813596EF93FF93E881F981B59609
:101BEC000191108133272227E0E10E9434E3D801D0
:101BFC002F933F93E881F981BB9601911081332794
:101C0C002227FF91EF910A2B1B2B2E2B3F2BFF91A1
:101C1C00EF910193119321933083E881F9813196EF
:101C2C00EF93FF93E881F981359601911191219100
:101C3C0030813A932A931A930A9325D82496FF91CC
:101C4C00EF910193119321933083E881F9813196BF
:101C5C0001911191219130813F3F29F42F3F19F4CB
:101C6C001F3F09F40F3F10E009F01FEF0895219773
:101C7C00E981FA813196A081B1818281938111969B
:101C8C0008F40196A083B18382839383E981FA815E
:101C9C0031960191119121913081F901A0917E052C
:101CAC00B0917F0533272227A150B040204030400F
:101CBC0020953095B095A095A00FB11F2E1F3F1FFA
:101CCC00F9010091D6051127332722270A231B235C
:101CDC002E233F23303029F4203019F4103009F42E
:101CEC00003009F054C0E981FA81359601911191C7
:101CFC00219130813A932A931A930A930E94930666
:101D0C002496112311F010E043C0E981FA81359635
:101D1C00EF93FF93E981FA8135960191119121910D
:101D2C0030813A932A931A930A930E94CB042496F7
:101D3C00FF91EF910193119321933083E981FA8103
:101D4C00359601911191219130813A932A931A93EE
:101D5C000A930E94930624961095C9F0E981FA81A2
:101D6C003196EF93FF93E981FA81359601911191A8
:101D7C00219130813A932A931A930A930E9449062F
:101D8C002496FF91EF9101931193219330831FEFD0
:101D9C000895E881F9817C96008110E1011709F41E
:101DAC00B2C0CF93DF930E945900DF91CF911FEF08
:101DBC001A93E981FA81F196019111912191308167
:101DCC003A932A931A930A93ED81FE8171962B977D
:101DDC002BE030E0DE010E94BFDC10E01A9310E132
:101DEC001A93A3DA65961123C9F000919705112770
:101DFC0001501040A0E2B0E0E89465F80E94CCE1FC
:101E0C00F1E0EFECE00FF11F3B96108111701130F7
:101E1C0021F417E01093CE0176C0C3C0E881F9819C
:101E2C00F19601911191219130813A932A931A9351
:101E3C000A93FED8249648DA112309F4B2C0009113
:101E4C009705112701501040A0E2B0E0E89465F826
:101E5C000E94CCE1F1E0EFECE00FF11F10811530A6
:101E6C0009F0153E09F4B0C05BD9109521F310911F
:101E7C009605112309F01FEF112309F044C00091BE
:101E8C009C0510919D0520919E0530919F053A93DC
:101E9C002A931A930A930E94A7062496112399F564
:101EAC0000919C0510919D0520919E0530919F05F8
:101EBC003A932A931A930A930E9493062496112319
:101ECC0091F00E940D052B9600939C0510939D0597
:101EDC0020939E0530939F051091D105112309F095
:101EEC001FEF112381F400919C0510919D05209109
:101EFC009E0530919F053A932A931A930A93B3DB6C
:101F0C002996109511F010E089C00091A005109150
:101F1C00A1052091A2053091A3053A932A931A9317
:101F2C000A9300919C0510919D0520919E0530917E
:101F3C009F053A932A931A930A930E94EB042896CE
:101F4C0000919C0510919D0520919E0530919F0557
:101F5C003A932A931A930A930FEF1FEF2FEF3FEF49
:101F6C003A932A931A930A930E94EB0428960091B1
:101F7C009C0510919D0520919E0530919F053A93EB
:101F8C002A931A930A930E94490624960093980563
:101F9C001093990520939A0530939B0511E01093AB
:101FAC009705009198051091990520919A0530910B
:101FBC009B053A932A931A930A930FEC11E01A9308
:101FCC000A930E947B0026960091970511270150D9
:101FDC001040A0E2B0E0E89465F80E94CCE1B1E0DA
:101FEC00AFECA00FB11FE881F981719620E230E0CF
:101FFC000E94BFDC009198051091990520919A05DB
:10200C0030919B053A932A931A930A930FEC11E0A3
:10201C001A930A930E949B0026961FEF0895EA815B
:10202C00FB81F59601911081103011F4003021F0F4
:10203C00103029F4013019F40881198126C01030B0
:10204C0029F4023019F40881198111C0103029F4D7
:10205C00043019F40881198108C0103059F4083083
:10206C0049F40881198116950795169507951695CB
:10207C0007950BC0A881B981EA81FB81F596019186
:10208C001081E89465F80E94EDE108952297EC81A7
:10209C00FD81F59601911081198308830A811B81BA
:1020AC00103029F4003019F410E000E02AC0103090
:1020BC0029F4013019F40881198123C0103029F456
:1020CC00023019F40881198111C0103029F4043040
:1020DC0019F40881198108C0103059F4083049F4FA
:1020EC0008811981000F111F000F111F000F111F04
:1020FC0008C0A881B9810A811B81E89465F80E9407
:10210C00CCE10895229710E01A9310E01A9300E0A6
:10211C0010E020E030E03A932A931A930A930E943D
:10212C009F0026960093EC051093ED052093EE0589
:10213C003093EF050F931F932F933F9300918905D5
:10214C0010918A0520918B0530918C05D801F901ED
:10215C003F912F911F910F913F1729F42E1719F4CE
:10216C001B1709F40A1708F009F4B7C000E010E0D7
:10217C0020E030E00093EC051093ED052093EE0584
:10218C003093EF0500917805109179051983088338
:10219C000091750510917605332722273A932A93DF
:1021AC001A930A930E941B1C2596CF93DF930E94CF
:1021BC00841CDF91CF911091CF03112309F01FEFF5
:1021CC001095A9F0EFECF1E000E0A091EC05B091D6
:1021DC00ED051081112319F41181112309F01196C9
:1021EC0032960A95B1F7A093EC05B093ED05A88152
:1021FC00B9811197A883B9830A2FB03009F4003044
:10220C00A1F6CF93DF930E944D1CDF91CF91A0914B
:10221C008905B0918A05E0918B05F0918C050091B0
:10222C00EC051091ED052091EE053091EF05015074
:10223C0010402040304020953095109500950A0FA5
:10224C001B1F2E1F3F1F0E5F1F4F2F4F3F4F009323
:10225C00EC051093ED052093EE053093EF050F93ED
:10226C001F932F933F930091890510918A0520911C
:10227C008B0530918C05D801F9013F912F911F915D
:10228C000F913F1729F42E1719F41B1709F40A178D
:10229C0089F080F00091890510918A0520918B05B9
:1022AC0030918C050093EC051093ED052093EE0511
:1022BC003093EF0510E01A931FEF1A930091EC0581
:1022CC001091ED052091EE053091EF053A932A938C
:1022DC001A930A930E949F0026960091EC05109188
:1022EC00ED052091EE053091EF050895229710E051
:1022FC001A9310E01A9300E010E020E030E03A93DB
:10230C002A931A930A930E949F0026960093EC0539
:10231C001093ED052093EE053093EF050F931F936B
:10232C002F933F930091890510918A0520918B057D
:10233C0030918C05D801F9013F912F911F910F918C
:10234C003F1729F42E1719F41B1709F40A1708F074
:10235C0009F4C7C000E010E020E030E00093EC0589
:10236C001093ED052093EE053093EF050091780561
:10237C0010917905198308830091750510917605E4
:10238C00332722273A932A931A930A930E941B1CF1
:10239C002596CF93DF930E94841CDF91CF911091EF
:1023AC00CF03112309F01FEF109529F1EFECF1E0A9
:1023BC0000E8A091EC05B091ED058091EE059091AF
:1023CC00EF051081112349F41181112331F412818D
:1023DC00112319F41381112319F0119608F40196A5
:1023EC0034960A9571F7A093EC05B093ED058093A4
:1023FC00EE059093EF05A881B9811197A883B98355
:10240C000A2FB03009F4003021F6CF93DF930E94ED
:10241C004D1CDF91CF91A0918905B0918A05E09177
:10242C008B05F0918C050091EC051091ED05209138
:10243C00EE053091EF0501501040204030402095C2
:10244C003095109500950A0F1B1F2E1F3F1F0E5F16
:10245C001F4F2F4F3F4F0093EC051093ED0520932A
:10246C00EE053093EF050F931F932F933F9300913D
:10247C00890510918A0520918B0530918C05D80126
:10248C00F9013F912F911F910F913F1729F42E17AE
:10249C0019F41B1709F40A1789F080F000918905CB
:1024AC0010918A0520918B0530918C050093EC05D9
:1024BC001093ED052093EE053093EF0510E01A9381
:1024CC001FEF1A930091EC051091ED052091EE058C
:1024DC003091EF053A932A931A930A930E949F0026
:1024EC0026960091EC051091ED052091EE053091AA
:1024FC00EF05089524971091B10512301FEF09F0E4
:10250C0010E011F4F3DE01C0FDDD22963B832A833B
:10251C0019830883E091D7050E9434E336952795FB
:10252C0017950795089522970E94B2DB08831983AB
:10253C00103009F4003009F461C0E881F98111E030
:10254C001083E881F981F196EF93FF93CF93DF939A
:10255C00FE013F96FA93EA9341DADF91CF91FF9116
:10256C00EF910193119321933083E881F981F596D2
:10257C000091CC011091CD0101931083E881F98178
:10258C00F1960191119121913081303029F4203054
:10259C0019F4103009F4003009F429C0CF93DF93FB
:1025AC0010E01A932D976F92FE01EF93FF933196E3
:1025BC00FA93EA931CE01A9317EF61221FEB612246
:1025CC00FE0173960E94A7DE1CE00881101BFF9190
:1025DC00EF91108323966F90EE85FF857196FA9399
:1025EC00EA930E942207DF91CF91109549F0088160
:1025FC0019811A930A930E94D3DB229610E007C02C
:10260C00EC8DFD8D08811981019310831FEF0895C6
:10261C002497CF93DF93FE017E96FA93EA93DED94B
:10262C00DF91CF913B832A8319830883303029F4BF
:10263C00203019F4103009F4003009F4D4C0CF93D1
:10264C00DF932D976F92FE01EF93FF933196FA93E0
:10265C00EA931CE01A9317EF61221FEB6122FE0133
:10266C00BE960E94A7DE0CE01881011BFF91EF9132
:10267C00008323966F902D976F92FE01EF93FF933B
:10268C003196FA93EA931CE01A9317EF61221FEB31
:10269C006122FE01B1960E94A7DE0CE01881011B9D
:1026AC00FF91EF91008323966F901FE31A93E0ED57
:1026BC00F3E0FA93EA936BD1DF91CF91112321F0E0
:1026CC0018E01093CE018FC0CF93DF9310E01A93D4
:1026DC002D976F92FE01EF93FF933196FA93EA9345
:1026EC001CE01A9317EF61221FEB6122FE01B296D8
:1026FC000E94A7DE1CE00881101BFF91EF91108354
:10270C0023966F90EBE2F5E0FA93EA930E9422078E
:10271C00DF91CF91109509F066C01FEF1A933C81A1
:10272C002B811A8109813A932A931A930A93EBE22B
:10273C00F5E02B972BE030E0DE010E94BFDC10E0CF
:10274C001A9310E11A930E949B096596112309F4C0
:10275C004AC0CF93DF9310E01A932D976F92FE012E
:10276C00EF93FF933196FA93EA931CE01A9317EFC9
:10277C0061221FEB6122FE0175960E94A7DE1CE010
:10278C000881101BFF91EF91108323966F9000919D
:10279C009705112701501040A0E2B0E0E89465F8CD
:1027AC000E94CCE1F1E0EFECE00FF11FFA93EA9319
:1027BC000E942207DF91CF911095A9F40091980502
:1027CC001091990520919A0530919B053A932A9383
:1027DC001A930A930FEC11E01A930A930E949B0030
:1027EC0026961FEF01C010E00895249700E010E03A
:1027FC0020E030E0EC81FD81019311932193308333
:10280C00CF93DF9310E01A932D976F92FE01EF9305
:10281C00FF933196FA93EA931CE01A9317EF612217
:10282C001FEB6122FE0177960E94A7DE0CE0188157
:10283C00011B102FFF91EF91008323966F90EBE219
:10284C00F5E0FA93EA930E942207DF91CF9110955D
:10285C0009F044C0CF93DF932D976F92FE01EF9355
:10286C00FF933196FA93EA931CE01A9317EF6122C7
:10287C001FEB6122FE01B3960E94A7DE0CE01881CB
:10288C00011BFF91EF91008323966F902D976F9210
:10289C00FE01EF93FF933196FA93EA931CE01A939F
:1028AC0017EF61221FEB6122FE01B3960E94A7DE97
:1028BC000CE01881011BFF91EF91008323966F9020
:1028CC0017E21A93E0EDF3E0FA93EA9360D0DF910C
:1028DC00CF91109529F019E01093CE0110E00DC0A6
:1028EC00E9EFF3E00191119121913081EC81FD81AF
:1028FC0001931193219330831FEF08952497CF9365
:10290C00DF932D976F92FE01EF93FF933196FA931D
:10291C00EA931CE01A9317EF61221FEB6122FE0170
:10292C00B2960E94A7DE0CE01881011BFF91EF917B
:10293C00008323966F902D976F92FE01EF93FF9378
:10294C003196FA93EA931CE01A9317EF61221FEB6E
:10295C006122FE01B2960E94A7DE1CE00881101BCA
:10296C00FF91EF91108323966F900E8D18E11095C7
:10297C0010231A93E0EDF3E0FA93EA9308D0DF9179
:10298C00CF91109511F010E001C01FEF089524971E
:10299C00EC81FD81BD961E811083CF93DF93FE01E8
:1029AC007496FA93EA931AD8DF91CF913B832A83DA
:1029BC0019830883CF93DF931FEF1A932D976F9290
:1029CC00FE01EF93FF933196FA93EA931CE01A936E
:1029DC0017EF61221FEB6122FE0178960E94A7DEA1
:1029EC001CE00881101BFF91EF91108323966F90D0
:1029FC00EA89FB89BE96FA93EA930E942207DF913B
:102A0C00CF91109509F094C01FEF1A933C812B8144
:102A1C001A8109813A932A931A930A93E985FA85C4
:102A2C00BE962B972BE030E0DE010E94BFDC1E89A6
:102A3C001A9310E01A930E949B096596112309F4CE
:102A4C0077C000919705112701501040A0E2B0E02B
:102A5C00E89465F80E94CCE1F1E0EFECE00FF11F97
:102A6C00EF93FF93EC81FD813D96DF01FF91EF9198
:102A7C0020E230E00E94BFDCEC81FD813D962B977B
:102A8C002BE030E0DE010E94BFDCEF85F889FA9381
:102A9C00EA930E94BB062F96EC81FD81EF5AFF4F03
:102AAC00109197051083EC81FD81EE5AFF4F009138
:102ABC0094051091950501931083EC81FD81E35BE6
:102ACC00FF4F009198051091990520919A0530912E
:102ADC009B050193119321933083EC81FD81EC5A7A
:102AEC00FF4F10919605112309F01FEF1083EC8115
:102AFC00FD81EF5BFF4F00919C0510919D0520918E
:102B0C009E0530919F050193119321933083EC81A5
:102B1C00FD81FD960091A0051091A1052091A205C3
:102B2C003091A30501931193219330831FEF01C0C2
:102B3C0010E00895E881F981EF5AFF4F108110934E
:102B4C009705E881F981EE5AFF4F019110810093AE
:102B5C00940510939505E881F981E35BFF4F019192
:102B6C001191219130810093980510939905209330
:102B7C009A0530939B05E881F981EC5AFF4F10813F
:102B8C00112309F01FEF10939605E881F981EF5B93
:102B9C00FF4F019111912191308100939C0510936D
:102BAC009D0520939E0530939F05E881F981FD9644
:102BBC0001911191219130810093A0051093A105F1
:102BCC002093A2053093A3050E949608112309F4C3
:102BDC0096C010E01A9300E010E020E030E03A9349
:102BEC002A931A930A93ED81FE81BE962B972BE0C4
:102BFC0030E0DE010E94BFDCE889F989BD961081C6
:102C0C001A9310E01A930E949B0965961123E1F226
:102C1C0000919705112701501040A0E2B0E0E89414
:102C2C0065F80E94CCE1F1E0EFECE00FF11FEF93BF
:102C3C00FF93E881F9813D96DF01FF91EF9120E24E
:102C4C0030E00E94BFDCE881F9813D962B972BE0A8
:102C5C0030E0DE010E94BFDCEB85FC85FA93EA9341
:102C6C000E94BB062F96E881F981EF5AFF4F109115
:102C7C0097051083E881F981EE5AFF4F0091940576
:102C8C001091950501931083E881F981E35BFF4F67
:102C9C00009198051091990520919A0530919B050A
:102CAC000193119321933083E881F981EC5AFF4F02
:102CBC0010919605112309F01FEF1083E881F9811B
:102CCC00EF5BFF4F00919C0510919D0520919E0597
:102CDC0030919F050193119321933083E881F98101
:102CEC00FD960091A0051091A1052091A2053091AF
:102CFC00A30501931193219330831FEF01C010E0C2
:102D0C000895E881F9817C96008110E1011709F49E
:102D1C00E0C0E881F981F196019111912191308106
:102D2C003A932A931A930A930E941E0824960E949F
:102D3C006A09112309F4D0C000919705112701509D
:102D4C001040A0E2B0E0E89465F80E94CCE1F1E01C
:102D5C00EFECE00FF11F3B9610811071103109F46C
:102D6C00B4C0E881F98171962B972BE030E0DE013D
:102D7C000E94BFDC00919705112701501040A0E282
:102D8C00B0E0E89465F80E94CCE1F1E0EFECE00FE4
:102D9C00F11F2B972BE030E0DE010E94BFDC0E947C
:102DAC00E5076796112309F490C000919705112748
:102DBC0001501040A0E2B0E0E89465F80E94CCE12C
:102DCC00F1E0EFECE00FF11F3B9610811170113028
:102DDC0021F417E01093CE017CC0CF93DF930091C8
:102DEC009705112701501040A0E2B0E0E89465F877
:102DFC000E94CCE1F1E0EFECE00FF11F7496019131
:102E0C00108133272227E0E10E9434E30F931F93B4
:102E1C002F933F9300919705112701501040E89490
:102E2C0065F80E94CCE1F1E0EFECE00FF11F7A962F
:102E3C000191108133272227FF91EF91BF91AF9120
:102E4C000A2B1B2B2E2B3F2B3A932A931A930A9364
:102E5C000E94810ADF91CF910091980510919905FC
:102E6C0020919A0530919B053A932A931A930A93D1
:102E7C000FEC11E01A930A930E947B0026960091A6
:102E8C009705112701501040A0E2B0E0E89465F8D6
:102E9C000E94CCE1F1E0EFECE00FF11F15EE108396
:102EAC00009198051091990520919A0530919B05F8
:102EBC003A932A931A930A930FEC11E01A930A93FC
:102ECC000E949B0026961FEF07C00E949608109543
:102EDC0011F010E001C02BCF0895CF93DF9310E0D9
:102EEC001A932D976F92FE01EF93FF933196FA93FD
:102EFC00EA931CE01A9317EF61221FEB6122FE018B
:102F0C0071960E94A7DE0CE01881011B102FFF9117
:102F1C00EF91008323966F90E1EEF3E0FA93EA933E
:102F2C000E942207DF91CF91109581F511E010934B
:102F3C00D00316E21093EC03E1E0F4E0EF93FF937F
:102F4C00CF93DF93FE013D96FA93EA930E94F40C23
:102F5C00DF91CF91FF91EF910193119321933083E6
:102F6C00E1E0F4E00191119121913081303029F4AC
:102F7C00203019F4103009F4003041F000ED13E06A
:102F8C001A930A93BEDE2296109511F010E001C040
:102F9C001FEF0895088119811A930A930E94E7DBA9
:102FAC002296109509F060C0E881F98110811130EA
:102FBC0009F0123009F058C010E01093D005E881E8
:102FCC00F9813596EF93FF93088119811A930A932F
:102FDC000E94260A2296FF91EF910193119321935F
:102FEC0030831091CE01103009F03EC01091D00505
:102FFC00112309F01FEF1123B9F1E881F9813596FE
:10300C000191119121913081303029F4203019F443
:10301C00103009F40030F9F4088119811A930A93DD
:10302C00EA81FB817C9610811A93EB81FC817F965F
:10303C00019110811A930A93ED81FE81B196019151
:10304C0010811A930A9331D02F96109569F4E88168
:10305C00F98111E01083088119811A930A930E9457
:10306C00EE0D2296109511F010E01EC0E881F9814A
:10307C00399610E000E001931083E881F9813D96C8
:10308C0000E010E020E030E00193119321933083B5
:10309C00E881F9813B9610E000E001931083E88110
:1030AC00F98112E010831FEF089528970D851E8576
:1030BC001A930A930E94E7DB2296109509F0B3C08D
:1030CC00ED85FE851081113009F0ADC01C851071A5
:1030DC00103109F4A8C01C851072103221F000E2E6
:1030EC001C85102B1C870D851E851A930A930E9434
:1030FC00260A22963F832E831D830C831091CE01CA
:10310C00103009F090C03F812E811D810C81303030
:10311C0029F4203019F4103009F4003099F190F1B1
:10312C0000919705112701501040A0E2B0E0E894FF
:10313C0065F80E94CCE1F1E0EFECE00FF11F3B965B
:10314C0010811170113021F417E01093CE016BC077
:10315C00ED85FE85B5961F810E8101931083ED855B
:10316C00FE85BB961D810C81019310833F812E81BE
:10317C001D810C813A932A931A930A930E94810A17
:10318C002D9610C00E94D8053B832A83198308838F
:10319C00ED85FE85B59621933083ED85FE85BB9636
:1031AC0001931083ED85FE85B5960191108133272F
:1031BC002227E0E10E9434E3D8012F933F93ED8561
:1031CC00FE85BB960191108133272227FF91EF9149
:1031DC000A2B1B2B2E2B3F2B3F832E831D830C8303
:1031EC003A932A931A930A930FEF1FEF2FEF3FE0B6
:1031FC003A932A931A930A930E94EB042896ED852E
:10320C00FE8535963F812E811D810C810193119392
:10321C00219330830D851E851A930A930E94EE0D1F
:10322C002296109511F010E051C0ED85FE857C962C
:10323C001C851083ED85FE857F960A851B85019381
:10324C001083ED85FE85B196088519850193108351
:10325C00ED85FE85B7960A851B8501931083ED8558
:10326C00FE85B9960885198501931083ED85FE8539
:10327C00B3960885198501931083ED85FE85BD965F
:10328C0000E010E020E030E00193119321933083B3
:10329C00ED85FE8513E01083ED85FE85399610E0F3
:1032AC0000E001931083ED85FE853D9600E010E073
:1032BC0020E030E00193119321933083ED85FE855E
:1032CC003B9610E000E0019310831FEF08952297C6
:1032DC00EA81FB810191108108831983EA81FB81CA
:1032EC0010E000E001931083088119811A930A936E
:1032FC000E94E7DB2296109571F5E881F981108127
:10330C00103011F1113009F41FC0133011F01430CA
:10331C0021F5E881F981BD96EF93FF93E881F9815E
:10332C003D960191119121913081FF91EF91019383
:10333C00119321933083088119811A930A930E9467
:10334C00CF0E2296109589F0088119811A930A9351
:10335C000E94D3DB229610E010C0153031F4CF93CD
:10336C00DF930E945900DF91CF91088119811A9344
:10337C000A930E94D3DB22961FEF089508811981CE
:10338C001A930A930E94E7DB2296109511F01FEF17
:10339C002AC0E881F9811081123011F010E023C0AD
:1033AC00E881F981BD9601911191219130810F93A2
:1033BC001F932F933F93E881F9813D9601911191D1
:1033CC0021913081D801F9013F912F911F910F91DB
:1033DC003F1729F42E1719F41B1709F40A171FEFBE
:1033EC0010F009F011270895229710E000E0EA810F
:1033FC00FB8101931083088519851A930A930E9407
:10340C00E7DB2296109509F0E3C0088519851A931D
:10341C000A930E811F811A930A930E944C102696D0
:10342C001D830C83E885F9851081123009F0D0C01A
:10343C00E885F9853D9601911191219130810F9389
:10344C001F932F933F93E885F985BD9601911191B8
:10345C0021913081D801F9013F912F911F910F914A
:10346C003F1729F42E1719F41B1709F40A1708F043
:10347C00AFC0E885F985BD96A191B19121913081BC
:10348C002F933F93E885F9853D96019111912191F8
:10349C0030810150104020403040209530951095DF
:1034AC000095FF91EF910A0F1B1F2E1F3F1F0F93CB
:1034BC001F932F933F930C811D8133272227D80113
:1034CC00F9013F912F911F910F913F1729F42E175E
:1034DC0019F41B1709F40A1790F4E885F985BD96C1
:1034EC00A191B081E885F9853D960191108101503B
:1034FC001040109500950A0F1B1F1D830C830C8127
:10350C001D81103009F4003009F4B4C0E885F98548
:10351C003996019120918005309181051081131706
:10352C0009F4021711F5E885F985399610E000E0E9
:10353C0001931083088519851A930A930E943D0EF6
:10354C002396109591F0088519851A930A93EC81AE
:10355C00FD81008111811A930A930E941510249603
:10356C00EA81FB810193108333C0E885F985399694
:10357C0001911081019509F41A95109530918105EE
:10358C0020918005020F131F1983088398011D8158
:10359C000C81131709F4021720F40C811D81198377
:1035AC000883E885F985319601911191219130813B
:1035BC003A932A931A930A930FEC11E01A930A93F5
:1035CC000E947B002696109529F015E01093CE01F1
:1035DC0010E067C0E885F985399601911081F1E01A
:1035EC00EFECE00FF11FEF93FF93EE81FF81088169
:1035FC001981DF01FF91EF9198010E94BFDC1981C5
:10360C00B801AC81BD81A61BB70BAC83BD83E8852B
:10361C00F9853D960881198133272227B801C90104
:10362C0020813181A281B381260F371FA81FB91FBA
:10363C0020833183A283B383E885F9853996688129
:10364C007981A081B181A60FB71FA083B183EA81D4
:10365C00FB8168817981A081B181A60FB71FA083FE
:10366C00B18368817981AE81BF81A60FB71FAE830C
:10367C00BF8345CF088519851A930A93EC81FD8188
:10368C00008111811A930A930E9415102496EA81E5
:10369C00FB81019310831091CE01103010E009F4DE
:1036AC001FEF0895239712E00AE81A8309831FEF8E
:1036BC001A930E9410DC219618831F3F11F41FEF00
:1036CC000BC0A981BA811197A983BA830A2FB03094
:1036DC0009F4003061F710E0089522971E811078EC
:1036EC001030A1F01E811F771E8317E71A9300E09C
:1036FC0010E020E030E03A932A931A930A93EDDF1E
:10370C0027961983113011F008F04EC02C9A1FEF38
:10371C001A930E9410DC21962C98C4DF23961E81EC
:10372C001A930E9410DC21961D811A930E9410DCC2
:10373C0021961C811A930E9410DC21961B811A93EE
:10374C000E9410DC21961A811A930E9410DC21969B
:10375C001FEF18831E81103419F415E9188305C066
:10376C001E81183411F417E8188318811A930E94DB
:10377C0010DC21961AE018831FEF1A930E9410DCBC
:10378C002196198318811A95188319811078103095
:10379C0010E009F41FEF1F93188110301FEF09F090
:1037AC0011270F91102B41F31981089521970FEFD9
:1037BC001FEF2FEF3FEF0093270510932805209361
:1037CC00290530932A0510918D05112309F01FEF5F
:1037DC00109561F038852F811E810D81E9E00E94E2
:1037EC0034E338872F831E830D830DC017ED1A9396
:1037FC003D812C811B810A813A932A931A930A9357
:10380C006CDF2796188319E51A93398528851F8153
:10381C000E813A932A931A930A935FDF27961883A3
:10382C00103010E009F41FEF08952197CF93DF9328
:10383C000E945900DF91CF9110918D05112309F051
:10384C001FEF109559F03C812B811A810981E9E019
:10385C000E9434E33C832B831A83098323DF239652
:10386C0012E51A933D812C811B810A813A932A938C
:10387C001A930A9332DF27961883103011F010E058
:10388C0005C01881103010E009F41FEF08951CE4F6
:10389C001A9300E010E020E030E03A932A931A9358
:1038AC000A931BDF27962C9A1FEF1A930E9410DCA9
:1038BC0021961FEF08950AEF1FEF0E9410DC1F3FA7
:1038CC0021F00A95C9F710E018C01CEF0E9410DC1B
:1038DC0080E092E011270E9410DC0197D9F71FEFCE
:1038EC000E9410DC1FEF0E9410DC1FEF0E9410DC06
:1038FC001F71153010E009F41FEF0895002780E7C1
:10390C0097E11FEF0E9410DC1E3F0000000021F029
:10391C000197B9F7112712C0EFECF1E080E092E0CB
:10392C001FEF0E9410DC1193012B0197C9F71FEFB9
:10393C000E9410DC1FEF0E9410DC1FEF009500931B
:10394C00CF0308952B9700E010E020E030E00093C7
:10395C0071051093720520937305309374050FEF66
:10396C001FEF2FEF3FEF00932705109328052093AF
:10397C00290530932A0510E010938D052C9A18EC2C
:10398C001987103041F01FEF1A930E940EDC21961C
:10399C0019851A95F5CF14E6198710E01E83198541
:1039AC00103009F4E3C010E41A9300E010E020E0BA
:1039BC0030E03A932A931A930A938FDE27961130AC
:1039CC0009F0D0C010E0198719E004ECE7ECF5E041
:1039DC00B1E00E944EE318E41A930AEA11E020E0E9
:1039EC0030E03A932A931A930A9377DE2796113094
:1039FC0009F075C01FEF1A930E940EDC21961FEF81
:103A0C001A930E940EDC21961FEF1A930E940EDC73
:103A1C0021961B831FEF1A930E940EDC21961A83AA
:103A2C001B81113010E009F41FEF1F931A811A3A11
:103A3C0010E009F41FEF0F91102309F48AC017E767
:103A4C001A9300E010E020E030E03A932A931A93A6
:103A5C000A9343DE279619EE1A9300E010E020E05B
:103A6C0030E43A932A931A930A9337DE2796103050
:103A7C0019F0082D017019F71AE71A9300E010E0FD
:103A8C0020E030E03A932A931A930A9326DE279685
:103A9C00103009F51FEF1A930E940EDC21961C833F
:103AAC001FEF1A930E940EDC21961FEF1A930E94AF
:103ABC000EDC21961FEF1A930E940EDC21961C81BE
:103ACC001074103029F01FEF10938D0514E001C015
:103ADC0013E01E833EC0082D017071F63AC019EE3A
:103AEC001A9300E010E020E030E03A932A931A9306
:103AFC000A93F3DD2796113008F021F412E01D83B0
:103B0C0019EE03C011E01D8311E41F831D811E8378
:103B1C001F811A9300E010E020E030E03A932A93E2
:103B2C001A930A93DADD2796103019F0082D0170DC
:103B3C0079F710E51A9300E012E020E030E03A93B8
:103B4C002A931A930A93C9DD2796103011F010E0CE
:103B5C001E83082D017011F410E01E831E8110309D
:103B6C0029F41DCF19851A95198719CF2C9A1FEF97
:103B7C001A930E940EDC21960E9406DC1FEF1A930A
:103B8C000E9410DC21961FEF1A930E9410DC2196E4
:103B9C001E81103010E009F01FEF0895EFECF1E0FA
:103BAC008F010093B2051093B30508950A811B8110
:103BBC001A930A9310E000E01A930A9311E00FEFA6
:103BCC001A930A930E94E3E326961123C1F10A810A
:103BDC001B811A930A9310E000E81A930A9310E0E1
:103BEC000FEB1A930A930E94E3E326961F930A8124
:103BFC001B811A930A9310E000ED1A930A9310E0BC
:103C0C000FED1A930A930E94E3E326960F91102B63
:103C1C0031F01981103010E009F01FEF1983EEE03C
:103C2C00FFE20A811B81E00FF11F19811083EBE782
:103C3C00F1E30A811B81E00FF11F188110830895B5
:103C4C0022970D811E81198308832D813E810B8162
:103C5C001C81020F131F015010401A930A93AA8162
:103C6C00BB8128813981B31709F4A21709F088F4B4
:103C7C00EBE7F1E30A811B81E00FF11F1C8110833C
:103C8C00AA81BB811196AA83BB83BB2351F7AA23BC
:103C9C0041F722960895229710E01983ECE0F0E0AA
:103CAC00FA93EA9317E0108310E01A9310810881BD
:103CBC00011709F0D8F41C81110F1F93EEE8FFE2F5
:103CCC000D811C2D100F012F1127E00FF11F1081FA
:103CDC00112309F01FEF11700F91102B1C83E98138
:103CEC00FA8110811A9510831F3F09F723961981C9
:103CFC000895ECE0F0E0FA93EA9310E0108317E0FB
:103D0C001A93108108810117C8F0EEE8FFE20B81CD
:103D1C000C0D1127E00FF11FEF93FF93FE0134966A
:103D2C00DF011C2D0E945DE4FF91EF911083E9816E
:103D3C00FA81108113951083112321F7239608958E
:103D4C0022971A811A93A7DF2396D12ED8821A8133
:103D5C00185F1A93A0DF2396D12ED98208811D2DCE
:103D6C00089510919908103091F4E7E0F8E0EF9382
:103D7C00FF933196FA93EA931FE11A9317EF61229E
:103D8C001FEB6122E3EEF9EC0E949BDEAFC0E7E093
:103D9C00F8E0EF93FF933196FA93EA931FE11A93AD
:103DAC0017EF61221FEB61221DE20E9469E1109165
:103DBC009908CF93DF931A9310E01A9310E01A939B
:103DCC0010E21A930E94BBDEDF91CF91EAEEF9EC80
:103DDC000E949BDE1FE10881101BFF91EF91108365
:103DEC002396ECE0F0E0FA93EA9310E0108316E0EF
:103DFC001A93108108810117B8F1A9E9B8E01C2DBC
:103E0C000E945DE4112349F1E7E0F8E0EF93FF93A2
:103E1C003196FA93EA931FE11A9317EF61221FEB85
:103E2C006122E7E0F8E00E94A7DE0C2D1127A5E047
:103E3C00B0E0E89465F80E94CCE1F0EDEBEDE00F1A
:103E4C00F11F0E949BDE10E20E9469E10FE11881D4
:103E5C00011BFF91EF9100832396E981FA81108178
:103E6C0013951083112331F62396E7E0F8E0EF93D6
:103E7C00FF933196FA93EA931FE11A9317EF61229D
:103E8C001FEB6122E7E0F8E00E94A7DE10E20E943F
:103E9C0069E10D811E81CF93DF931A930A9310E091
:103EAC001A9310E01A9310E21A93689465F8E89448
:103EBC0074F875F80E94EAE0DF91CF9110E20E944D
:103ECC0069E10B811C81CF93DF931A930A9310E065
:103EDC001A9310E01A9310E21A93689465F8E89418
:103EEC0074F875F80E94EAE0DF91CF910FE1188128
:103EFC00011BFF91EF9100832396E7E0F8E0EF932D
:103F0C00FF933196FA93EA931FE11A9317EF61220C
:103F1C001FEB6122E7E0F8E00E94A7DE1DE50E949E
:103F2C0069E11FE10881101BFF91EF91108323962B
:103F3C00CF93DF9318E0612A0AE21BED1A930A93E0
:103F4C00E7E0F8E00E94A7DE1DE00E9469E11AE0BC
:103F5C000E9469E1DF91CF9110E0109399080895C8
:103F6C00A9E9B8E01C810E9442E4CF93DF930A8157
:103F7C001B811A930A930A811B811A930A93F1DE0F
:103F8C00DF91CF910895E7E0F8E0EF93FF9331963E
:103F9C00FA93EA931FE11A9317EF61221FEB612248
:103FAC003E812D811C810B81CF93DF933A932A9311
:103FBC001A930A9310E01A9310E01A9310E21A93D2
:103FCC00689465F8E89474F875F862F80E94FBDE62
:103FDC00DF91CF911FE10881101BFF91EF911083AE
:103FEC002396CF93DF9318E0612A0AE21BED1A9314
:103FFC000A93E7E0F8E00E94A7DE1DE00E9469E169
:10400C001AE00E9469E1DF91CF910895E7E0F8E0B2
:10401C00EF93FF933196FA93EA931FE11A9317EFFC
:10402C0061221FEB61221B81CF93DF931A9310E067
:10403C001A9310E01A9310E21A930E94BBDEDF91E0
:10404C00CF911FE10881101BFF91EF9110832396F4
:10405C00CF93DF9318E0612A0AE21BED1A930A93BF
:10406C00E7E0F8E00E94A7DE1DE00E9469E11AE09B
:10407C000E9469E1DF91CF910895CF93DF9318816E
:10408C001A93C4DFDF91CF910895E7E0F8E0EF9346
:10409C00FF933196FA93EA931FE11A9317EF61227B
:1040AC001FEB61223E812D811C810B81CF93DF930D
:1040BC003A932A931A930A9310E01A9310E01A93E6
:1040CC0010E21A93689465F8E89474F875F862F83D
:1040DC000E94FBDEDF91CF91E1EFF9EC0E949BDEB9
:1040EC003E812D811C810B81B801C901492F0E9491
:1040FC005DE1482F0E945DE1472F0E945DE1462F54
:10410C000E945DE11DE50E9469E11FE10881101B21
:10411C00FF91EF9110832396CF93DF9318E0612AE0
:10412C000AE21BED1A930A93E7E0F8E00E94A7DE7F
:10413C001DE00E9469E11AE00E9469E1DF91CF91D4
:10414C000895E7E0F8E0EF93FF933196FA93EA9342
:10415C001FE11A9317EF61221FEB6122E5EFF9ECD7
:10416C000E949BDEE7E4F8E00E94A7DE1DE50E94BA
:10417C0069E11FE10881101BFF91EF9110832396D9
:10418C00CF93DF9318E0612A0AE21BED1A930A938E
:10419C00E7E0F8E00E94A7DE1DE00E9469E11AE06A
:1041AC000E9469E1DF91CF910895CF93DF9318E0DE
:1041BC00612A0AE21BED1A930A93E9EFF9EC0E94CB
:1041CC009BDEDF91CF910895CF93DF9318E0612AA6
:1041DC000AE21BED1A930A93E3E0FAEC0E949BDED1
:1041EC00DF91CF9108955A98082D027039F410E0A0
:1041FC000BE4E0EFF5E0B2E00E945AE308955A9820
:10420C00082D027039F410E009E1E0EFF5E0B2E0BE
:10421C000E945AE308955A98082D027039F410E060
:10422C000DE7E0EFF5E0B2E00E945AE308955A98EA
:10423C0011E004EFE0EFF5E0B2E00E945AE30895DC
:10424C0018811095E894112309F068941BB112F9A8
:10425C001BB90895ECE0F0E0FA93EA9310E01083B8
:10426C001A811A9310810881011788F05A9810E06E
:10427C0004E60E94A7DC5A9810E004E60E94A7DC32
:10428C00E981FA81108113951083112361F723962C
:10429C0010E01A93D5DF219608951091DD352B98F7
:1042AC001EBD1DB517FFFDCF1EB51093DE352B9A25
:1042BC0008951091DA352B981EBD1DB517FFFDCF53
:1042CC001EB51093DC351091D9351EBD1DB517FFE9
:1042DC00FDCF1EB51093DB352B9A08951091D43574
:1042EC002B981EBD1DB517FFFDCF1EB51093D835ED
:1042FC001091D3351EBD1DB517FFFDCF1EB5109304
:10430C00D7351091D2351EBD1DB517FFFDCF1EB58B
:10431C001093D6351091D1351EBD1DB517FFFDCFAD
:10432C001EB51093D5352B9A08951091CE3529983A
:10433C001EBD1DB517FFFDCF1091CD351EBD1DB592
:10434C0017FFFDCF299A089518811093CD3510E0F1
:10435C001093CE35EADFCF93DF93C0DFDF91CF919F
:10436C000091D5351091D6352091D7353091D8356F
:10437C00089518811093CD3510E81093CE35D5DF04
:10438C0010E01093DA3519811093D935CF93DF9360
:10439C0090DFDF91CF9108951981110F1A93198134
:1043AC001A93E7DF22960895EDECF5E3198110835B
:1043BC0010E81093CE35B9DF10E01093DA35FF9387
:1043CC001A811A9319811A9314E61A930E9489DCA4
:1043DC002396FF911093D935CF93DF936ADFDF914A
:1043EC00CF910895EDECF5E318811083EEEC10E815
:1043FC0011939BDF098111270093D9351093DA357E
:10440C001A930A930091D9351091DA351A930A93BD
:10441C0010E000E41A930A9310E00E9495DC2696B3
:10442C000093D9351093DA35CF93DF9342DFDF91C8
:10443C00CF91089518811093CD3510E81093CE3597
:10444C0074DF09811A810093D9351093DA35CF9333
:10445C00DF932FDFDF91CF91089518811093CD3525
:10446C0010E81093CE3561DF3C812B811A810981D4
:10447C000093D1351093D2352093D3353093D43566
:10448C00CF93DF932BDFDF91CF910895219710E02D
:10449C001093CF351093D0351981112381F01AE385
:1044AC0014B91CE51CBD10E01DBD1FE915B910E0C9
:1044BC0010938A08469815E00E94B6DC469A10E0E4
:1044CC00188310E00AE00E94A7DC1881139518836A
:1044DC00112737991FEF1F9318811A3F10E011F025
:1044EC0008F01FEF0F91102B61F31981112321F0AC
:1044FC001BEB14B91FE915B9E8943799689418B1F6
:10450C0016F918B9379B91C013E01A931DDF219649
:10451C00E1E9F8E00091D5351091D6352091D735E9
:10452C003091D83501931193219330831091D53567
:10453C00109397081091D635109398081091D73591
:10454C00109396081091D835109395081091D63584
:10455C0040E83427303829F4203019F4103009F4AD
:10456C00003010E009F01FEF1F930091D53510912A
:10457C00D6352091D7353091D83540E834273F37A0
:10458C0029F42F3F19F41F3F09F40F3F10E009F0F5
:10459C001FEF0F9110231093CF35112309F01FEF4C
:1045AC001F93E5E9F8E0019111912191308140E8E8
:1045BC003427303A29F4263219F4133009F4023135
:1045CC0010E008F01FEF0F9110231093D0351091CD
:1045DC00CF35112309F01FEF1123E1F01091D035E5
:1045EC00112309F01FEF1095B9F1CF93DF9318E069
:1045FC00612A0AE21BED1A930A93EFE0FAEC0E948F
:10460C009BDE1DE00E9469E11AE00E9469E1DF91E6
:10461C00CF9122C0CF93DF9318E0612A0AE21BED01
:10462C001A930A93EBE2FAEC0AC0CF93DF9318E0EB
:10463C00612A0AE21BED1A930A93E3E4FAEC0E9456
:10464C009BDE1DE00E9469E11AE00E9469E1DF91A6
:10465C00CF911FEF10938A0810918A08112309F04B
:10466C001FEF112311F110910A2F112309F01FEFE5
:10467C001123D1F010E01A9310E01A9311E01A9361
:10468C000E94BCD92396CF93DF9318E0612A08EAE5
:10469C0019ED1A930A93EFE6FAEC0E949BDEDF9178
:1046AC00CF9110E00E94DCD969C010910A2F112320
:1046BC0009F01FEF112309F43EC010E01A9310E02B
:1046CC001A9311E01A930E94BCD92396CF93DF93CF
:1046DC0018E0612A08EA19ED1A930A93EAE7FAEC52
:1046EC000E949BDEDF91CF91CF93DF9318E0612A7C
:1046FC0008EA19ED1A930A93E1E9F8E00191119196
:10470C0021913191689463F8B801C901492F0E9435
:10471C005DE1482F0E945DE1472F0E945DE1462F2D
:10472C000E945DE1DF91CF9110E00E94DCD911E095
:10473C0004EF0E94A7DCCF93DF936DDDDF91CF9167
:10474C00ECE0F0E0FA93EA9310E010831FEF1A9379
:10475C0010810881011788F012E01A93F5DD21967B
:10476C0012E01A93F1DD21961A9907C0E981FA81BA
:10477C00108113951083112361F7239608952297C6
:10478C0010E000E01983088313E00FEF1A930A93EB
:10479C00AA81BB8128813981E0E8BE273E27B31767
:1047AC0009F4A21709F078F412E01A93CDDD2196E2
:1047BC001A9909C0AA81BB811196AA83BB83B03810
:1047CC0049F7A03039F7229610E01A931DD02196A4
:1047DC0010E005E00E94A7DC12E01A93B5DD2196EB
:1047EC001091D7351A3A51F41091D63510938D0893
:1047FC00EEE8F8E01091D535108305C010E0109369
:10480C008D0810938E08089510E81093CE3511E89A
:10481C001093CD358ADD18811093DD35CF93DF935E
:10482C003CDDDF91CF91089518811A93EDDF21962D
:10483C0010E81093CD3579DD089522971A81113047
:10484C0011F0183059F510E000E0198308830B8142
:10485C001C81015010401A930A93AA81BB812881B4
:10486C003981B31709F4A21709F0B8F4EAE1FDE1B4
:10487C000A811B81E00FF11F10811093DD35CF935E
:10488C00DF930BDDDF91CF91AA81BB811196AA83B7
:10489C00BB83BB2321F7AA2311F733C0123011F0CD
:1048AC00103189F510E000E0198308830B811C811D
:1048BC00015010401A930A93AA81BB812881398137
:1048CC00B31709F4A21709F0E0F4EAE1FDE10A815B
:1048DC001B81000F111FE00FF11F0191108100933C
:1048EC00D9351093DA35CF93DF93E3DCDF91CF9199
:1048FC00AA81BB811196AA83BB83BB23F9F6AA2399
:10490C00E9F622963CC0143011F01032C1F510E0DB
:10491C0000E0198308830B811C81015010401A930D
:10492C000A93AA81BB8128813981B31709F4A21794
:10493C0009F020F5EAE1FDE10A811B81000F111F4E
:10494C00000F111FE00FF11F019111912191308186
:10495C000093D1351093D2352093D3353093D43581
:10496C00CF93DF93BBDCDF91CF91AA81BB811196F2
:10497C00AA83BB83BB23B9F6AA23A9F62296089572
:10498C001091E0351EBD1DB517FFFDCF1EB5109360
:10499C00E1350895289815E01093E035F1DFF0DF4C
:1049AC001091E13511701030D1F7289A089528989C
:1049BC0016E01093E035E4DF289A0895F8DF289884
:1049CC0011E01093E035DCDF10E01093E035D8DF18
:1049DC00289AE0DF0895EBDF289811E01093E0357A
:1049EC00CFDF1FE31093E035CBDF289AD3DF089598
:1049FC00DEDF2898088119813327222740E050E117
:104A0C0060E070E0689465F80E9428E20093E2355B
:104A1C001093E3352093E4353093E53510E2109391
:104A2C00E035AEDF1091E4351093E035A9DF10913D
:104A3C00E3351093E035A4DF1091E2351093E035A7
:104A4C009FDF289AA7DF1091E1351072103010E02B
:104A5C0009F41FEF0895ABDF289817EC1093E0359D
:104A6C008FDF289A97DF1091E1351072103010E02B
:104A7C0009F41FEF0895269710E000E01D830C83C6
:104A8C00088519853327222740E050E160E070E06B
:104A9C00689465F80E9428E23B832A831983088373
:104AAC00E6EEF5E3FA93EA9310E000E0118300835D
:104ABC00EF93FF9308851985D80120E031E0E89445
:104ACC0065F80E94EEE101501040FF91EF911A93AE
:104ADC000A93A081B18128813981B31709F4A217F7
:104AEC0011F008F05EC063DF28983F812E811D8194
:104AFC000C810093E2351093E3352093E435309329
:104B0C00E53512E01093E0353BDF1091E43510935E
:104B1C00E03536DF1091E3351093E03531DF10913D
:104B2C00E2351093E0352CDFEBE0F0E0FA93EA93FA
:104B3C0010E010831FEF1A93108108810117B0F059
:104B4C00EAE1FDE10B851C85E00FF11F108110934C
:104B5C00E03516DFAB85BC851196AB87BC87E98148
:104B6C00FA81108113951083112339F72396289A13
:104B7C0011DFAC81BD818E819F81A050BF4F8F4FC3
:104B8C009F4FAC83BD838E839F83EA81FB81A08181
:104B9C00B1811196A083B183BB2311F4AA2309F030
:104BAC009ACF24961091E1351072103010E009F470
:104BBC001FEF08952197CF93DF9300DFDF91CF9103
:104BCC0010E018830B811C811A930A9311DF229633
:104BDC00112359F00B811C811A930A930B811C81B0
:104BEC001A930A9348DF2A961883CF93DF93F3DE48
:104BFC00DF91CF9118810895CDDE0A811B81332777
:104C0C00222740E050E160E070E0689465F80E9473
:104C1C0028E20093E2351093E3352093E43530938A
:104C2C00E53528981BE01093E035AADE1091E435A9
:104C3C001093E035A5DE1091E3351093E035A0DE3E
:104C4C001091E2351093E0359BDE10E01093E035C7
:104C5C0097DEE6EEF5E3FA93EA9310E000E01183B9
:104C6C0000830A811B81015010401A930A93A08182
:104C7C00B18128813981B31709F4A21709F0B8F46E
:104C8C007FDEEAE1FDE10091E6351091E735E00FBA
:104C9C00F11F1091E1351083EA81FB81A081B18174
:104CAC001196A083B183BB2321F7AA2311F7249675
:104CBC00289A089526975A9810910A2F112309F0D3
:104CCC001FEF1123A9F010E00E94D4D9CF93DF93EA
:104CDC0018E0612A08EA19ED1A930A93E1E8FAEC54
:104CEC000E949BDEDF91CF91109107061093040672
:104CFC0010E000E019830883088519851D830C8357
:104D0C000E811F811A930A93AE81BF81288139814C
:104D1C00B31709F4A21711F008F043C00E811F81DC
:104D2C001A930A9310E100E01A930A9365DF249614
:104D3C0010E000E01D830C831FE00FEF1A930A9321
:104D4C00AE81BF8128813981B31709F4A21709F00C
:104D5C00B8F42C813D81EAE1FDE10E811F81E00F69
:104D6C00F11F00811127020F131F1D830C83AE81CD
:104D7C00BF811196AE83BF83BB2321F7AA2311F702
:104D8C00229668945A99E8941BB112F91BB9AE811A
:104D9C00BF811196AE83BF83BB2311F4AA2309F004
:104DAC00B5CF229608811981089528970885198511
:104DBC00103109F4003070F408851985D80124E00D
:104DCC0030E0E89465F80E94EEE11B830A830885C5
:104DDC00198506C014E000E01B830A8310E100E093
:104DEC00198308831A851A931FDD21960B851C8560
:104DFC001F830E8308851985D80120E030E1E894E3
:104E0C0065F80E94EEE13C852B85020F131F1D8374
:104E1C000C830E811F811A930A930A811B811A93AA
:104E2C000A93EADE24960A811B811A930A9310E2F4
:104E3C001A9303DD2596AE81BF811196AE83BF8395
:104E4C002C813D810A2FB31709F4021710F31A8530
:104E5C001A93DADC2196089522971A811030C9F43E
:104E6C00E7E4F8E0EF93FF933196FA93EA931FE1AE
:104E7C001A9317EF61221FEB6122EFE9F9EC0E9404
:104E8C009BDE1FE10881101BFF91EF91108323968D
:104E9C004DC00A811127005E1C4F198308831A9399
:104EAC000A9311E000E01A930A93A6DE249610915F
:104EBC00DA1D1A9311E01A931FE01A930E94D8E39B
:104ECC0023961123C9F0E7E4F8E0EF93FF933196B2
:104EDC00FA93EA931FE11A9317EF61221FEB6122F9
:104EEC00EAEDFDE10E94A7DE1FE10881101BFF9196
:104EFC00EF91108323961AC0E7E4F8E0EF93FF9349
:104F0C003196FA93EA931FE11A9317EF61221FEB84
:104F1C006122E1E9FAEC0E949BDE1FE10881101B83
:104F2C00FF91EF911083239610E001C01FEF0895BD
:104F3C0022970C811D811A930A9310E100E01A93B9
:104F4C000A935ADE24960A811B81198308831FE079
:104F5C000FEF1A930A93AA81BB8128813981B31769
:104F6C0009F4A21709F0D0F4E0E0F0E00A811B810B
:104F7C00E00FF11FEF93FF93EAE1FDE1E00FF11F6A
:104F8C001081FF91EF910E94CEDCAA81BB8111961A
:104F9C00AA83BB83BB2309F7AA23F9F622960895AB
:104FAC005A9810910A2F112309F01FEF112309F4BD
:104FBC003DC010E00E94D4D9CF93DF9318E0612A52
:104FCC0008EA19ED1A930A93EBE9FAEC0E949BDEBE
:104FDC00DF91CF9110E01A9310E01A9311E01A931D
:104FEC000E94BCD92396CF93DF9318E0612A08EA7C
:104FFC0019ED1A930A9300917D0810917E08209167
:10500C007F0830918008689463F8B801C901492F72
:10501C000E945DE1482F0E945DE1472F0E945DE1F7
:10502C00462F0E945DE1DF91CF91F5D810910408D5
:10503C00112309F01FEF112339F0E5E0F8E0FA93A2
:10504C00EA930E946D192496CF93DF9318E0612A9E
:10505C000AE21BED1A930A93EBEAFAEC0E949BDE30
:10506C001DE00E9469E11AE00E9469E1DF91CF9195
:10507C0010E004E60E94A7DC10E015BF1093690055
:10508C001DBB10936800109360001093610014BF57
:10509C000C9400FC28975A98ECE0F0E0FA93EA9311
:1050AC0010E0108313E01A93108108810117C0F0EF
:1050BC00FE013996FA93EA9314E61A930E94F3DAF6
:1050CC0023961985153510E009F41FEF1A87112363
:1050DC0039F4E981FA81108113951083112329F792
:1050EC0023961F81112379F0FE013696FA93EA93E9
:1050FC001AE01A930E94F3DA23961E811A3A10E0F2
:10510C0009F41FEF1F831F81112309F461C0FE01F5
:10511C003296FA93EA9314E61A93A2E0B0E00E9456
:10512C00ECDA239610E000E01983088310E000E02D
:10513C001D830C8308851985015010401A930A931E
:10514C00AE81BF8128813981B31709F4A21709F008
:10515C0098F5FE013896FA93EA9312E31A930E949B
:10516C00F3DA23961987EAE1FDE10E811F81E00F46
:10517C00F11F188511932A813B8108851127020F95
:10518C00131F1B830A83AE81BF8120E830E0E894B3
:10519C0065F80E94EEE18F01103009F4003019F42B
:1051AC0016E00E942ADBAE81BF811196AE83BF83CD
:1051BC00BB2341F6AA2331F622962A813B81198121
:1051CC000881131709F4021710E009F41FEF1F836D
:1051DC002ED81F81089521975A981FEF1883CF93CB
:1051EC00DF93ECDBDF91CF910B811C811A930A9337
:1051FC00FFDB2296112361F00B811C811A930A9319
:10520C000B811C811A930A9336DC2A96109511F0A7
:10521C0010E01883CF93DF93DEDBDF91CF91188101
:10522C00089510911430183078F4BFE2AEE810E015
:10523C00E4E0F0E031960000319711F01D93FCCFC3
:10524C0017E01093143016C0009114301FEF03FFB9
:10525C00112710938E2F1FEF02FF112710938F2F02
:10526C001FEF01FF11271093902F1FEF00FF112745
:10527C001093912F089510E010931430A4E1B0E333
:10528C0010918E2F112309F01FEF03E00E9473E49D
:10529C00A4E1B0E310918F2F112309F01FEF02E06E
:1052AC000E9473E4A4E1B0E31091902F112309F054
:1052BC001FEF01E00E9473E4A4E1B0E310E01F9340
:1052CC001091912F112309F01FEF0F910E9473E49D
:1052DC0010911430183018F417E01093143008950E
:1052EC0010E010931530A5E1B0E31F9310919A2FA5
:1052FC00112309F01FEF0F910E9473E4A5E1B0E3B5
:10530C0010919B2F112309F01FEF01E00E9473E411
:10531C0008951091FF301330A9F4A2EEBFE210E013
:10532C00E6E0F0E031960000319711F01D93FCCFD0
:10533C00E2EEFFE2009116301127E00FF11F1FEF94
:10534C0010832EC01091FF30103051F11091FF30AE
:10535C00113029F410911630E0E4FBEE04C01091EA
:10536C001630E8E4FBEE17700027E10FF01F11E098
:10537C001BBFD69000910D001FEF00FF112710935B
:10538C00E22F1FEF01FF11271093E32F1FEF02FFF6
:10539C0011271093E42F1FEF03FF11271093E52F14
:1053AC00AFE4B2E310E0E6E0F0E0319600003197B4
:1053BC0011F01D93FCCF1FEF10930306089510916D
:1053CC00FF30133029F510E010931630ECE0F0E0CC
:1053DC00FA93EA9311E0108315E01A931081088177
:1053EC000117A0F0E2EEFFE21127EC0DF11F108186
:1053FC00112309F01FEF112311F0C0921630E9812F
:10540C00FA81108113951083112349F723966CC0F0
:10541C001091FF30103009F467C01091FF3011303B
:10542C00C1F514E0109316301091E22F112309F0FE
:10543C001FEF1F931091E32F112309F01FEF0F9112
:10544C0010231030C9F41091E32F112309F01FEF32
:10545C00112331F0109116301250109316300CC0ED
:10546C001091E22F112309F01FEF112329F0109155
:10547C001630145010931630109116301A9310E009
:10548C001A9314E01A930E94CEE3239610931630CD
:10549C001CC01091FF301230C1F410E01093163084
:1054AC001091E32F112309F01FEF112321F012E0CB
:1054BC00109316300AC01091E42F112309F01FEF3E
:1054CC00112319F014E0109316301091E52F1123CD
:1054DC0009F01FEF112329F010911630139510933A
:1054EC00163010E4109383321FEF109303060895C7
:1054FC0000911B3010910731011710E009F41FEFD8
:10550C0010931E06112309F01FEF1F9310911B30EF
:10551C00103010E009F41FEF0F91102B10932006A0
:10552C0000911C3010910731011710E009F41FEFA6
:10553C0010931F06112309F01FEF1F9310911C30BD
:10554C00103010E009F41FEF0F91102B109321066F
:10555C0010911E06112309F01FEF1F9310910531B6
:10556C00123010E009F41FEF0F9110231093220654
:10557C0010911F06112309F01FEF1F931091053195
:10558C00123010E009F41FEF0F9110231093230633
:10559C0010910531123029F010E01093240610936D
:1055AC0025060895A7E8B2E310E0E4E0F0E03196B8
:1055BC000000319711F01D93FCCFAEEDBFE210E06F
:1055CC00E0E1F0E031960000319711F01D93FCCF33
:1055DC00ABE3B2E310E0E0E1F0E03196000031978C
:1055EC0011F01D93FCCF08951B810E94ABDA11239F
:1055FC00E1F01AE00E94B6DCE89477F84B811A814E
:10560C00312FE89460F8A0E0B0E050E00E94C2DADC
:10561C001AE00E94B6DC1B81412FE881F981A1E0E0
:10562C00B0E00E94B4DA1FEF01C010E008951A81B7
:10563C000E94ABDA112391F01AE00E94B6DCE894D8
:10564C0077F84A811981312FE89460F8FE01A1E0C6
:10565C00B0E050E00E94C2DA1FEF01C010E00895E4
:10566C0021971981165A18830E94ABDA112309F479
:10567C0046C015E00E94B6DCECE0F0E0FA93EA9349
:10568C0010E0108316E11A9310810881011718F1AC
:10569C00E2EFF5E31127EC0DF11FEF93FF930C8173
:1056AC00A8E1B0E0E89465F80E94CCE198010C2DDB
:1056BC001127020F131FF7E0E0E3E00FF11F0E9428
:1056CC00F0DCFF91EF911083E981FA811081139541
:1056DC0010831123D1F623961FEF10930936E8940B
:1056EC0077F8488110E0312FE89460F8E2EFF5E3A9
:1056FC00A8E1B0E050E00E94C2DA1FEF01C010E058
:10570C0008951091CF35112309F01FEF112309F4DF
:10571C0085C011E01A930E94AA2121961091D535CB
:10572C00103009F450C010910A2F112309F01FEF0B
:10573C001F931091F807112309F01FEF10950F918B
:10574C0010231F931127082D027009F410950F9147
:10575C00102391F1109107061093040610E01A9390
:10576C0010E01A9310E01A930E94BCD92396CF93A1
:10577C00DF9318E0612A08EA19ED1A930A93E8E01E
:10578C00FBEC0E949BDEDF91CF9110E01A9310E0AE
:10579C001A9311E01A930E94BCD92396CF93DF93EE
:1057AC0018E0612A08EA19ED1A930A93E9E1FBEC77
:1057BC000E949BDEDF91CF9110E009E1E0EFF5E074
:1057CC00B2E00E945AE31091F807112309F01FEF81
:1057DC001F931091D535103010E009F41FEF0F9185
:1057EC001023A1F0CF93DF9318E0612A0AE21BED9E
:1057FC001A930A93EAE2FBEC0E949BDE1DE00E94E6
:10580C0069E11AE00E9469E1DF91CF911091D535E1
:10581C00103010E009F01FEF1093F807089524974B
:10582C0010E810935D07AAE9BAE01FEFE0E0F4E09E
:10583C0031960000319711F01D93FCCF10E000E081
:10584C001B830A8312E00FEF1A930A93AC81BD817C
:10585C0028813981E0E8BE273E27B31709F4A21747
:10586C0011F008F051C0EAE9F1E10C811D81E00F63
:10587C00F11F10811F701A831A9310E01A9313E012
:10588C001A930E94D8E323961123A1F1EAE9FEE0D2
:10589C000C811D81E00FF11F10811B831038C8F49F
:1058AC000A811127A0E8B0E0E89465F80E94CCE1E9
:1058BC0098010B811127020F131F000F111FFAE023
:1058CC00EAE9E00FF11F0C811D8108511C4F019377
:1058DC0010831B81103410E009F41FEF1F931B8100
:1058EC00123410E009F41FEF0F91102B19F010E097
:1058FC0010935D07AC81BD811196AC83BD83B0382C
:10590C0011F4A03009F0A4CF229608950881112734
:10591C0000561C4F1A930A931DE000E01A930A9349
:10592C006BD92496AAE9BEE0FDE1EAE120E83CE06F
:10593C000E94BFDC10918A1A1F30C9F0C0F0EAE84F
:10594C00FAE1EF93FF933196FA93EA931FE01A93DF
:10595C0017EF61221FEB6122EDE3FBEC0E949BDE53
:10596C001FE00881101BFF91EF911083239657DFE6
:10597C0024960895229710E000E019830883D8013B
:10598C00B13009F4AF3E09F0D0F4EEE0FFE208814B
:10599C001981E00FF11FEF93FF93E0E5F4E0E00FC6
:1059AC00F11F0E94F0DCFF91EF911083A881B98167
:1059BC001196A883B983BB2319F7AA2309F717E01B
:1059CC001093833008952497AAE9B8E01FEFE0E024
:1059DC00F2E031960000319711F01D93FCCFECE012
:1059EC00F0E0FA93EA9310E0108316E91A93108111
:1059FC000881011778F1E4E5F5ED0C2D1127000F66
:105A0C00111FE00FF11F01E00BBF079116911E83D0
:105A1C000D831A930A9313E008EE1A930A9315E078
:105A2C0006ED1A930A930E942EE42696112359F040
:105A3C000D811E81085E13401C830B83EAE9F8E09C
:105A4C00E00FF11FC082E981FA8110811395108358
:105A5C00112371F62396AAE1B9E01CE0E4E0F0E032
:105A6C0031960000319711F01D93FCCFA6E2B9E0FE
:105A7C0017E0E2E0F0E031960000319711F01D9351
:105A8C00FCCFAAE3B9E01CE2EBE0F0E031960000B9
:105A9C00319711F01D93FCCFAEE6B9E01DE0E6E0C6
:105AAC00F0E031960000319711F01D93FCCF089572
:105ABC00249710E01983183908F03DC0E4EDFEED91
:105ACC0009811127E00FF11F11E01BBF16911883FC
:105ADC0010910108112309F01FEF10951F930881F5
:105AEC001FEF06FF112710950F911023F1F0E4E53D
:105AFC00F5ED09811127000F111FE00FF11F01E0D7
:105B0C000BBF079116911B830A83A0E81A27133841
:105B1C0009F4083E50F0EEE0FFE20A811B81085EBA
:105B2C001340E00FF11F10E01083198113951983B6
:105B3C00112309F0C0CF0895ECE0F0E0FA93EA935A
:105B4C0010E010831FE01A9310810881011718F1DF
:105B5C00EEE5F0E31127EC0DF11FEF93FF930B81B2
:105B6C00A0E1B0E0E89465F80E94CCE198010C2D1E
:105B7C001127020F131FF6E0E0EBE00FF11F0E945C
:105B8C00F0DCFF91EF911083E981FA81108113957C
:105B9C0010831123D1F6239618811093A83012E0AC
:105BAC001093CB320895259715E50E942ADB1AEA4B
:105BBC000E942ADB12E00E942ADB10E000E01A832C
:105BCC00098310E000E01C830B830D811E810150C2
:105BDC0010401A930A93AD81BE8128813981B31785
:105BEC0009F4A21711F008F046C0EAE1FDE10D81BD
:105BFC001E81E00FF11FC1901C2D0E942ADB2B810E
:105C0C003C810C2D1127020F131F1C830B83AD81BC
:105C1C00BE8120E830E0E89465F80E94EEE18F0147
:105C2C00103009F40030E9F410E01A83EDE0F0E0F4
:105C3C00FA93EA9312E31A930E94F3DA23961A81E9
:105C4C0013951A831D2D163010E009F41FEF1F93C6
:105C5C001A81173010E011F008F01FEF0F91102B84
:105C6C0029F3AD81BE811196AD83BE83BB2311F4A4
:105C7C00AA2309F0B2CF22961A810E942ADB19813D
:105C8C000E942ADB13E00E942ADB089521971BE176
:105C9C000E942ADB18831B810E942ADB0881100FCB
:105CAC00188319810E942ADB0881100F18831A812E
:105CBC000E942ADB0881100F1883089510E00E94BF
:105CCC00D4D910E01A9310E01A9310E01A930E94A2
:105CDC00BCD92396CF93DF9318E0612A08EA19ED1B
:105CEC001A930A93E9E4FBEC0E949BDEDF91CF91BF
:105CFC0010E01A9310E01A9311E01A930E94BCD989
:105D0C002396CF93DF9318E0612A08EA19ED1A93D2
:105D1C000A93E7E5FBEC0E949BDE0A811B81CF9383
:105D2C00DF931A930A9310E01A9310E01A9310E27F
:105D3C001A93689463F8689465F8E89474F875F8A5
:105D4C000E94EAE0DF91CF91DF91CF910E941D215B
:105D5C0010910706109304060895ECE0F0E0FA9316
:105D6C00EA9310E010831A81175E1A931081088150
:105D7C000117B0F010E001E00E94A7DC0E9423DBC9
:105D8C00112339F00E9406DB163019F41FEF23960D
:105D9C0009C0E981FA81108113951083112339F719
:105DAC00239610E00895289710915C07133011F496
:105DBC0015E001C014E01B8310E01E8310E0188373
:105DCC0010915C07133051F41127F89410930301D0
:105DDC00109304011093050167FC78941B811A93AE
:105DEC000A851B851A930A9351DF24961F83188505
:105DFC000E942ADB712F1F81170F1F8309851A85BB
:105E0C00085E13401A83098310E01D831885115016
:105E1C001A931E8108810117C0F0EEE0FFE20A819F
:105E2C001B81E00FF11F70817D831885170F188778
:105E3C00172F0E942ADBAA81BB811196AA83BB83F0
:105E4C001E8113951E83112329F721961F810E9411
:105E5C002ADB10915C07133029F418851A937DDF27
:105E6C00219601C01FEF18831E8113951E83188184
:105E7C001F931E81133010E011F008F01FEF0F91EB
:105E8C00102B09F49DCF0895249710915C071330C3
:105E9C0011F415E001C014E0198310E01A8310E02E
:105EAC00188319811A930E811F811A930A93EEDEBF
:105EBC0024961B8311E00E942ADB1B8113951B8304
:105ECC001C810E942ADB712F1B81170F1B830E94E0
:105EDC002ADB10915C07133029F410E01A933DDF94
:105EEC00219601C01FEF18831A8113951A8318810C
:105EFC001F931A81133010E011F008F01FEF0F916F
:105F0C00102B79F20895229710E000E01983088392
:105F1C00D801B03009F4A23009F000F5CF93DF932B
:105F2C0008811981A0E1B0E0E89465F80E94CCE109
:105F3C0008511C4F1A930A931CE01A9334DFDF911B
:105F4C00CF9110E00FE00E94A7DCA881B9811196D7
:105F5C00A883B983BB23E9F6AA23D9F610E000E0A5
:105F6C0019830883D801B03009F4A33009F000F587
:105F7C00CF93DF9308811981A8E0B0E0E89465F82D
:105F8C000E94CCE1085E1B4F1A930A9315E01A93FA
:105F9C000ADFDF91CF9110E00AE00E94A7DCA88114
:105FAC00B9811196A883B983BB23E9F6AA23D9F644
:105FBC0014E008E31A930A931BE01A93F4DE2B9671
:105FCC0010E00FE00E94A7DC14E008E41A930A9397
:105FDC001CE01A93E8DE2B9610E00FE00E94A7DC81
:105FEC0014E008E51A930A931AE01A93DCDE2B9658
:105FFC0010E00FE00E94A7DC10E000E0198308839A
:10600C00D801B03009F4A33009F000F5CF93DF9339
:10601C0008811981A0E1B0E0E89465F80E94CCE118
:10602C0008591B4F1A930A9310E11A93BCDEDF91A7
:10603C00CF9110E00FE00E94A7DCA881B9811196E6
:10604C00A883B983BB23E9F6AA23D9F614E008EC9C
:10605C001A930A9318E11A93A6DE2B9610E004E12A
:10606C000E94A7DC14E000EF1A930A9319E01A932C
:10607C009ADE2B9610E00AE00E94A7DC15E008E2FD
:10608C001A930A931EE01A938EDE2B9610E00AE008
:10609C000E94A7DC15E008EA1A930A931CE01A93F5
:1060AC0082DE2B9610E00AE00E94A7DC15E008ECDB
:1060BC001A930A931CE01A9376DE2B9610E00AE0F2
:1060CC000E94A7DC16E00AE41A930A931FE71A93BE
:1060DC00DBDE2796ABE7B1E310E0E1EFF1E0000087
:1060EC00319711F01D93FCCF0895219719811A93C4
:1060FC001FE01A9314E61A930E9489DC23961F5F03
:10610C001883E89477F84A8112E0312FE89460F80C
:10611C00E6E1F0E0A1E0B0E060E050E00E94C2DA1D
:10612C00E89477F84A8113E0312FE89460F8FE0187
:10613C00A1E0B0E00E94C2DAE89477F84A8114E05A
:10614C00312FE89460F8E6E1F0E0A1E0B0E060E027
:10615C000E94C2DAE89477F84A8115E0312FE8946E
:10616C0060F8FE013196A1E0B0E00E94C2DA089519
:10617C0021970091FD300F5F1091FD300E94B9E125
:10618C00115F1883ECE0F0E0FA93EA9310E01083CF
:10619C0015E01A93108108810117C8F0EAE1FDE2BD
:1061AC001127EC0DF11F1081112309F01FEF1123A2
:1061BC0039F01C2D105A1A931C811A9396DF2396D2
:1061CC00E981FA81108113951083112321F723960D
:1061DC00ECE0F0E0FA93EA9316E0108317E01A93E0
:1061EC00108108810117C8F0EAE1FDE21127EC0DDE
:1061FC00F11F1081112309F01FEF112339F01C2D11
:10620C00105A1A931FEF1A9370DF2396E981FA81C3
:10621C00108113951083112321F72396089510E212
:10622C000E94A8D90895CF93DF9318E0612A08EA59
:10623C0019ED1A930A93EFE5FBEC0E949BDEDF91BC
:10624C00CF91089510910C36113009F471C010E003
:10625C001A9310E01A9310E01A931EE01A9311E1AE
:10626C001A931A931A931EE01A9310E01A9310E0E3
:10627C001A930E94F1D92A9610E01A9311E01A93FE
:10628C0010E01A931EE01A931FE11A931A931A93B3
:10629C001EE01A9310E01A9310E01A930E94F1D9A1
:1062AC002A9610E01A9312E01A9310E01A931AE04F
:1062BC001A9311E11A9310E01A9311E11A931AE050
:1062CC001A9310E01A9310E01A930E94F1D92A96AF
:1062DC0010E01A9313E01A9310E01A931EE01A932D
:1062EC001BE11A9315E11A931BE11A931EE01A9302
:1062FC0010E01A9310E01A930E94F1D92A9611E03B
:10630C0010930C3610E005E00E94A7DC10E01A9305
:10631C0010E01A9311E01A930E94BCD9239610E056
:10632C001A931FEF1A9310E01A930E94AED923967A
:10633C00089510910C36123009F464C010E01A93D1
:10634C0010E01A931FE11A931A931A931A931A9343
:10635C001A931A9310E01A930E94F1D92A9610E01E
:10636C001A9311E01A931FE11A9318E11A931A93D6
:10637C001A931A931A931FE11A9310E01A930E941E
:10638C00F1D92A9610E01A9312E01A9310E11A939D
:10639C001A931A931A931A931A931A9310E01A9346
:1063AC000E94F1D92A9610E01A9313E01A931FE178
:1063BC001A9310E01A9310E01A9310E01A9310E05D
:1063CC001A9310E01A931FE11A9310E01A930E948B
:1063DC00F1D92A9612E010930C3610E005E00E94D9
:1063EC00A7DC10E01A9310E01A9311E01A930E94A4
:1063FC00BCD9239610E01A9310E01A931A930E94BA
:10640C00AED92396089518811123D9F110910B362A
:10641C00113009F46FC010E01A9316E01A9314E0CF
:10642C001A931AE01A9315E11A9310E01A9315E1D6
:10643C001A931AE01A9314E01A9310E01A930E941C
:10644C00F1D92A9610E01A9317E01A9312E01A93D6
:10645C0016E01A931EE01A931EE11A931EE01A938B
:10646C0016E01A9312E01A9310E01A930E94F1D9D5
:10647C002A9611E010930B3610E005E00E94A7DC81
:10648C0039C010910B361230A9F110E01A9316E0B6
:10649C001A9314E01A931EE01A931FE11A9310E05A
:1064AC001A931FE11A931EE01A9314E01A9310E04A
:1064BC001A930E94F1D92A9610E01A9317E01A93B6
:1064CC0012E01A9314E01A931AE01A9314E11A9337
:1064DC001AE01A9314E01A9312E01A9310E01A932C
:1064EC000E94F1D92A9612E010930B3610E005E0C9
:1064FC000E94A7DC089510E00E9485D91123E1F1D8
:10650C0010E005E00E94A7DC10E01A9315E01A9346
:10651C001FE11A9319E11A9317E11A931BE11A93CD
:10652C001DE11A9313E11A931FE11A9310E01A93C9
:10653C000E94F1D92A9610E005E00E94A7DCCF93C7
:10654C00DF93F7DEDF91CF911FEF10930A2F10E04E
:10655C000E94EDD910E005E00E94A7DCCF93DF93F9
:10656C0018E0612A08EA19ED1A930A93E2E9F9ECAA
:10657C000E949BDEDF91CF910895F89413E0109365
:10658C00F5051093F60510E01093F8057894109328
:10659C000D0608952397E4E5F5ED0B811127000F07
:1065AC00111FE00FF11F01E00BBF07911691085E60
:1065BC0013401A8309831A930A9310E000E01A938C
:1065CC000A9311E00FEF1A930A930E942EE4269679
:1065DC00112351F0E0E4F3EE09811A81E00FF11F71
:1065EC0011E01BBF169101C01FEF1883089523976C
:1065FC00F8941091F80510930C0610E01093F80520
:10660C00789410910C0620E81227103810E009F04D
:10661C001FEF1093FB0500910A36002361F411E281
:10662C0010930A36F8941091F90510930D0610E0AA
:10663C001093F905789410910D0617FD119520E82B
:10664C001227113831F128F1109107061A93A2DFA5
:10665C0024961883CF93DF93012F11271A930A9353
:10666C0000910D06112700230AF41FEF1A930A93C9
:10667C0010E000E41A930A931FEF0E9495DCDF915F
:10668C00CF911A830983102F00910C06100F1093D1
:10669C000C06089510E00E940DDA176C10951093FB
:1066AC00FD0508811981103009F4003021F00881B2
:1066BC0019810E94A7DC1091FD05103011F410E037
:1066CC0001C01FEF08952397E4EDFEED0B81112718
:1066DC00E00FF11F11E01BBF1691198312E01A8312
:1066EC00109113301A9310E01A9312E01A930E942F
:1066FC00CEE3239618831B811A9319E51A9311E69E
:10670C001A930E94D8E323961123A9F01091872F96
:10671C00112309F01FEF10951F93FE013196DF0135
:10672C000C911FEF07FF112710950F91102369F0A3
:10673C0011E01A830AC0FE013196DF0118810E9414
:10674C005DE4109511F010E01A83109101081123EB
:10675C0009F01FEF10951F93FE013196DF010C918C
:10676C001FEF06FF112710950F91102311F010E069
:10677C001A83EFE8F9E00B811127E00FF11F0E945B
:10678C00F0DC109511F010E01A831B81163910E023
:10679C0009F41FEF1F9310918E081F70113010E039
:1067AC0009F01FEF0F91102311F010E001C01A81B6
:1067BC000895ECE0F0E0FA93EA9310E0108317E907
:1067CC001A9310810881011778F0EFE8F9E011278E
:1067DC00EC0DF11F1FEF0E94CEDCE981FA811081D4
:1067EC0013951083112371F7239662D9249608957B
:1067FC00ECE0F0E0FA93EA9310E010831CE01A93BB
:10680C0010810881011760F1ECE8F4ED1127EC0D13
:10681C00F11F11E01BBF1691ED81FE811083E9E998
:10682C00F4ED1127EC0DF11F11E01BBF1691EB815C
:10683C00FC8110831F811A93EE81FF8110811A93C2
:10684C00ED81FE8110811A930E94D8E323961123C7
:10685C0039F4E981FA81108113951083112389F69B
:10686C00239608952197ECEBF4ED00910706112780
:10687C00E00FF11F11E01BBF16911883183229F09D
:10688C00193219F0173209F0193110E009F41FEF21
:10689C001093FE0518811A3110E009F41FEF1093C4
:1068AC00FF051881173210E009F41FEF1F931881B0
:1068BC00193110E009F41FEF0F91102B11F017E0B4
:1068CC0006C018811A3111F41DE001C01BE01093B1
:1068DC000206109107061A93F6DE2496113008F082
:1068EC0029F410E01093FE05109309061091070689
:1068FC001A9310E01A9315E11A930E94D8E3239689
:10690C001093000608952597109107061A93FE011F
:10691C003496FA93EA93FE013596FA93EA9368DF7C
:10692C00259610E01883109107061C830C811D819D
:10693C00100F1C83183C10E011F008F01FEF1F9390
:10694C000C811B8101171FEF08F011270F91102BE1
:10695C0011F01A811C830C811A81011719F010F0A7
:10696C001B811C831C811A93AEDE249619831D8116
:10697C0020E81227103810F011E001C01FEF1D8322
:10698C001981103010E009F01FEF012F1881102B26
:10699C0069F21981103019F01C81109307060895C3
:1069AC00CF93DF9310910906112309F01FEF1A936F
:1069BC002ADDDF91CF9110E01A931FE01A9310E0BB
:1069CC001A930E94BCD9239616E00E94A8D910E015
:1069DC001A931FE01A9311E01A930E94BCD92396C4
:1069EC0010910006112309F01FEF112311F010E292
:1069FC0001C015E00E94A8D91091FF05112309F0E0
:106A0C001FEF1F931091FE05112309F01FEF0F913B
:106A1C00102B71F110E01A93109101061A9311E0EA
:106A2C001A930E94BCD9239610910906112309F0E0
:106A3C001FEF112361F010E01A931FEF1A931A93B2
:106A4C000E94AED9239610E01A931FE00CC010E000
:106A5C001A931FEF1A9310E01A930E94AED9239643
:106A6C0010E01A931EE01A930E94A9D9229608C02E
:106A7C0010E01A9310E01A931A930E94AED9239641
:106A8C00089517E00E94A8D910E00E94DCD908955F
:106A9C0010E010930B0600E01A930A93FBDD22968C
:106AAC001093FC05112309F01FEF112399F00091AD
:106ABC00FD0505FF04C01FEF10930B0607C00091E6
:106ACC00FD0504FF03C011E010930B0610E005E078
:106ADC000E94A7DC089510E01A9310E01A9310E0BE
:106AEC001A930E94BCD92396CF93DF9318E0612AA6
:106AFC0008EA19ED1A930A93FE0132960E94A7DE5A
:106B0C00DF91CF9110E00E94DCD910E01A9310E0D5
:106B1C001A9311E01A930E94BCD9239608951881F8
:106B2C001C3210E009F41FEF1F9310911330123038
:106B3C0010E008F01FEF0F91102399F0CF93DF9323
:106B4C0060976F92FE01EF93FF933196FA93EA935D
:106B5C001FE01A9317EF61221FEB6122E6E6FBECB4
:106B6C001CC0CF93DF9360976F92FE01EF93FF935E
:106B7C003196FA93EA931FE01A9317EF61221FEBF9
:106B8C0061220B891127AEE0B0E0E89465F80E9411
:106B9C00CCE1F6EDE4E8E00FF11F0E949BDE1FE074
:106BAC000881101BFF91EF91108323966F9093DF58
:106BBC00DF91CF91089510E01A9310E01A9311E031
:106BCC001A930E94BCD92396CF93DF9318E0612AC5
:106BDC0008EA19ED1A930A93FE0132960E94A7DE79
:106BEC00DF91CF9108951881112359F0CF93DF9342
:106BFC0018E0612A08EA19ED1A930A93EFE6FBEC08
:106C0C000AC0CF93DF9318E0612A08EA19ED1A93B2
:106C1C000A93E3E7FBEC0E949BDEDF91CF91089592
:106C2C001881133459F4CF93DF9318E0612A08EAE2
:106C3C0019ED1A930A93E7E7FBEC40C0153559F4AC
:106C4C00CF93DF9318E0612A08EA19ED1A930A939F
:106C5C00EEE7FBEC33C01C3459F4CF93DF9318E010
:106C6C00612A08EA19ED1A930A93E4E8FBEC26C0B2
:106C7C00103559F4CF93DF9318E0612A08EA19ED27
:106C8C001A930A93EAE8FBEC19C0143459F4CF9325
:106C9C00DF9318E0612A08EA19ED1A930A93E0E9E8
:106CAC00FBEC0CC01F3479F4CF93DF9318E0612A0E
:106CBC0008EA19ED1A930A93E9E9FBEC0E949BDEB2
:106CCC00DF91CF9110C0123571F4CF93DF9318E0A0
:106CDC00612A08EA19ED1A930A93EFE9FBEC0E947A
:106CEC009BDEDF91CF91089510910A2F112309F0AB
:106CFC001FEF112349F110E00E94D4D9CF93DF93F9
:106D0C0018E0612A08EA19ED1A930A93E6EAFBECFB
:106D1C000E949BDEDF91CF91CF93DF9318811A9362
:106D2C007FDFDF91CF911881143471F0CF93DF9313
:106D3C0018E0612A08EA19ED1A930A93ECEAFBECC5
:106D4C000E949BDEDF91CF91089510910A2F1123A1
:106D5C0009F01FEF112399F110E00E94D4D9CF93C1
:106D6C00DF9318E0612A08EA19ED1A930A93E0EB15
:106D7C00FBEC0E949BDEDF91CF9110E01A9310E0A8
:106D8C001A9311E01A930E94BCD92396CF93DF93E8
:106D9C0018811A9345DFDF91CF91CF93DF9318E0E1
:106DAC00612A08EA19ED1A930A93E9EBFBEC0E94AD
:106DBC009BDEDF91CF911091070610930406089586
:106DCC00CF93DF9318811A93C0DFDF91CF9115E039
:106DDC001A930E943021219610910A2F112309F049
:106DEC001FEF112319F010E00E94D4D9089510E080
:106DFC00109304061093080610910A2F112309F022
:106E0C001FEF112339F010E010930B3610E01A939A
:106E1C00FADA219627DD2196CF93DF93AEDBDF9153
:106E2C00CF91089510910A2F112309F01FEF112310
:106E3C00B1F010E00E94D4D9CF93DF9318E0612A0F
:106E4C0008EA19ED1A930A93EEEBFBEC0E949BDE19
:106E5C00DF91CF9113E01A930E94302121960E946A
:106E6C00DB20CF93DF9318E0612A0AE21BED1A9323
:106E7C000A93EEEBFBEC0E949BDE1DE00E9469E1A5
:106E8C001AE00E9469E1DF91CF9108950E94A81C3D
:106E9C002B96112349F0CF93DF930E94A001DF9131
:106EAC00CF911FEF1093030810910308112309F0E1
:106EBC001FEF112311F01FEF07C0A9E9B8E011E093
:106ECC000E9442E4AFDF10E00895109103081123F3
:106EDC0009F01FEF1095C1F00E94A81C2B961123EE
:106EEC0099F0CF93DF930E94A001DF91CF911FEF18
:106EFC0010930308112309F01FEF109529F0A9E94D
:106F0C00B8E011E00E9442E40895A6E5B0E0CA1B87
:106F1C00DB0B10E01883CF93DF93B8DFDF91CF91B9
:106F2C00112309F492C0CF93DF932D976F92FE013A
:106F3C00EF93FF933196FA93EA931CE01A9317EFB1
:106F4C0061221FEB61221CE50E9469E10CE01881B3
:106F5C00011BFF91EF91008323966F902D976F92F9
:106F6C00FE01EF93FF933196FA93EA931CE01A9388
:106F7C0017EF61221FEB6122E4E7F0E0EC0FFD1F3D
:106F8C000E94A7DE0CE01881011BFF91EF9100839A
:106F9C0023966F901FE31A93FE017C96FA93EA9363
:106FAC000E94CD14DF91CF91112309F44EC0FE0144
:106FBC00EA5AFF4F10811123C9F0CF93DF9318E0E9
:106FCC00612A0AE21BED1A930A93ECECFBEC0E948B
:106FDC009BDEFE0133960E94A7DE1DE00E9469E154
:106FEC001AE00E9469E1DF91CF9122C0088111273C
:106FFC00A0E1B0E0E89465F80E94CCE1FBE2EAE1A4
:10700C00E00FF11FEF93FF933196FA93EA931FE091
:10701C001A9317EF61221FEB6122FE0134960E9436
:10702C00A7DE1FE00881101BFF91EF9110832396C0
:10703C00188113951883FE013196FA93EA930E94F6
:10704C00A0152296109509F4B2CF188108952D97AA
:10705C0000E010E020E030E000937D0810937E0803
:10706C0020937F08309380081A83098310910308BA
:10707C00112309F01FEF109511F0D4DE76C2109198
:10708C000A2F112309F01FEF112341F110E00E9488
:10709C00D4D9CF93DF9318E0612A08EA19ED1A933B
:1070AC000A93EFECFBEC0E949BDEDF91CF9110E09A
:1070BC001A9310E01A9311E01A930E94BCD92396EC
:1070CC00CF93DF9318E0612A08EA19ED1A930A931B
:1070DC00FE013F960E94A7DEDF91CF9110E018834E
:1070EC000D8D1E8D1C830B83CF93DF932D976F9289
:1070FC00FE01EF93FF933196FA93EA931CE01A93F7
:10710C0017EF61221FEB61221CE50E9469E10CE084
:10711C001881011BFF91EF91008323966F902D979F
:10712C006F92FE01EF93FF933196FA93EA931CE072
:10713C001A9317EF61221FEB6122FE01BA960E948F
:10714C00A7DE0CE01881011BFF91EF9100832396C1
:10715C006F9017E21A930E948414DF91CF91112340
:10716C0009F4BBC1CF93DF932D976F92FE01EF9380
:10717C00FF933196FA93EA931CE01A9317EF61226E
:10718C001FEB61221CE50E9469E10CE01881011BD8
:10719C00FF91EF91008323966F902D976F92FE01D4
:1071AC00EF93FF933196FA93EA931CE01A9317EF3F
:1071BC0061221FEB6122FE01BA960E94A7DE1CE041
:1071CC000881101BFF91EF91108323966F90FE01A5
:1071DC00B396FA93EA930E94FB13DF91CF913C850F
:1071EC002B851A850985A801B901A0E0B0E1E0E082
:1071FC00F0E0E89465F80E9473E20F5F1F4F2F4F89
:10720C003F4F3C872B871A870987CF93DF93FE016B
:10721C003796FA93EA932D976F92FE01EF93FF93B3
:10722C003196FA93EA931CE01A9317EF61221FEB45
:10723C0061220CE01881011BFF91EF9100832396D2
:10724C006F902D976F92FE01EF93FF933196FA9307
:10725C00EA931CE01A9317EF61221FEB6122FE01E7
:10726C00BC960E94A7DE1CE00881101BFF91EF91D9
:10727C00108323966F9010E001E00093CC011093E3
:10728C00CD010E949912DF91CF910F8118851A932D
:10729C000A930E94D01722960E94E42410E01093C7
:1072AC008A080F8118851A930A930E94C419229692
:1072BC00109509F4F3C010910A2F112309F01FEF58
:1072CC00112351F110E01A9319E01A9310E01A935C
:1072DC000E94BCD9239613E20E94A8D918E0612A17
:1072EC0008EA19ED1A930A930D811E81CF93DF934F
:1072FC001A930A9310E01A9310E01A9310E21A935F
:10730C00689463F8E89465F8E89474F875F80E944A
:10731C00EAE0DF91CF9122960F8118851A930A9398
:10732C000AE11DE11A930A9310E100E01A930A9303
:10733C00FE013B96FA93EA930E94FA192A960B8166
:10734C001C811A930A930E94FE242296109549F1EF
:10735C001FEF10938A0813E0188310910A2F112342
:10736C0009F01FEF1123E1F010E01A9310E01A93CB
:10737C0010E01A930E94BCD92396CF93DF9318E0A8
:10738C00612A08EA19ED1A930A93E8EDFBEC0E94C6
:10739C009BDEDF91CF911AE01A930E943021219647
:1073AC007DC00B811C811A930A9310E100E01A93A3
:1073BC000A930E9441252A96109521F11FEF1093F4
:1073CC008A0814E0188310910A2F112309F01FEF7B
:1073DC001123B9F010E01A9310E01A9310E01A93ED
:1073EC000E94BCD92396CF93DF9318E0612A08EA58
:1073FC0019ED1A930A93E7EEFBEC0E949BDEDF91EA
:10740C00CF9140C0AB81BC811196AB83BC83098109
:10741C001A81103009F4053C10E011F008F01FEF50
:10742C001F933A8529851A810981131709F40217CC
:10743C0010E011F008F01FEF0F91102B49F11FEF26
:10744C0010938A0814E0188310910A2F112309F065
:10745C001FEF1123B9F010E01A9310E01A9310E00B
:10746C001A930E94BCD92396CF93DF9318E0612A1C
:10747C0008EA19ED1A930A93E7EFFBEC0E949BDEE6
:10748C00DF91CF911AE01A930E943021219606C009
:10749C00A981BA811196A983BA8303CFFE013796CD
:1074AC00FA93EA930E946D1924960E94F124188194
:1074BC00103029F0A9E9B8E011E00E9442E41881EB
:1074CC00133028F0A9E9B8E013E00E9442E41091CF
:1074DC00070610930406188149C00E94EA20CF9336
:1074EC00DF9318E0612A0AE21BED1A930A93E6E097
:1074FC00FCEC0E949BDEFE013F960E94A7DEE0E1C1
:10750C00FCEC0E949BDE1DE00E9469E11AE00E94E7
:10751C0069E1DF91CF9110910A2F112309F01FEF30
:10752C001123E1F010E01A9310E01A9310E01A9373
:10753C000E94BCD92396CF93DF9318E0612A08EA06
:10754C0019ED1A930A93EDE1FCEC0E949BDEDF919E
:10755C00CF9113E01A930E94302121961FEF1093C4
:10756C008A08109107061093040612E008952297DA
:10757C0010E019831883193008F05AC0E7E6F8E0D8
:10758C00EF93FF933196FA93EA931FE01A9317EF58
:10759C0061221FEB6122EDE2FCEC0E949BDE1B8161
:1075AC00CF93DF931A9310E01A9310E01A9310E222
:1075BC001A930E94BBDEDF91CF91E3E3FCEC0E94B7
:1075CC009BDE1FE00881101BFF91EF911083239627
:1075DC0019811F93CF93DF930881112700561C4FFD
:1075EC001A930A9360976F92FE01EF93FF93319673
:1075FC00FA93EA931FE01A9317EF61221FEB6122B3
:10760C00E7E6F8E00E94A7DE1FE00881101BFF915F
:10761C00EF91108323966F901ADDDF91CF910F912C
:10762C00102B1983188113951883112309F0A3CFFC
:10763C0019810895229710E0198319E018831B30E3
:10764C0008F05AC0E7E6F8E0EF93FF933196FA930F
:10765C00EA931FE01A9317EF61221FEB6122EDE210
:10766C00FCEC0E949BDE1B81CF93DF931A9310E0FE
:10767C001A9310E01A9310E21A930E94BBDEDF916A
:10768C00CF91E3E3FCEC0E949BDE1FE00881101B12
:10769C00FF91EF911083239619811F93CF93DF9362
:1076AC000881112700561C4F1A930A9360976F920A
:1076BC00FE01EF93FF933196FA93EA931FE01A932E
:1076CC0017EF61221FEB6122E7E6F8E00E94A7DECC
:1076DC001FE00881101BFF91EF91108323966F9090
:1076EC00B6DCDF91CF910F91102B19831881139574
:1076FC001883112309F0A3CF19810895249710E062
:10770C001B8300E01983088310E01A83183008F0FB
:10771C005FC0E7E6F8E0EF93FF933196FA93EA93B4
:10772C001FE01A9317EF61221FEB6122E8E3FCECD8
:10773C000E949BDE1D81CF93DF931A9310E01A9366
:10774C0010E01A9310E21A930E94BBDEDF91CF91E6
:10775C00E0E4FCEC0E949BDE1FE00881101BFF9113
:10776C00EF91108323961B811F93CF93DF93088196
:10777C00198100541C4F1A930A9360976F92FE0163
:10778C00EF93FF933196FA93EA931FE01A9317EF56
:10779C0061221FEB6122E7E6F8E00E94A7DE1FE002
:1077AC000881101BFF91EF91108323966F904FDC93
:1077BC00DF91CF910F91102B1B83A881B981149667
:1077CC00A883B9831A8113951A83112309F09ECFCC
:1077DC001B810895229710E019831883143008F048
:1077EC005BC0E7E6F8E0EF93FF933196FA93EA93E8
:1077FC001FE01A9317EF61221FEB6122E5E4FCEC0A
:10780C000E949BDE1B811F5FCF93DF931A9310E0C6
:10781C001A9310E01A9310E21A930E94BBDEDF91C8
:10782C00CF91E3E3FCEC0E949BDE1FE00881101B70
:10783C00FF91EF911083239619811F93CF93DF93C0
:10784C000881112705541C4F1A930A9360976F9265
:10785C00FE01EF93FF933196FA93EA931FE01A938C
:10786C0017EF61221FEB6122E7E6F8E00E94A7DE2A
:10787C001FE00881101BFF91EF91108323966F90EE
:10788C00E6DBDF91CF910F91102B198318811395A3
:10789C001883112309F0A2CF19810895229710E0C3
:1078AC0010938A081FEF19831B81112309F423C13C
:1078BC00CF93DF9310E000E01A930A9360976F92D6
:1078CC00FE01EF93FF933196FA93EA931FE01A931C
:1078DC0017EF61221FEB6122EBE4FCEC0E949BDEB4
:1078EC001FE00881101BFF91EF91108323966F907E
:1078FC00AEDBDF91CF91103051F01FEF10938A085F
:10790C00A9E9B8E013E00E9442E410E01983CF9398
:10791C00DF9313E000EB1A930A9360976F92FE01CA
:10792C00EF93FF933196FA93EA931FE01A9317EFB4
:10793C0061221FEB6122E8E5FCEC0E949BDE0FE06C
:10794C001881011B102FFF91EF91008323966F90EC
:10795C007EDBDF91CF9110301FEF09F010E041F08A
:10796C0038F0A9E9B8E015E00E9442E410E0198370
:10797C00CF93DF93FCDDDF91CF9110301FEF09F037
:10798C0010E041F038F0A9E9B8E015E00E9442E4BB
:10799C0010E01983CF93DF931DDFDF91CF9110306F
:1079AC001FEF09F010E041F038F0A9E9B8E015E05C
:1079BC000E9442E410E01983CF93DF939FDEDF91A6
:1079CC00CF91103039F0A9E9B8E015E00E9442E4FB
:1079DC0010E01983CF93DF9313E00FEB1A930A9304
:1079EC0060976F92FE01EF93FF933196FA93EA93AF
:1079FC001FE01A9317EF61221FEB6122E1E6FCEC0A
:107A0C000E949BDE0FE01881011BFF91EF91008318
:107A1C0023966F901CDBDF91CF91CF93DF930ADE1F
:107A2C00DF91CF91CF93DF9313E000E11A930A9388
:107A3C0060976F92FE01EF93FF933196FA93EA935E
:107A4C001FE01A9317EF61221FEB6122EDE6FCECAD
:107A5C000E949BDE1FE00881101BFF91EF911083A9
:107A6C0023966F90F4DADF91CF91CF93DF9313E0ED
:107A7C0000E01A930A9360976F92FE01EF93FF93C5
:107A8C003196FA93EA931FE01A9317EF61221FEBDA
:107A9C006122E8E7FCEC0E949BDE1FE00881101BD2
:107AAC00FF91EF91108323966F90D1DADF91CF91F4
:107ABC00CF93DF9313E000E21A930A9360976F92CF
:107ACC00FE01EF93FF933196FA93EA931FE01A931A
:107ADC0017EF61221FEB6122E5E8FCEC0E949BDEB4
:107AEC001FE00881101BFF91EF91108323966F907C
:107AFC00AEDADF91CF9110E018831A81112309F4CB
:107B0C0099C0CF93DF9313E009EB1A930A93609714
:107B1C006F92FE01EF93FF933196FA93EA931FE075
:107B2C001A9317EF61221FEB6122E1E9FCEC0E9432
:107B3C009BDE1FE00881101BFF91EF9110832396B1
:107B4C006F9085DADF91CF91103011F41FEF18830D
:107B5C00CF93DF9313E000EE1A930A9360976F9222
:107B6C00FE01EF93FF933196FA93EA931FE01A9379
:107B7C0017EF61221FEB6122ECE9FCEC0E949BDE0B
:107B8C001FE00881101BFF91EF91108323966F90DB
:107B9C005EDADF91CF91103009F04AC0CF93DF93BA
:107BAC0018E0612A0AE21BED1A930A93E9EAFCEC4D
:107BBC000E949BDE1DE00E9469E11AE00E9469E1CF
:107BCC00DF91CF9118811123D1F0CF93DF9318E07F
:107BDC00612A0AE21BED1A930A93E1ECFCEC0E9479
:107BEC009BDE1DE00E9469E11AE00E9469E1DF91D1
:107BFC00CF911FEFEFE0F0E00E94CEDC14C0CF93EA
:107C0C00DF9318E0612A0AE21BED1A930A93ECED5C
:107C1C00FCEC0E949BDE1DE00E9469E11AE00E94D0
:107C2C0069E1DF91CF910E94DF330E94D62702C019
:107C3C0010E019831981109541F01FEF10938A08F9
:107C4C00A9E9B8E015E00E9442E4089500917F3064
:107C5C0010915D07102B1A9315E01A930E94BF2107
:107C6C00229615E303E11A930A9310915D0716957A
:107C7C001A93B3D12396089515E300E51A930A934A
:107C8C001091EE2F1A93A9D1239615E301E51A93BF
:107C9C000A931091F62F1A93A0D1239615E302E5BF
:107CAC001A930A931091FE2F1A9397D1239610E0F2
:107CBC000AE00E94A7DC15E304E51A930A931091DD
:107CCC00F12F1A938AD1239615E305E51A930A939B
:107CDC001091F92F1A9381D1239615E306E51A9387
:107CEC000A93109101301A9378D1239610E00AE090
:107CFC000E94A7DC0895ECE0F0E0FA93EA9310E020
:107D0C00108316E01A9310810881011708F44AC0F9
:107D1C001C2D133009F43EC00C2D1127A0E1B0E04E
:107D2C00E89465F80E94CCE1F7E0EEE6E00FF11F75
:107D3C00EF93FF933196FA93EA931FE01A9317EFA0
:107D4C0061221FEB6122E4EFFCEC0E949BDE1FE042
:107D5C000881101BFF91EF9110832396EEE5F7E05D
:107D6C001127EC0DF11F10E01083E6E6F7E0112768
:107D7C00EC0DF11F10E010830C2D112700591A4C3B
:107D8C001A930A931FE71A9328D1239610E003E065
:107D9C000E94A7DCE981FA811081139510831123CD
:107DAC0009F0B2CF239608952697EAE9F1E10F8105
:107DBC001885E00FF11F10811C831F3F09F4CEC002
:107DCC00EAE9FEE00F811885E00FF11F10811B839B
:107DDC00EAE9F4E10F811885E00FF11F10811A8395
:107DEC00EAE9F7E10F811885E00FF11F1081198383
:107DFC001C8112951F701D831C811F701C831D819B
:107E0C001130C1F4E9800A81E01A1E2D103061F0A6
:107E1C001E811A93EA921FE71A930E9489DC23961B
:107E2C00012F1A81100F1E830E8119810117A9F1E0
:107E3C00A0F115C0133089F41E811A931B811A937B
:107E4C001B811A930E94CEE323961E8319810A810B
:107E5C00010F1E81011B0E8320C0143019F41981EF
:107E6C001E831BC0183079F41E811A931B811A9340
:107E7C001B811A930E9489DC23961E831A9310E0AF
:107E8C001A931FE705C01E811A931B811A931B813D
:107E9C001A930E94CEE32396E3CF1B811630C1F5D3
:107EAC0010E01883103208F059C008811127A4E0A3
:107EBC00B0E0E89465F80E94CCE1FAE1EAE9E00F61
:107ECC00F11F2191308118850F81131709F40217C6
:107EDC00C9F4CF93DF9308811127A4E0B0E0E894B4
:107EEC0065F80E94CCE1FAE1EAE9E00FF11F329665
:107EFC00019110811A930A9318851A936ED0DF9111
:107F0C00CF912CC0188113951883112359F626C0D4
:107F1C000F8118851A930A9312E008E01A930A93BA
:107F2C0003E11A930A930E94E3E32696112371F05E
:107F3C001C8110551A930DD122961B811A9309D1CD
:107F4C0022961E811A9305D1229608C01C811A9381
:107F5C001C811A9318851A9333D12396089523976D
:107F6C0010E000E01983088311E00FEF1A930A93D5
:107F7C00AA81BB8128813981B31709F4A21709F0B2
:107F8C0050F5EEE0FFE20A811B81E00FF11F10813A
:107F9C001C830A811B811A930A931E811A9304DF96
:107FAC002996EBE7F1E30A811B81E00FF11FEF93B8
:107FBC00FF93EBE7F1E3E00FF11F10811B7FFF91C3
:107FCC00EF911083AA81BB811196AA83BB83BB233B
:107FDC0089F6AA2379F62296089509811A810078E8
:107FEC001078A0E81A27103809F40030D9F410E002
:107FFC001A9312E61A931B811A93E2D0239610E07F
:10800C001A9313E61A931C811A93DAD0239610E074
:10801C001A9316E01A931A811A93D2D0239618E267
:10802C000E94B6DC089516E01A9380D021960A813E
:10803C001B811A930A93C5D12496088119811A932E
:10804C000A93BFD12496CF93DF937ED0DF91CF914B
:10805C00089522971AE01A9369D021960C811D81FC
:10806C001A930A93AED124960C811D81198308832F
:10807C002C813D810A811B81020F131F015010407E
:10808C001A930A93AA81BB8128813981E0E8BE2723
:10809C003E27B31709F4A21709F0B8F4EEE0FFE29B
:1080AC000A811B81085E1340E00FF11F008111272C
:1080BC001A930A9386D12496AA81BB811196AA831E
:1080CC00BB83B03809F7A030F9F62296CF93DF9333
:1080DC003BD0DF91CF91089500EF10E020E234E027
:1080EC00009354061093550620935606309357066A
:1080FC00ECE0F0E0FA93EA9310E0108313E01A93AB
:10810C0010810881011780F0E4E5F6E01127EC0DF1
:10811C00F11F10811A931DD02296E981FA811081EA
:10812C0013951083112369F723960895CF93DF934A
:10813C00D3DFDF91CF9113E31A930BD022961881E2
:10814C001A9307D02296089517EF1A9302D022960D
:10815C00089521971091CF35112309F01FEF1123AA
:10816C0041F11091D035112309F01FEF1123B9F013
:10817C0010E01A930E94AA2121961091D535137004
:10818C00103010E009F01FEF1883112321F010E0DC
:10819C0002E00E94A7DC1881109551F303C018E28D
:1081AC000E94B6DC19811A931CE01A930E94BF211D
:1081BC002296089518811F771A93CBDF2296089583
:1081CC001A81143019F010F01A810CC000917E3015
:1081DC001A81100F1A9310E01A931FE01A930E9441
:1081EC00CEE3239610930E3610551A93B2DF2296D7
:1081FC0019811A93AEDF229618811F771A93A9DF83
:10820C00229608951981143019F010F019810CC0C0
:10821C0000917E301981100F1A9310E01A931FE011
:10822C001A930E94CEE3239610930E3610521A9393
:10823C0090DF229610E01A938CDF229618811F771C
:10824C001A9387DF229608951A811A931A811A932A
:10825C001A8116951A93B4DF239608951981143058
:10826C0019F010F019810CC000917E301981100F9B
:10827C001A9310E01A931FE01A930E94CEE32396F0
:10828C0010930E3610541A9364DF229618811A93A9
:10829C0060DF2296089500910D361881011761F068
:1082AC0010E01A93109181301A931A811A9388DF77
:1082BC002396188110930D36089510EB1A9319E438
:1082CC001A930E94BF21229612E30E94B6DC15E19C
:1082DC001A9319E41A930E94BF21229612E30E946A
:1082EC00B6DC1091942F112309F01FEF112359F0D4
:1082FC001091952F112309F01FEF112311F012E0AB
:10830C0003C011E001C010E01A9319E41A930E9403
:10831C00BF21229612E30E94B6DC0895219710E04B
:10832C001883ECE0F0E0FA93EA9310E0108316E087
:10833C001A9310810881011768F1EE81FF81008189
:10834C001181FDE1EAE1E00FF11FE0801E2D1038F4
:10835C0020F01B81110F116002C01B81110F1B83B8
:10836C001E2D1F77E12EEA92F4DE2296EC81FD8120
:10837C0000811E2D100F1083EE81FF81A081B18131
:10838C001196A083B183E981FA8110811395108332
:10839C00112381F6239618811A93DBDE2296E9814C
:1083AC00FA8100811881100F10830895098111271B
:1083BC0027E00E9428E3980108811127022B132B38
:1083CC00089522971A811F7718830A811B8127E051
:1083DC000E940CE3102F1F7719831A93BADE229692
:1083EC0018811A93B6DE2296089522971A811830B6
:1083FC0068F413E00FEB1A930A9312E01A9300E05F
:10840C001A930A930E94DB262D9643C012E01A930E
:10841C000E941A24219610E000E01983088311E0D1
:10842C000FEF1A930A93AA81BB8128813981B31764
:10843C0009F4A21709F038F50A811B81103009F4F0
:10844C000830B0F4E8E5FBEE0A811B81000F111F28
:10845C00E00FF11F01E00BBF079116913327222784
:10846C000093D1351093D2352093D3353093D43536
:10847C000E947421AA81BB811196AA83BB83BB2362
:10848C00A1F6AA2391F6229612E01A930E940A24CE
:10849C002196089510912F31109330311091313174
:1084AC0010933231109133311093343110913531A6
:1084BC0010933631ECE0F0E0FA93EA9315E0108378
:1084CC001FE31A93108108810117A0F0EFE1F1E38B
:1084DC001127EC0DF11FD080DA921C2D10551A9338
:1084EC000E94BF212296E981FA8110811395108395
:1084FC00112349F7239610913B311A9313EB1A93DE
:10850C000E94BF21229611E01093CB310E94444D62
:10851C00219608950E9476290091FF07109115303D
:10852C00011779F015E300E01A930A93EFE5F1E3F4
:10853C00009115301127E00FF11F11911A934DDDA9
:10854C00239610911530103009F46FC0EEE9F0E36A
:10855C000091153001501127E00FF11F10811A9373
:10856C001091642F1A931FE71A930E9489DC2396AB
:10857C00C12E15E302E01A930A93CA922EDD2396BC
:10858C0015E305E01A930A93E3E6F1E30091153045
:10859C001127E00FF11F01911C2D16951695100F48
:1085AC001A931BDD23960091FF07109115300117CC
:1085BC00E1F115E303E01A930A93E7E6F1E3009186
:1085CC0015301127E00FF11F10811A9306DD239649
:1085DC0015E304E01A930A93EBE6F1E300911530EE
:1085EC001127E00FF11F10811A93F7DC239615E386
:1085FC0006E01A930A93EFE6F1E300911530112788
:10860C00E00FF11F10811A93E8DC239615E307E0C5
:10861C001A930A93E3E7F1E3009115301127E00F69
:10862C00F11F11911A93D9DC239610919A2F1123D3
:10863C0009F01FEF1F9349E331E00E9428DA0F91F4
:10864C00002311F0106101C01F7E49E331E00E944C
:10865C0020DA10919B2F112309F01FEF1F9349E390
:10866C0031E00E9428DA0F91002311F0106201C052
:10867C001F7D49E331E00E9420DA109115301093F0
:10868C00FF07089528971885103010E009F41FEFA4
:10869C001F9300913F3610914036103009F4003092
:1086AC0010E009F01FEF0F9110231F930091353646
:1086BC0010913636103009F4003010E009F01FEF3D
:1086CC000F9110231F9310911330123010E008F00B
:1086DC001FEF0F91102319831885103010E009F447
:1086EC001FEF1F9310918E2F112309F01FEF0F9185
:1086FC0010231F9310911330103010E009F41FEF6A
:10870C000F91102379F010918F2F112309F01FEF87
:10871C001F931091F607112309F01FEF0F91102BE7
:10872C00109501C010E01883AFE0B6E310E0E0E173
:10873C00F0E031960000319711F01D93FCCFAFE1C2
:10874C00B6E310E0E0E1F0E031960000319711F073
:10875C001D93FCCF18851230C9F5ECE0F0E0FA93CC
:10876C00EA9310E0108318E01A9310810881011726
:10877C0018F1EC85FD851127EC0DF11FD080EFE091
:10878C00F6E3EC0DF11FEF93FF93DA92EEE1F0E3D9
:10879C001127EC0DF11F10811A931FE71A930E94F9
:1087AC0089DC2396FF91EF911083E981FA81108186
:1087BC00139510831123D1F6239610910F36109335
:1087CC001E36EFE0F6E310E0108342C0ECE0F0E080
:1087DC00FA93EA9310E0108318E01A931081088141
:1087EC000117A8F1EC85FD851127EC0DF11FD08048
:1087FC00EFE0F6E3EC0DF11FEF93FF93DA92EEE16D
:10880C00F0E31127EC0DF11F10811A9317E81A935E
:10881C000E9489DC2396FF91EF9110831C81112318
:10882C0079F0EFE1F6E31127EC0DF11FEF93FF93D5
:10883C00EEE6FFE2EC0DF11F1081FF91EF9110833A
:10884C00E981FA81108113951083112341F6239647
:10885C0010910108112309F01FEF1F931091133091
:10886C00113010E008F01FEF0F91102309F4D1C064
:10887C00ECE0F0E0FA93EA9310E0108315E01A9321
:10888C0010810881011708F4C3C0EEEAF0E3112748
:10889C00EC0DF11F10811A87E6EBF0E31127EC0DBC
:1088AC00F11F10811987EEEBF0E31127EC0DF11F8E
:1088BC001081188710E0D12E1F831885103069F1B4
:1088CC0018851A93ED85FE853B9610811A931FE748
:1088DC001A930E9489DC2396D12EDA92EEE1F0E312
:1088EC001C2D175F012F1127E00FF11F10811A9318
:1088FC001CE81A930E9489DC2396D12E1C8111232B
:10890C0061F018851A93E9E7FFE210811A9310E8D9
:10891C001A930E9489DC23961F831985103069F104
:10892C0019851A93ED85FE853A9610811A931FE7E7
:10893C001A930E9489DC2396D12EDA92EEE1F0E3B1
:10894C001C2D175F012F1127E00FF11F10811A93B7
:10895C001CE81A930E9489DC2396D12E1C811123CA
:10896C0061F019851A93E8E7FFE210811A9310E879
:10897C001A930E9489DC23961F831A85103069F1A3
:10898C001A851A93ED85FE85399610811A931FE787
:10899C001A930E9489DC2396D12EDA92EEE1F0E351
:1089AC001C2D175F012F1127E00FF11F10811A9357
:1089BC001CE81A930E9489DC2396D12E1C8111236A
:1089CC0061F01A851A93E7E7FFE210811A9310E819
:1089DC001A930E9489DC23961F83EFE0F6E31C2D8B
:1089EC00175F012F1127E00FF11FD082EFE1F6E3A3
:1089FC001C2D175F012F1127E00FF11F1F81108312
:108A0C00E981FA81108113951083112309F039CF74
:108A1C002396ECE0F0E0FA93EA9310E010831FE069
:108A2C001A9310810881011708F452C0EFE0F6E3A5
:108A3C001127EC0DF11FD080ADE3B6E31C2D0E9485
:108A4C005FE40C81102301F1EEE1F1ED1127ED0D46
:108A5C00F11F11E01BBFD6901D2D16951093DD351F
:108A6C00EFE1F6E31127EC0DF11FD080EEE1F1ED13
:108A7C00ED0DF11F11E01BBFD6900091DD351D2DC2
:108A8C00100F1093DD351AC0EEE1F1ED1127ED0D4D
:108A9C00F11F11E01BBF16911093DD351B811123C3
:108AAC0069F01091DD351A931091F2301A931FE78B
:108ABC001A930E9489DC23961093DD350E94532172
:108ACC00E981FA81108113951083112309F0AACF43
:108ADC00239608951BE01A930E941A242196ECE029
:108AEC00F0E0FA93EA9310E010831FE01A931081E0
:108AFC0008810117E8F0E3E4F6E31127EC0DF11F10
:108B0C000081000F111FF1EDEEE9E00FF11F01E004
:108B1C000BBF079116910093D9351093DA350E944B
:108B2C005F21E981FA81108113951083112301F7DC
:108B3C002396ECE0F0E0FA93EA9310E010831FE048
:108B4C001A93108108810117E8F0E3E5F6E3112789
:108B5C00EC0DF11F0081000F111FF1EDEEE9E00F9C
:108B6C00F11F01E00BBF079116910093D9351093BB
:108B7C00DA350E945F21E981FA8110811395108307
:108B8C00112301F7239610E01093DA35ECE0F0E0B6
:108B9C00FA93EA9310E010831FE01A931081088176
:108BAC00011790F0E3E6F6E31127EC0DF11F1081AD
:108BBC00110F1093D9350E945F21E981FA81108140
:108BCC0013951083112359F72396ECE0F0E0FA93F8
:108BDC00EA9310E010831FE01A93108108810117AB
:108BEC00E8F0E3E7F6E31127EC0DF11F0081000F2D
:108BFC00111FF1EDEEE9E00FF11F01E00BBF079142
:108C0C0016910093D9351093DA350E945F21E981D2
:108C1C00FA81108113951083112301F723961BE021
:108C2C001A930E940A242196089563971091422F5B
:108C3C0004E00E94BDE110591A8B10913F2F198B43
:108C4C001091402F1F871091412F188BECE0F0E012
:108C5C00FA93EA9310E010831FE01A9310810881B5
:108C6C00011708F4E6C010E01E871D871FE71C875C
:108C7C0010E01B87AFE3B6E31C2D0E945FE41123C9
:108C8C0051F010913E2F1E871C891D871091402F8B
:108C9C001C871B891B87ADE3B6E31C2D0E945FE488
:108CAC001123F9F010E01E871C891D871B891B8777
:108CBC00EFE0F6E31127EC0DF11F1081198BEFE1BA
:108CCC00F6E31127EC0DF11F1081188B19891A93FB
:108CDC001FE71A931A8911581A930E9489DC23965C
:108CEC001C87A1E4B6E31C2D0E945FE4112309F458
:108CFC0056C0EEE6FFE21127EC0DF11F10811A931E
:108D0C001BE41A9314E61A930E9489DC2396012F14
:108D1C0011271A87098720913E2F3327020F131F23
:108D2C0018870F831A930A9310E000E01A930A93A2
:108D3C0010E00FE71A930A930E941BE426960E8705
:108D4C002C89332709851A85020F131F1E830D8367
:108D5C001A930A9310E000E01A930A9310E00FE7BD
:108D6C001A930A930E941BE426960D871091402FAC
:108D7C001C872B89332709851A85020F131F1C8327
:108D8C000B831A930A9310E000E01A930A9310E0F5
:108D9C000FE71A930A930E941BE426960B87E3E4D1
:108DAC00F6E31127EC0DF11F1E851083E3E5F6E3C6
:108DBC001127EC0DF11F1D851083E3E6F6E3112757
:108DCC00EC0DF11F1C851083E3E7F6E31127EC0D86
:108DDC00F11F1B8510831C891A931E891A9310E8A6
:108DEC001A930E9489DC23961C8B1A9310E01A9319
:108DFC001FE71A930E94CEE323961C8B1B891A93B0
:108E0C001E891A9310E81A930E9489DC23961B8BF7
:108E1C001A9310E01A931FE71A930E94CEE323963D
:108E2C001B8BE981FA81108113951083112309F0B2
:108E3C0016CF2396089510E0109346361091FA3011
:108E4C001093563618E2109366361091FA30109340
:108E5C007636089518E01A930E941A242196EEE0B3
:108E6C00FFE2FA93EA9310E01A930CDC2B9618E0CD
:108E7C001A930E940A24219610911330113010E09D
:108E8C0009F41FEF1F931091AB2F112309F01FEF63
:108E9C000F91102311F0CFDF1DDE10911330113024
:108EAC0021F018F0C2DE639615DE0895249710E0C9
:108EBC001883ECE0F0E0FA93EA9310E0108315E0ED
:108ECC001A9310810881011708F46CC010910108E5
:108EDC00112309F01FEF1123A9F0EEEAF0E311279B
:108EEC00EC0DF11F10811E83E6EBF0E31127EC0D66
:108EFC00F11F10811D83EEEBF0E31127EC0DF11F38
:108F0C00108103C010E01E831D831C83103010E001
:108F1C0009F01FEF1F93FE013796DF010C911FEF35
:108F2C0003FF11270F91102339F0FE013396DF0157
:108F3C001C2D1F5F0E9442E41D81103010E009F0CF
:108F4C001FEF1F93FE013796DF010C911FEF02FFFD
:108F5C0011270F91102339F0FE013396DF011C2DE0
:108F6C001F5F0E9442E41E81103010E009F01FEFD9
:108F7C001F93FE013796DF010C911FEF01FF1127A4
:108F8C000F91102339F0FE013396DF011C2D1F5F6A
:108F9C000E9442E4E981FA81108113951083112318
:108FAC0009F090CF23961881089522971A8118837F
:108FBC00DB80FE013196EF93FF931D2D11701F93F3
:108FCC001D2DDA9273DF25960F91102BFF91EF91E7
:108FDC00108308811981089510E000E00093E230BD
:108FEC001093E3300093E8301093E9300093EA30AB
:108FFC001093EB300093EC301093ED300093E03095
:10900C001093E1300093E4301093E53010918E2FE3
:10901C00112309F01FEF1F931091F607112309F08C
:10902C001FEF10950F91102369F01091912F1123C0
:10903C0009F01FEF112319F010E000E105C010E05A
:10904C0008E002C010E000E00093E6301093E73037
:10905C0010911330103049F411E00FEF0093DE3013
:10906C001093DF3010E000E007C010E21A930E946A
:10907C00A61E23960F7F1F700093F2071093F30721
:10908C0010910108112309F01FEF112309F47CC082
:10909C00109113301130B9F41FE00FEF0093DE3054
:1090AC001093DF301091AB2F112309F01FEF112318
:1090BC0051F010E008E00093E2301093E33000939D
:1090CC00E4301093E53010918E2F112309F01FEF2F
:1090DC001F9310911330133010E009F01FEF0F9114
:1090EC0010231F930091F2071091F307103009F42D
:1090FC00003010E009F01FEF0F91102341F00091A8
:10910C00F2071091F3070093E6301093E7301091BB
:10911C001330123008F43EC010E000E00093DE3053
:10912C001093DF301FE00FEF0093E0301093E1302D
:10913C000093EA301093EB3010911330133051F44C
:10914C001FE00FEF0093E8301093E9300093E2300A
:10915C001093E33010911330143031F41FE00FEF03
:10916C000093EC301093ED301091AC2F112309F0DB
:10917C001FEF112379F00091F2071091F307009380
:10918C00E4301093E53006C011E00FEF0093DE30B1
:10919C001093DF302CD0229671D421960895109123
:1091AC008E2F112309F01FEF1F931091F607112337
:1091BC0009F01FEF10950F91102369F01091912F6A
:1091CC00112309F01FEF112319F010E000E105C085
:1091DC0010E008E002C010E000E00093E6301093CD
:1091EC00E730CF93DF93F8DEDF91CF91089522978C
:1091FC001091F707112309F01FEF1F9310918E2F79
:10920C00112309F01FEF0F91102318830091E83000
:10921C001091E9301A930A93C8DE249600933D36D8
:10922C0010933E360091EA301091EB301A930A936A
:10923C00BCDE249600933F36109340360091EC3000
:10924C001091ED301A930A93B0DE249600934136B8
:10925C00109342360091E6301091E7301A930A933E
:10926C00A4DE249600933B3610933C360091DE30FE
:10927C001091DF301A930A9398DE249600933336BC
:10928C00109334360091E0301091E1301A930A9328
:10929C008CDE24969801009133361091343600956B
:1092AC00109502231323009335361093363618810C
:1092BC00112351F000913336109134360F7F1E7FFD
:1092CC0000933336109334360091E2301091E33032
:1092DC001A930A936ADE2496009337361093383625
:1092EC000091E4301091E5301A930A935EDE2496D7
:1092FC000093393610933A3610E019831430B8F4D1
:10930C00E3E3F6E309811127000F111FE00FF11FB2
:10931C00019110811A930A931B81185D1A930E9474
:10932C0020222396198113951983112339F7009163
:10933C003B3610913C361A930A9310E21A930E9412
:10934C00202223960895279710E000E01E830D83BA
:10935C0010918F2F112309F01FEF112319F0109189
:10936C00EF3002C01091EE301D830091F4301127C4
:10937C0026E00E9428E31C830B831A930A9316E2BF
:10938C001A930E94202223961091902F112309F0FA
:10939C001FEF112329F0EEE9F1ED0091F13004C03B
:1093AC00EEE9F1ED0091F0301127000F111FE00FE5
:1093BC00F11F01E00BBF079116911C830B83D801A1
:1093CC0028E030E0E89465F80E94EEE11C830B8302
:1093DC0010910108112309F01FEF1F931091133006
:1093EC00113010E008F01FEF0F9110231883112398
:1093FC0009F47DC01091AA2F112309F01FEF11233E
:10940C00C1F010E000E01C830B8310918F2F11230F
:10941C0009F01FEF112349F0FE013596EF93FF93EE
:10942C001091FB301A931CE369C01091FB301D8323
:10943C006EC010E0D12E00E01A830983ECE0F0E05E
:10944C00FA93EA9310E010831FE01A9310810881BD
:10945C000117F0F0ABE3B6E31C2D0E945FE411237F
:10946C0081F0D3942C813D81ECE7F4ED1127EC0DC8
:10947C00F11F11E01BBF06911127020F131F1D8353
:10948C000C83E981FA811081139510831123F9F66D
:10949C0023961D2D1030D9F1A981BA810D2D1127DC
:1094AC00E89465F80E94EDE11A830983FE01359674
:1094BC00EF93FF931D811A93ECE6F4ED1127ED0D5C
:1094CC00F11F11E01BBF16911A9314E61A930E9418
:1094DC0089DC2396FF91EF911083FE013596EF9373
:1094EC00FF931D811A931A811A9316E409C0FE0189
:1094FC003596EF93FF931D811A9310EA1A9314E695
:10950C001A930E9489DC2396FF91EF9110831D81A1
:10951C00183C19F010F018EC1D830B811C811A9368
:10952C000A9317E21A930E94202223960D811E8122
:10953C001A930A9311E21A930E94202223960895FB
:10954C002597EF81F8853496108104E00E94BDE1E7
:10955C0010591C83EF81F88510811B83ECE0F0E03F
:10956C00FA93EA9310E010831FE01A93108108819C
:10957C00011720F1FE013896DF011C2D0E945FE4DB
:10958C00112311F0DE8001C0DD24EEE9F1ED0D2D8B
:10959C001127000F111FE00FF11F01E00BBF079106
:1095AC0016910093D9351093DA350E945F21E98129
:1095BC00FA811081139510831123C9F62396EF813C
:1095CC00F885319610811A83ECE0F0E0FA93EA9377
:1095DC0010E010831FE01A9310810881011708F422
:1095EC0040C01C2D1F3029F4EA85FB853196108173
:1095FC001D83FE013896DF011C2D0E945FE41123B0
:10960C0011F0DD8001C0DD24EEE9F1ED0D2D112707
:10961C00000F111FE00FF11F01E00BBF0791169116
:10962C000093D9351093DA351D811A9318851A9346
:10963C0010E81A930E9489DC23961D831A9310E07C
:10964C001A931FE71A930E94CEE323961D830E9460
:10965C005F21E981FA81108113951083112309F0A0
:10966C00BCCF239610E01093DA35EF81F885329653
:10967C001081110F1983ECE0F0E0FA93EA9310E0FB
:10968C0010831FE01A93108108810117B8F0FE01B6
:10969C003896DF011C2D0E945FE4112311F0DC8051
:1096AC0002C01FEFD12ED092D9350E945F21E981E3
:1096BC00FA81108113951083112331F72396EF81D2
:1096CC00F885339610811883ECE0F0E0FA93EA9376
:1096DC0010E010831FE01A9310810881011708F421
:1096EC0040C01C2D1F3029F4EA85FB853396108170
:1096FC001B83FE013896DF011C2D0E945FE41123B1
:10970C0011F0DB8001C0DD24EEE9F1ED0D2D112708
:10971C00000F111FE00FF11F01E00BBF0791169115
:10972C000093D9351093DA351B811A9318851A9347
:10973C0010E81A930E9489DC23961B831A9310E07D
:10974C001A931FE71A930E94CEE323961B830E9461
:10975C005F21E981FA81108113951083112309F09F
:10976C00BCCF23960895229719E01A930E941A24CD
:10977C002196EEE1FFE2FA93EA9311E01A930E942C
:10978C0048432B9619E01A930E940A2421961091B3
:10979C000108112309F01FEF112371F110911330FF
:1097AC00113051F148F110E31A930E94A61E239632
:1097BC001A930A93FADB2496198308831FE00FEFA0
:1097CC001A930A931CE21A930E94202223961CE0FF
:1097DC001A930E941A242196E6E4FFE2FA93EA9384
:1097EC000A811B811A930A93ABDE29961CE01A930B
:1097FC000E940A24219609C010E000E01A930A93F3
:10980C001CE21A930E942022239608952197ECE0E3
:10981C00F0E0FA93EA9310E010831BE01A931081A6
:10982C000881011708F1EEE2FFE21127EC0DF11FA0
:10983C00EF93FF931091562F1A93EFEBFAE0112749
:10984C00EC0DF11F0E94F0DC1A931FE71A930E9493
:10985C0089DC2396FF91EF911083E981FA811081C5
:10986C00139510831123E1F62396ECE0F0E0FA93C4
:10987C00EA9312E010831BE01A9310810881011700
:10988C0068F1EEE2FFE21127EC0DF11F10811F933E
:10989C001091582F1A93E7EAFAE01127EC0DF11FFB
:1098AC000E94F0DC1A931FE71A930E9489DC23961E
:1098BC000F91100FD12E1D2D1F3719F010F01FE72F
:1098CC00D12EEEE2FFE21127EC0DF11FD082E981DF
:1098DC00FA81108113951083112381F62396089534
:1098EC00ECE0F0E0FA93EA9310E010831BE01A939B
:1098FC00108108810117B8F11091562F1A93EFEBD4
:10990C00FAE01127EC0DF11F0E94F0DC1A931FE70F
:10991C001A930E9489DC23961F931091572F1A9348
:10992C00EBECFAE01127EC0DF11F0E94F0DC1A931E
:10993C001FE71A930E9489DC23960F91100FD12EEA
:10994C001D2D1F3719F010F01FE7D12EEEE2FFE2AC
:10995C001127EC0DF11FD082E981FA81108113954A
:10996C001083112331F62396ECE0F0E0FA93EA939E
:10997C0012E010831BE01A9310810881011708F480
:10998C0047C01091582F1A93E7EAFAE01127EC0D13
:10999C00F11F0E94F0DC1A931FE71A930E9489DCD6
:1099AC0023961F931091592F1A93E3EBFAE011278A
:1099BC00EC0DF11F0E94F0DC1A931FE71A930E9422
:1099CC0089DC23960F91100FD12E1D2D1F3719F006
:1099DC0010F01FE7D12EEEE2FFE21127EC0DF11F84
:1099EC0000811D2D100FD12E1D2D1F3719F010F0D9
:1099FC001FE7D12EEEE2FFE21127EC0DF11FD08212
:109A0C00E981FA81108113951083112309F0B5CFE8
:109A1C002396089510910831103019F4F7DE219631
:109A2C0005C010910831113009F45ADF1AE01A936D
:109A3C000E941A242196EEE2FFE2FA93EA9312E0D6
:109A4C001A930E9448432B961AE01A930E940A24F8
:109A5C0021961DE01A930E941A242196EEE4FFE24F
:109A6C00FA93EA931FEF0FEF1A930A9369DD299685
:109A7C001DE01A930E940A242196089521971091B3
:109A8C00922F112309F01FEFE894112309F0689429
:109A9C001091020812F9109302081091932F1123C0
:109AAC0009F01FEFE894112309F068941091020853
:109ABC0013F91093020810910108112309F01FEFFC
:109ACC001123E1F01091982F112309F01FEFE89466
:109ADC00112309F068941091020810F910930208F0
:109AEC001091992F112309F01FEFE894112309F01D
:109AFC0068941091020811F9109302081091962F96
:109B0C00112309F01FEF1095E894112309F06894C4
:109B1C001091020814F9109302081091972F112339
:109B2C0009F01FEF1095E894112309F06894109137
:109B3C00020815F910930208009104311FEF06FF7B
:109B4C0011271F931091972F112309F01FEF0F91DD
:109B5C001023188310919C2F112309F01FEF1F93D2
:109B6C00009103311FEF03FF112710950F91102364
:109B7C00012F1881102BE894112309F0689410918F
:109B8C00020816F910930208109102081A9312E4B5
:109B9C001A930E94BF21229618811A9310E41A93EB
:109BAC000E94BF212296CF93DF9315E30EE01A9308
:109BBC000A931091AD2F112309F01FEF1A930E94F5
:109BCC00F33FDF91CF910895109199301A931AE0D9
:109BDC001A930E94BF212296109171301A931DE0A6
:109BEC001A930E94BF2122961091833007E0102710
:109BFC001A931EE01A930E94BF2122961091703086
:109C0C001A9316E01A930E94BF21229610916F307E
:109C1C001A9318E01A930E94BF21229610911306F2
:109C2C00112309F01FEF1F9310919D2F112309F0A1
:109C3C001FEF0F911023C9F010E01A9317E01A933D
:109C4C000E94BF21229610E003E00E94A7DC12E0E4
:109C5C001A9317E01A930E94BF21229610E003E09A
:109C6C000E94A7DC10E01093130610919D2F112376
:109C7C0009F01FEF11701F931091BC2F112309F0E5
:109C8C001FEF10710F91102B1F931091BD2F1123EB
:109C9C0009F01FEF10720F91102BD12EDA9217E0F2
:109CAC001A930E94BF212296089527971F81113085
:109CBC0010F411E01F830F8111279801A0E1B7E286
:109CCC00689465F80E94EEE11E830D8310E0188302
:109CDC00088111271A930A9317E200E11A930A9349
:109CEC0010E00FEF1A930A931FEF0E9495DC269653
:109CFC001C830B830D811E81005F184D0F931F93E6
:109D0C000B811C81019509F41A9510953F912F91A7
:109D1C00020F131F1A8309830D811E811A930A9354
:109D2C000A8111271A930A930D811E811A930A93A3
:109D3C001FEF0E9495DC26961C830B83EAE1FDE164
:109D4C0018810FEF011B1127E00FF11FEF93FF9309
:109D5C0018851F931B811A9309851FE7101B1A93F3
:109D6C001FEF1A930E9489DC23960F91100FFF911D
:109D7C00EF911193188113951883112309F0A8CF33
:109D8C000895D0907E30DA9214E01A930E94BF218D
:109D9C0022960E942C3E00917630000F000F000F8F
:109DAC00000F109177301F70102BD12EDA9219E022
:109DBC001A930E94BF212296109199301A931AE09F
:109DCC001A930E94BF212296109171301A931DE0B4
:109DDC001A930E94BF2122961AE01A93109179309F
:109DEC0016951A9362DF29961EE01A930E941A2484
:109DFC00219611E000E01A930A9318E01A930E943E
:109E0C00232425961EE01A930E940A242196109171
:109E1C007230112309F01FEF1170D12EDA921BE072
:109E2C001A930E94BF212296EEE0F1ED009195303D
:109E3C001127E00FF11F11E01BBFD690DA9214E44A
:109E4C001A930E94BF21229610911330113008F002
:109E5C0059F4009193300F70D0909430DD0CDD0CE0
:109E6C00DD0CDD0CD02A04C0109193301F70D12E64
:109E7C00DA9213E41A930E94BF21229610E01A93EF
:109E8C0010E41A930E94BF212296089510EF1A93A2
:109E9C000E94AA21219600937D0810937E0820939E
:109EAC007F0830938008E0E1F0E00E94FEDC0F7F39
:109EBC001F7F2F7F307000937D0810937E082093B6
:109ECC007F08309380083A932A931A930A9310EFE1
:109EDC001A930E9433222596E4E1F0E00E94FEDC06
:109EEC000F7F1F7F2F7F307000937D0810937E08AB
:109EFC0020937F08309380083A932A931A930A93FD
:109F0C0011EF1A930E9433222596089523971091EE
:109F1C00923004E00E94B9E1012F112700541C4F2C
:109F2C001983088314E01A930E941A24219610E0D6
:109F3C001A831430F0F4088119811A930A9310E1F2
:109F4C0000E01A930A930E940226249618E000E07F
:109F5C001A930A9310E11A930E9423242596A88140
:109F6C00B9811196A883B9831A8113951A83112389
:109F7C0001F714E01A930E940A2421960895ECE04C
:109F8C00F0E0FA93EA9310E010831FE31A93108128
:109F9C0008810117F0F01F811093DD350E945321C9
:109FAC000F8103950F83ED81FE811081011750F015
:109FBC00EB81FC811081112319F01F811C5001C011
:109FCC001FE71F83E981FA811081139510831123F8
:109FDC00F9F623960895219713E01A930E941A24F8
:109FEC00219610E018831031B0F4EEE2F0E3088112
:109FFC001127E00FF11F10811A93E0E9F0E3FA93B7
:10A00C00EA93E5E7FA93EA93BADF2596188113955C
:10A01C001883112341F713E01A930E940A24219606
:10A02C000895ECE0F0E0FA93EA9310E010831FE35C
:10A03C001A9310810881011798F1E6E6F3ED0D8172
:10A04C001127000F111FE00FF11F01E00BBF07914B
:10A05C0016911A930A930091973011271A930A9329
:10A06C0010E000E41A930A9310E00E9495DC269607
:10A07C000093D9351093DA350E945F210D81039539
:10A08C000D83EB81FC811081011718F01D811C5090
:10A09C001D83E981FA81108113951083112351F6E8
:10A0AC0023960895219716E01A930E941A2421965C
:10A0BC0010E01883103198F4EEE2F0E308811127D8
:10A0CC00E00FF11F10811A93E0E9F0E3FA93EA93A1
:10A0DC00A8DF2396188113951883112359F716E0DE
:10A0EC001A930E940A2421960895249710E000E008
:10A0FC001B830A83ECE0F0E0FA93EA9310E0108300
:10A10C001FE11A9310810881011708F441C00885DA
:10A11C001127A0E2B0E0E89465F80E94CCE1980128
:10A12C000C2D1127020F131F000F111FF5EEE0E489
:10A13C00E00FF11F01E00BBF079116911C830B83FD
:10A14C00EAE1FFE10C2D1127000F111FE00FF11FA9
:10A15C000B811C8101931083EAE1FDE10C2D112789
:10A16C00000F111FE00FF11F0D811E810193108351
:10A17C002D813E810B811C81020F131F1E830D83C9
:10A18C00E981FA81108113951083112309F0BBCF5B
:10A19C0023960091581D1091591D1B830A83ECE0E6
:10A1AC00F0E0FA93EA9310E210831FE71A93108100
:10A1BC0008810117F8F0EAE1FFE10C2D1127000FDF
:10A1CC00111FE00FF11F10E000E001931083EAE192
:10A1DC00FDE10C2D1127000F111FE00FF11F0D8158
:10A1EC001E8101931083E981FA81108113951083EC
:10A1FC001123F1F6239610E000E01B830A83ECE0B8
:10A20C00F0E0FA93EA931FEF108310EE1A9310818B
:10A21C000881011711F008F046C00F811127A0E248
:10A22C00B0E0E89465F80E94CCE198010FEF0C19AE
:10A23C001127020F131F000F111FF5EEE0E4E00FC2
:10A24C00F11F01E00BBF079116911C830B83EAE110
:10A25C00FFE10C2D1127000F111FE00FF11F0B81D7
:10A26C001C8101931083EAE1FDE10C2D1127000FF5
:10A27C00111FE00FF11F0D811E81019310830B81C3
:10A28C001C81019509F41A9510953E812D81020FC0
:10A29C00131F1E830D83E981FA8110811A95108397
:10A2AC001F3F09F0B5CF23960091DA1E1091DB1EEB
:10A2BC001B830A83ECE0F0E0FA93EA931FED108322
:10A2CC0010E81A9310810881011709F0F8F4EAE1FB
:10A2DC00FFE10C2D1127000F111FE00FF11F10E0F3
:10A2EC0000E001931083EAE1FDE10C2D1127000F32
:10A2FC00111FE00FF11F0D811E8101931083E98165
:10A30C00FA8110811A9510831F3FE9F6239617E006
:10A31C001A930E941A24219610E000E01B830A83F2
:10A32C0011E00FEF1A930A93AC81BD81288139811A
:10A33C00E0E8BE273E27B31709F4A21709F0C8F4CA
:10A34C00EAE1FDE10C811D81000F111FE00FF11FEF
:10A35C00019110810093D9351093DA350E945F2159
:10A36C00AC81BD811196AC83BD83B038F9F6A030B9
:10A37C00E9F6229617E01A930E940A242196089572
:10A38C00249715E01A930E941A24219610918F306D
:10A39C00103009F060C0EDE0F0E0FA93EA9310E0C1
:10A3AC00108316E01A9310810881011768F1ECE014
:10A3BC00F0E0FA93EA9310E010831BE01A931081FB
:10A3CC0008810117C8F0EEE1F3ED0C2D1127000FF9
:10A3DC00111FE00FF11F01E00BBF079116910093C5
:10A3EC00D9351093DA350E945F21E981FA81108109
:10A3FC0013951083112321F72396E981FA8110819B
:10A40C0013951083112381F62396ECE0F0E0FA9378
:10A41C00EA9310E010831BE01A9310810881011756
:10A42C00C8F0E6E3F3ED0C2D1127000F111FE00F20
:10A43C00F11F01E00BBF079116910093D9351093D2
:10A44C00DA350E945F21E981FA811081139510831E
:10A45C00112321F77CC010E001E01B830A831091CB
:10A46C008F30123021F410E004E01B830A8310912A
:10A47C008F30133021F410E008E01B830A83EDE0E9
:10A48C00F0E0FA93EA9310E0108317E01A9310812E
:10A49C000881011708F45BC0ECE0F0E0FA93EA9352
:10A4AC0010E010831BE01A9310810881011708F447
:10A4BC0045C0EEE4F3ED0C2D1127000F111FE00F3A
:10A4CC00F11F01E00BBF079116910093D935109342
:10A4DC00DA3510918F30113039F130F110E000E0A5
:10A4EC001A930A930A851B851A930A930E9496E382
:10A4FC0024961F830E8300FD07C02091D93530911F
:10A50C00DA350E811F810AC00E811F81019509F475
:10A51C001A9510953091DA352091D935020F131F09
:10A52C000093D9351093DA350E945F21E981FA81C5
:10A53C00108113951083112309F0B7CF2396E9816D
:10A54C00FA81108113951083112309F0A1CF239662
:10A55C0015E01A930E940A242196EEE0F1ED009189
:10A56C0095301127E00FF11F11E01BBF16911A93C4
:10A57C0014E41A930E94BF21229608952197198101
:10A58C00133008F081F40981112705541C4F1A93DC
:10A59C000A9311E01A9310E100E01A930A930E94B7
:10A5AC00DB262D96E1C011E01A930E941A24219605
:10A5BC0000E010E020E030E00093D1351093D2356C
:10A5CC002093D3353093D435ECE0F0E0FA93EA9352
:10A5DC0010E010831FE01A9310810881011708F412
:10A5EC00BDC01C811430D1F4EDE0F0E0FA93EA9395
:10A5FC0010E010831FE31A9310810881011768F093
:10A60C00109191301093D1350E947421E981FA8117
:10A61C00108113951083112381F75BC0153049F518
:10A62C00109191301A9315E51A9314E61A930E941F
:10A63C0089DC23961B83EDE0F0E0FA93EA9310E0BB
:10A64C0010831FE31A9310810881011788F01C2DC9
:10A65C0003E00E94B9E10E81100F1093D1350E94D6
:10A66C007421E981FA81108113951083112361F70C
:10A67C0030C0163081F5109191301A9310E51A9371
:10A68C0014E61A930E9489DC23961B83EDE0F0E01C
:10A69C00FA93EA9310E010831FE31A931081088158
:10A6AC000117B8F00E811D2D16951695100F1F93DE
:10A6BC001C2D04E00E94B9E10F91100F1093D135BD
:10A6CC000E947421E981FA81108113951083112362
:10A6DC0031F723963BC01730C9F5109191301A937E
:10A6EC001BE41A9314E61A930E9489DC23961B83AD
:10A6FC00EDE0F0E0FA93EA9310E010831FE31A9375
:10A70C0010810881011708F11E811F931C2D1F5FFA
:10A71C001A931D2D1F5F1A9310E11A930E9489DC66
:10A72C0023960F91100F1F931C2D04E00E94B9E18A
:10A73C000F91100F1093D1350E947421E981FA8189
:10A74C001081139510831123E1F62396E981FA8188
:10A75C00108113951083112309F03FCF239611E03C
:10A76C001A930E940A242196D0909830109174303C
:10A77C001270123049F4DA9212E31A9314E61A9317
:10A78C000E9489DC2396D12E11E01A930E941A2480
:10A79C002196ECE0F0E0FA93EA9310E010831BE0D2
:10A7AC001A9310810881011758F0D092DD350E9460
:10A7BC005321E981FA81108113951083112391F7AC
:10A7CC00239611E01A930E940A242196D0902E30E1
:10A7DC00109174301170103011F47CE0D70E13E02E
:10A7EC001A930E941A242196ECE0F0E0FA93EA9373
:10A7FC0010E010831BE01A9310810881011760F0A0
:10A80C00D092DD350E945321D394E981FA811081D5
:10A81C0013951083112389F7239613E01A930E9442
:10A82C000A24219608952397A3E8B6E3F0E3EEE516
:10A83C0020E130E00E94BFDC10E000E01A830983C5
:10A84C00ECE0F0E0FA93EA9314E0108317E01A932B
:10A85C0010810881011798F02C813D81EEE5F0E321
:10A86C001127EC0DF11F0081020F131F1D830C83A8
:10A87C00E981FA81108113951083112351F72396E6
:10A88C0009811A81D80124E030E0E89465F80E942F
:10A89C00EEE11A83098308831091A32F112309F089
:10A8AC001FEF1F931091A22F112309F01FEF10958A
:10A8BC000F91102309F471C0109161301A9312E8B2
:10A8CC001A9314E61A930E9489DC23961093863609
:10A8DC00109168301A931DE71A9314E61A930E948C
:10A8EC0089DC239610938D36109169301A9318E7F2
:10A8FC001A9314E61A930E9489DC239610938E36D1
:10A90C0010916B301A9318E71A9314E61A930E945D
:10A91C0089DC23961093903610916C301A9318E7BB
:10A92C001A9314E61A930E9489DC2396109391369D
:10A93C0010916630106110938B36ECE0F0E0FA93D6
:10A94C00EA9314E0108316E01A9310810881011722
:10A95C00F0F0E3E8F6E31127EC0DF11FEF93FF9312
:10A96C00EEE5F0E3EC0DF11F10811A9319E61A9342
:10A97C0014E61A930E9489DC2396FF91EF911083C1
:10A98C00E981FA811081139510831123F9F623962E
:10A99C00109165301A9318E27AC01091A32F1123ED
:10A9AC0009F01FEF10951F931091A22F112309F09E
:10A9BC001FEF0F91102309F473C0109161301A939B
:10A9CC001BE41A9314E61A930E9489DC23961093C5
:10A9DC008636109168301A9310E51A9314E61A9380
:10A9EC000E9489DC239610938D36109169301A934E
:10A9FC001BE41A9314E61A930E9489DC2396109395
:10AA0C008E3610916B301A931BE41A9314E61A933A
:10AA1C000E9489DC23961093903610916C301A9317
:10AA2C001BE41A9314E61A930E9489DC2396109364
:10AA3C009136ECE0F0E0FA93EA9314E0108316E020
:10AA4C001A93108108810117F0F0E3E8F6E311275F
:10AA5C00EC0DF11FEF93FF93EEE5F0E3EC0DF11F1E
:10AA6C0010811A931C811A9318E71A930E9489DC9F
:10AA7C002396FF91EF911083E981FA811081139550
:10AA8C0010831123F9F6239618811A9310EA1A935E
:10AA9C0014E61A930E9489DC239610938A3679C0A7
:10AAAC001091A32F112309F01FEF1F931091A22FC8
:10AABC00112309F01FEF0F91102309F46AC01091B4
:10AACC0061301A9312E81A9314E61A930E9489DCE7
:10AADC00239610938636109168301A931DE71A93BB
:10AAEC0014E61A930E9489DC239610938D361091EC
:10AAFC0069301A9318E71A9314E61A930E9489DCAA
:10AB0C00239610938E3610916B301A9318E71A9384
:10AB1C0014E61A930E9489DC2396109390361091B8
:10AB2C006C301A9318E71A9314E61A930E9489DC76
:10AB3C00239610939136ECE0F0E0FA93EA9314E04C
:10AB4C00108316E01A93108108810117F0F0E3E8E6
:10AB5C00F6E31127EC0DF11FEF93FF93EEE5F0E315
:10AB6C00EC0DF11F10811A9310E51A9314E61A9349
:10AB7C000E9489DC2396FF91EF911083E981FA8181
:10AB8C001081139510831123F9F6239612E8109374
:10AB9C008A3600918B3603FD05C0109186361695CA
:10ABAC0010938636ECE0F0E0FA93EA9312E010830F
:10ABBC001FE01A93108108810117A0F0E3E8F6E377
:10ABCC001127EC0DF11F10811A931C2D10591A939B
:10ABDC000E94BF212296E981FA811081139510837E
:10ABEC00112349F7239608951091A42F112309F0EE
:10ABFC001FEF112319F010915F3002C010915E30DD
:10AC0C001093FE0700912F360023B1F511E0D12EE1
:10AC1C000091FD071091FE07011770F41091FD07CC
:10AC2C0013951093FD071091A52F112309F01FEF19
:10AC3C00112311F0D09067300091FD071091FE07A1
:10AC4C00011781F078F01091FD071A951093FD070C
:10AC5C001091A52F112309F01FEF112319F0D0909B
:10AC6C006730D694D0922F361091FD071A9311E7C6
:10AC7C001A930E94BF21229608952297D0901630E5
:10AC8C00D694E7E5F0E31127ED0DF11F1081198340
:10AC9C0010914F301A931D2D1D5F1A9315E01A93C6
:10ACAC000E9489DC239618830091163000FF1AC08D
:10ACBC0019811A9310915A30169516951E5C1A9399
:10ACCC0012E31A930E9489DC2396198310914E305B
:10ACDC001A9311E41A9314E61A930E9489DC2396B2
:10ACEC00115F0BC010914E301A9311E61A931FE7A7
:10ACFC001A930E9489DC2396125ED12EDA9210E907
:10AD0C001A930E94D221229619811A9310E01A9359
:10AD1C0013E71A930E94CEE32396198318811A9392
:10AD2C0010E01A931FE71A930E94CEE32396188320
:10AD3C001A9311E91A930E94D2212296ECE0F0E0CA
:10AD4C00FA93EA9310E010831EE01A9310810881A5
:10AD5C000117C0F01C811A93CA921CE11A930E942D
:10AD6C0089DC23961F5FD12EDA921C2D10561A9374
:10AD7C000E94BF212296E981FA81108113951083DC
:10AD8C00112329F7239610915B301A93DA921FE75F
:10AD9C001A930E9489DC2396D12EDA9219E91A9320
:10ADAC000E94D221229610915C301A931AE91A93C0
:10ADBC000E94D2212296D0905D3000915D3005FF2B
:10ADCC0005C0ADE0B0E014E00E944FE4DA921BE95C
:10ADDC001A930E94BF212296109150301A9312E9B7
:10ADEC001A930E94D2212296109151301A9313E992
:10ADFC001A930E94D2212296109152301A9314E980
:10AE0C001A930E94D2212296109153301A9315E96D
:10AE1C001A930E94D22122960091543016E9101BED
:10AE2C001A9316E91A930E94BF21229600911630AC
:10AE3C0000FF10C0109155301A9317E91A930E9415
:10AE4C00D2212296109156301A9318E91A930E9427
:10AE5C00D2210DC010E01A9317E91A930E94BF215A
:10AE6C0022961AEF1A9318E91A930E94BF21229680
:10AE7C000E94444D2196089510917E301093D13547
:10AE8C0014E01A930E94AA2121961091D7351C70B8
:10AE9C00103010E009F41FEF109310061091942F4E
:10AEAC00112309F01FEF112309F461C01091952FA4
:10AEBC00112309F01FEF112349F01091D0301E5CC3
:10AECC001093FB071091D1301E5C06C01091CE3050
:10AEDC001093FB071091CF301093FC070091303684
:10AEEC000023F9F40091F9071091FB07011748F4BE
:10AEFC001091F90713951093F9071091D230109314
:10AF0C0030360091F9071091FB07011751F048F00A
:10AF1C001091F9071A951093F9071091D4301093EA
:10AF2C00303600913136002309F06DC00091FA07DC
:10AF3C001091FC07011748F41091FA071395109320
:10AF4C00FA071091D330109331360091FA07109113
:10AF5C00FC07011759F008F456C01091FA071A951E
:10AF6C001093FA071091D530109331364CC01091D4
:10AF7C00F907153089F080F000913036002329F55F
:10AF8C001FE0109330360091F90775E07017E8F464
:10AF9C000A950093F90719C00091D7351091D63551
:10AFAC00100F1F3091F088F01091D7351E70109350
:10AFBC00D7351091D6351E701093D6350091D735F4
:10AFCC00011719F410E01093F9071091FA071530D6
:10AFDC0089F080F0009131360023A9F418E0109329
:10AFEC0031360091FA0775E0701768F40A950093F2
:10AFFC00FA0709C01091D5351E701A3021F018F0DF
:10B00C0010E01093FA071091F9071A9311EB1A93A9
:10B01C000E94BF2122961091FA071A9312EB1A93F1
:10B02C000E94BF212296089514EF1A930E94AA2120
:10B03C00219600937D0810937E0820937F0830930F
:10B04C00800800917D081FEF01FF11271093010864
:10B05C00089527971091EE07112309F01FEF109513
:10B06C001F9318851E3F10E008F01FEF0F9110235F
:10B07C0041F01F81112321F05D9A000000005D98C2
:10B08C00A8C0E3E9F7E309851127E00FF11FE08081
:10B09C0070E07E1510F4EA941FEF112351F01FEFAE
:10B0AC001883E3E9F7E309851127E00FF11FE0822C
:10B0BC0006C010E0188300000000000000001F8193
:10B0CC001123F1F013E910937A0013EC10937A002A
:10B0DC00E2E0FEE209851127000F111FE00FF11FBE
:10B0EC00019110811C830B8300917A0004FFFCCF2B
:10B0FC0013E810937A005D9A000000005D9827C059
:10B10C0018851A9310E51A9317E51A930E94D8E341
:10B11C002396112319F011E00E94B6DC13E9109369
:10B12C007A0013EC10937A00E2E0FEE20985112715
:10B13C00000F111FE00FF11F019110811C830B8375
:10B14C0000917A0004FFFCCF13E810937A00009171
:10B15C00790011271A8309831A930A930D811E8192
:10B16C001A930A9310E008E01A930A930E9401E4E0
:10B17C002696109551F0E3E9F7E309851127E00FC6
:10B18C00F11F12E310831FEF18832B813C811A816E
:10B19C000981A0E81A273A27131709F4021710E0BF
:10B1AC0009F01FEF08811023A1F0E2E0FEE209850F
:10B1BC001127000F111FE00FF11F09811A81019354
:10B1CC001083E3E9F6E309851127E00FF11F1FEF68
:10B1DC001083089512B1106712B91398089525972A
:10B1EC001091EE07112309F01FEF1F9310910531F9
:10B1FC00123010E008F01FEF0F91102B09F459C119
:10B20C0010912406112309F01FEF1F9310912206B1
:10B21C00112309F01FEF0F910117D9F0109122069D
:10B22C00112309F01FEF1F9349E331E00E9428DA44
:10B23C000F91002311F0116001C01E7F49E331E032
:10B24C000E9420DA10912206112309F01FEF1093AF
:10B25C00240610912506112309F01FEF1F9310915E
:10B26C002306112309F01FEF0F910117D9F010914C
:10B27C002306112309F01FEF1F9349E331E00E94CD
:10B28C0028DA0F91002311F0126001C01D7F49E3F1
:10B29C0031E00E9420DA10912306112309F01FEFF0
:10B2AC001093250697DF17E210937C001091EE07A0
:10B2BC00112309F01FEF112321F010E019831883DB
:10B2CC0016C010912206112309F01FEF112311F063
:10B2DC0014E601C010E0198310912306112309F024
:10B2EC001FEF112311F014E601C010E0188314981D
:10B2FC001BB11F78B12E10E01A8319811C83ECE06E
:10B30C00F0E0FA93EA9310E0108317E01A9310819F
:10B31C000881011778F11D811B291BB91D81105F54
:10B32C001D83E3E1F7E30F811127E00FF11F10817B
:10B33C001E831F3F10E009F41FEF1F931091EE07BF
:10B34C00112309F01FEF10950F91102309F09AC0EB
:10B35C001F811A931F811A9310E01A937ADE2A9692
:10B36C001F8113951F83E981FA8110811395108336
:10B37C00112371F62396149A159810E01A83ECE0B9
:10B38C00F0E0FA93EA9318E010831FE01A9310810F
:10B39C000881011708F43EC01D811B291BB91D81B2
:10B3AC00105F1D831C2D183011F40C8104C01C2D52
:10B3BC001C3028F00B811C2D100F1F8301C0CF8275
:10B3CC00E3E1F7E30F811127E00FF11F10811E83DA
:10B3DC001F3F10E009F41FEF1F931091EE0711238C
:10B3EC0009F01FEF10950F91102309F04BC01F812E
:10B3FC001A931F811A9310E01A932BDE2A961F8141
:10B40C0013951F83E981FA81108113951083112301
:10B41C0009F0BECF2396159A169810E01A83ECE02B
:10B42C00F0E0FA93EA9310E1108317E11A9310817C
:10B43C000881011708F43CC01D811B291BB91D8113
:10B44C00105F1D831C2D143108F029F40B811C2D69
:10B45C00100F1F8301C0CF82E3E1F7E30F811127A7
:10B46C00E00FF11F10811E831F3F10E009F41FEF46
:10B47C001F931091EE07112309F01FEF10950F91F8
:10B48C00102319F0A7DE239615C01F811A931F8174
:10B49C001A9310E01A93DDDD2A961F8113951F83F2
:10B4AC00E981FA81108113951083112309F0C0CF23
:10B4BC00239690DE089522971091EE07112309F040
:10B4CC001FEF1F9310910531123010E008F01FEFA1
:10B4DC000F91102BB9F112B1186712B95D985C9AE3
:10B4EC0000005D9A17E210937C0000005D985C9858
:10B4FC0011E00E94B6DC18E11983183518F5E3E168
:10B50C00F7E309811127E00FF11F108118831F3F0A
:10B51C0010E009F41FEF1F931091EE07112309F0AF
:10B52C001FEF10950F91102369F419811A9319814B
:10B53C001A931FEF1A938DDD2A961981139519838F
:10B54C001123D9F647DE08952697E2E0FEE208853E
:10B55C001127000F111FE00FF11FE19000810D83E7
:10B56C00EC82E69410910931143691F0EA92109124
:10B57C0009311A9314E61A930E9489DC23961A93C4
:10B58C0010E01A931FE71A930E94CEE32396E12E44
:10B59C001F811A9310E81A931BE91A930E94D8E39F
:10B5AC00239618831F81198308811A9310E01A932C
:10B5BC001BE11A930E94D8E32396102B91F11F8163
:10B5CC001F77198310910531133009F070C0198160
:10B5DC001A9310E01A931BE01A930E94D8E3239657
:10B5EC00112349F010911E06112309F01FEF088159
:10B5FC000117B1F0CCC019811A9310E11A931BE119
:10B60C001A930E94D8E32396112351F010911F0630
:10B61C00112309F01FEF0881011709F448C0B7C0C6
:10B62C0046C00E811F811A9310E51A931FE51A93D9
:10B63C000E94D8E32396102349F0EEE9F2ED11278E
:10B64C00EE0DF11F11E01BBFE69092C01F811A9303
:10B65C0018EC1A9313ED1A930E94D8E32396112336
:10B66C0079F00F811127085C1040085F1D4F1B8378
:10B67C000A831A930A93EA920E94DA3E299687C0AB
:10B68C001F811A9318EF1A931AEF1A930E94D8E39A
:10B69C002396112361F00F81085F0983E6EDF0E337
:10B6AC001127E00FF11FE082E3E4F3E36BC010918C
:10B6BC000531123021F510912206112309F01FEFEC
:10B6CC00012F1F811A9310E01A9318E01A930E940D
:10B6DC00D8E32396102309F05AC0109123061123A6
:10B6EC0009F01FEF012F1F811A9310E11A9318E133
:10B6FC001A930E94D8E323961023D1F148C01091DD
:10B70C0005311430A8F110911206113071F41F811B
:10B71C001A9310E01A9318E01A930E94D8E3239618
:10B72C00112331F11F81105F10C0109112061230DD
:10B73C00A1F41F81103011F418E407C0113011F47A
:10B74C001AE403C0123019F413E4198311C0133036
:10B75C0078F01830E1F060F41AC01F811A9310E1F0
:10B76C001A9318E11A930E94D8E32396112379F4C3
:10B77C00EEE0FFE209811127E00FF11FE082EBE719
:10B78C00F1E309811127E00FF11F10E410830895F4
:10B79C0027971091EE07112309F01FEF1F931091BB
:10B7AC00053112301FEF08F011270F91102B09F003
:10B7BC003DC1009103311FEF05FF11271A83109132
:10B7CC001D06112309F01FEF1F9310910531153041
:10B7DC0010E009F41FEF0F911023F9F01AE51A93FA
:10B7EC0012E01A93FE013696FA93EA930E94FA2A13
:10B7FC0024961BE51A9312E01A93FE013596FA93E0
:10B80C00EA930E94FA2A24960B811C81011710E0FE
:10B81C0011F008F01FEF1093EA2F10E01E8318317F
:10B82C0070F5E3E1F7E30E811127E00FF11F1081B2
:10B83C001D831E3FF9F01D811F3F09F1E3E9F6E37B
:10B84C000E811127E00FF11F1081112309F01FEF5A
:10B85C00112381F0E3E9F6E30E811127E00FF11FCC
:10B86C0010E010831E811A931E811A931C811A9367
:10B87C006BDE29961E8113951E83112381F618E128
:10B88C001E83183570F5E3E1F7E30E811127E00F05
:10B89C00F11F10811D831E3FF9F01D811F3F09F11F
:10B8AC00E3E9F6E30E811127E00FF11F108111235C
:10B8BC0009F01FEF112381F0E3E9F6E30E81112764
:10B8CC00E00FF11F10E010831E811A931E811A9352
:10B8DC001C811A9339DE29961E8113951E83112320
:10B8EC0081F610910531123009F0A0C0109122069A
:10B8FC00112309F01FEF112309F448C014E61E832D
:10B90C001D3608F043C0E3E1F7E30E811127E00F89
:10B91C00F11F10811D831E3F99F11D811F3FB1F155
:10B92C00E3E9F6E30E811127E00FF11F10811123DB
:10B93C0009F01FEF112321F1E3E9F6E30E81112742
:10B94C00E00FF11F10E01083E2E0FEE20E81112700
:10B95C00000F111FE00FF11FE19000810983E882B5
:10B96C00E694EEE0FFE20D811127E00FF11FE0827B
:10B97C00EBE7F1E30D811127E00FF11F10E41083C9
:10B98C001E8113951E83112309F0BACF1091230643
:10B99C00112309F01FEF112309F448C010E71E838F
:10B9AC00193708F043C0E3E1F7E30E811127E00FEC
:10B9BC00F11F10811D831E3F99F11D811F3FB1F1B5
:10B9CC00E3E9F6E30E811127E00FF11F108111233B
:10B9DC0009F01FEF112321F1E3E9F6E30E811127A2
:10B9EC00E00FF11F10E01083E2E0FEE20E81112760
:10B9FC00000F111FE00FF11FE19000810983E88215
:10BA0C00E694EEE0FFE20D811127E00FF11FE082DA
:10BA1C00EBE7F1E30D811127E00FF11F12E010832A
:10BA2C001E8113951E83112309F0BACF0895229716
:10BA3C0010910531103021F41FEF1093F10734C031
:10BA4C0012E210937C0011E00E94B6DC13E9109313
:10BA5C007A0013EC10937A0000917A0004FFFCCF6B
:10BA6C0013E810937A00009179000093EF071127E7
:10BA7C00198308831A930A93009113381091143880
:10BA8C001A930A9310E005E01A930A930E9401E4BA
:10BA9C002696109549F010E01093F1070881198152
:10BAAC000093133810931438089521971091053191
:10BABC001230A8F1ECE0F0E0FA93EA9310E0108376
:10BACC0018E71A9310810881011740F1E3E1F7E3BD
:10BADC001127EC0DF11F10811F771B831A931F8107
:10BAEC001A931F811A930E94D8E32396112379F09D
:10BAFC00E3E9F7E31127EC0DF11F1C81127310839E
:10BB0C00E3E9F6E31127EC0DF11F1C811083E981A9
:10BB1C00FA811081139510831123A9F623960895A9
:10BB2C00ECE0F0E0FA93EA9310E0108318E71A9334
:10BB3C0010810881011768F0E3E9F7E31127EC0D98
:10BB4C00F11F1083E981FA81108113951083112361
:10BB5C0081F72396089510E01A931BE01A9310E0D6
:10BB6C001A93A3DF2496089510E11A931BE11A93FC
:10BB7C0010E01A939ADF2496089510E21A931BE2B0
:10BB8C001A9310E01A9391DF249618E41A931BE48D
:10BB9C001A9310E01A9389DF2496089510910531B9
:10BBAC001230D8F0ECE0F0E0FA93EA9310E0108356
:10BBBC001FE71A9310810881011770F0E3E9F6E38F
:10BBCC001127EC0DF11F1B811083E981FA81108183
:10BBDC0013951083112379F72396089510E01A9387
:10BBEC001BE01A931FEF1A9360DF2496089510E15F
:10BBFC001A931BE11A931FEF1A9357DF249608959B
:10BC0C0010E21A931BE21A931FEF1A934EDF24963D
:10BC1C0018E41A931BE41A931FEF1A9346DF249629
:10BC2C000895E3E1F7E309811127E00FF11F188173
:10BC3C0010831981193048F4E3E1F7E309810C59B9
:10BC4C001127E00FF11F1881108319811A931CE042
:10BC5C001A9314E11A930E94D8E32396112349F006
:10BC6C00E3E1F7E309810C591127E00FF11F18816B
:10BC7C001083089510E0109312061FEF1093E92F14
:10BC8C0049E331E00E9428DA1E7F49E30E9420DA62
:10BC9C0049E30E9428DA1D7F49E30E9420DAECE098
:10BCAC00F0E0FA93EA9310E0108317E51A931081F1
:10BCBC0008810117B8F0E3E1F7E31127EC0DF11F50
:10BCCC00EF93FF93E7E3F9E0EC0DF11F0E94F0DC3A
:10BCDC00FF91EF911083E981FA8110811395108304
:10BCEC00112331F72396ECE0F0E0FA93EA9310E09D
:10BCFC00108318E01A93108108810117C8F0E3E152
:10BD0C00F7E31C2D1C59012F1127E00FF11FEF93A6
:10BD1C00FF93E3E1F7E3EC0DF11F1081FF91EF913D
:10BD2C001083E981FA81108113951083112321F777
:10BD3C002396ECE0F0E0FA93EA931DE610831FE6FD
:10BD4C001A9310810881011770F0E3E1F7E31127D2
:10BD5C00EC0DF11F1EEF1083E981FA811081139510
:10BD6C001083112379F72396ECE0F0E0FA93EA9331
:10BD7C001CE0108314E11A93108108810117C8F09C
:10BD8C00E3E1F7E31C2D1C59012F1127E00FF11FE4
:10BD9C00EF93FF93E3E1F7E3EC0DF11F1081FF91BB
:10BDAC00EF911083E981FA8110811395108311238F
:10BDBC0021F723961FEF10938C371A93EFDE219601
:10BDCC000895219710E018830E94F920098111270A
:10BDDC0000501D4F1A930A9312E000E01A930A9335
:10BDEC000E94022624961091191F1A3A10E009F4A9
:10BDFC001FEF1F931091181F1C3310E008F01FEF5A
:10BE0C000F911023F9F01FEF1883AFE1B1E3FDE1BF
:10BE1C00EAE120E430E00E94BFDCAEECB0E3FDE1EF
:10BE2C00EAE520E130E00E94BFDC11E000EC1A935F
:10BE3C000A9310E000E11A930A9314E01A930E94FB
:10BE4C00261E2796188108950E941121AAE1BDE1B2
:10BE5C001FEFE0E0F2E031960000319711F01D93F6
:10BE6C00FCCFAAE1BDE1F1E3EFE120E430E00E9478
:10BE7C00BFDCAAE5BDE1F0E3EEEC20E130E00E948E
:10BE8C00BFDCE8E1FFE11CE310831AEA1093191FF1
:10BE9C000881112700501D4F1A930A9312E000E0FD
:10BEAC001A930A930E94E02525961FEF1093030620
:10BEBC0008952A9710E01F830E94F9200A85112704
:10BECC00005F1C4F1A930A9312E000E01A930A9336
:10BEDC000E94022624961091191F153A10E009F4BD
:10BEEC001FEF1F931091181F1C3310E008F01FEF69
:10BEFC000F91102309F45FC01FEF1F8310E000E5C2
:10BF0C001E830D83D801B13009F4AF3E11F008F057
:10BF1C0052C00D811E811A930A9310E000E61A9309
:10BF2C000A930FEF1A930A930E94E3E326961123C8
:10BF3C00C1F5EAE1FDE10D811E81E00FF11F1081D9
:10BF4C001A83EEE0FFE20D811E81E00FF11F0081EC
:10BF5C001A81011731F1E0E4F7EE0D811E81000F1B
:10BF6C00111FE00FF11F01E00BBF079116911C830D
:10BF7C000B831F7019831030A1F01C8112951F7058
:10BF8C0018831F3071F01981173059F40D811E81FF
:10BF9C001A930A931C811A9314E01A930E94DC1DC5
:10BFAC002496AD81BE811196AD83BE83BB2311F463
:10BFBC00AA2309F0A8CF1F8108950E941121AAE19C
:10BFCC00BDE1FFE2EEE020E032E00E94BFDCE8E100
:10BFDC00FFE11CE3108315EA1093191F0881112748
:10BFEC00005F1C4F1A930A9312E000E01A930A9315
:10BFFC000E94E02525961FEF1093030608952B97BA
:10C00C00EEE0F1E3EF93FF933196FA93EA931FE09E
:10C01C001A9317EF61221FEB6122ECEAF9EC0E94F4
:10C02C009BDE0FE01881011BFF91EF91008323969B
:10C03C0010E019871091191F153A09F0BDC1109124
:10C04C00181F1A871F3108F4EFC110E000E01F839E
:10C05C000E83D801B13009F4A83011F008F087C074
:10C06C00EAE1FDE10E811F81E00FF11F10811883C1
:10C07C00EEE0FFE20E811F81E00FF11F00811881BD
:10C08C00011709F46AC0E0E4F7EE0E811F81000F7E
:10C09C00111FE00FF11F01E00BBF079116911D83DB
:10C0AC000C831F701B83103009F457C00C811D8149
:10C0BC0012951F701A831F3009F44FC00C8109832D
:10C0CC001B81143031F0113021F0123011F013308B
:10C0DC0039F409811091003110231030A1F43DC0C6
:10C0EC001530E9F4009100311FEF07FF11271F9362
:10C0FC000981109100311023103010E009F01FEF6E
:10C10C000F91102351F10E811F811A930A931A81FA
:10C11C001A9314E01A930E94DC1D24961EC016304C
:10C12C00E1F4009100311FEF03FF11271F930981E8
:10C13C00109100311023103010E009F01FEF0F9117
:10C14C00102359F00E811F811A930A931A811A93A6
:10C15C0014E01A930E94DC1D2496AE81BF811196C7
:10C16C00AE83BF83BB2311F4AA2309F073CF1A85C6
:10C17C001C3308F4BBC011E009E01F830E83D80107
:10C18C00B13009F4AA3011F008F04CC0EAE1FDE13D
:10C19C000E811F81E00FF11F10811883EEE0FFE28A
:10C1AC000E811F81E00FF11F00811881011781F1B1
:10C1BC00E0E4F7EE0E811F81000F111FE00FF11F5D
:10C1CC0001E00BBF079116911D830C831F701B831D
:10C1DC0009831A9314E01A9316E01A930E94D8E379
:10C1EC0023961F930981109100311023103010E019
:10C1FC0009F01FEF0F91102359F00E811F811A9334
:10C20C000A931A811A9314E01A930E94DC1D249647
:10C21C00AE81BF811196AE83BF83BB2311F4AA23D9
:10C22C0009F0AECF11E00DE81F830E83D801B130B9
:10C23C0009F4A23911F008F086C0EAE1FDE10E81A3
:10C24C001F81E00FF11F10811883EEE0FFE20E81D9
:10C25C001F81E00FF11F00811881011709F43BC009
:10C26C00E0E4F7EE0E811F81000F111FE00FF11FAC
:10C27C0001E00BBF079116911D830C831F701B836C
:10C28C00103049F10C811D8112951F701A831F30DB
:10C29C0011F11C8119831B811A9314E01A9316E077
:10C2AC001A930E94D8E323961F93098110910031B1
:10C2BC001023103010E009F01FEF0F91102359F0EC
:10C2CC000E811F811A930A931A811A9314E01A9300
:10C2DC000E94DC1D2496AE81BF811196AE83BF8374
:10C2EC00BB2311F4AA2309F0A2CF2DC01091133057
:10C2FC00103059F011E005E01A930A9310E01A93EC
:10C30C0014E01A930E94DC1D249610911730103003
:10C31C0059F011E009E01A930A9310E01A9314E013
:10C32C001A930E94DC1D249610911830103059F08D
:10C33C0011E00AE01A930A9310E01A9314E01A938E
:10C34C000E94DC1D24961091DA1D1A9311E01A93A9
:10C35C001FE01A930E94D8E32396112391F0EEE08C
:10C36C00F1E3EF93FF933196FA93EA931FE01A935C
:10C37C0017EF61221FEB6122EAEDFDE10E94A7DEBF
:10C38C0011C0EEE0F1E3EF93FF933196FA93EA9349
:10C39C001FE01A9317EF61221FEB6122ECEAF9EC14
:10C3AC000E949BDE1FE00881101BFF91EF91108310
:10C3BC0023961FEF198738C0EEE0F1E3EF93FF935C
:10C3CC003196FA93EA931FE01A9317EF61221FEB51
:10C3DC006122ECEAF9EC0E949BDE0FE01881011B54
:10C3EC00FF91EF9100832396CF93DF9360976F9229
:10C3FC00FE01EF93FF933196FA93EA931FE01A93A1
:10C40C0017EF61221FEB6122EEEFFCEC0E949BDE2A
:10C41C001FE00881101BFF91EF91108323966F9002
:10C42C000E94E135DF91CF9110E01093853000919F
:10C43C00043103FF0AC01091952F112309F01FEF4F
:10C44C001093A42F14E0109311320E945E2D2496A9
:10C45C000E94D82AAAE1BBE1FFE2EEE020EF31E036
:10C46C000E94BFDC10E0109313061FEF109303061D
:10C47C001985089522970E945E2D249610918D3473
:10C48C001A9311E01A931FE01A930E94D8E3239693
:10C49C00112391F0EEE0F1E3EF93FF933196FA93D1
:10C4AC00EA931FE01A9317EF61221FEB6122EDE86C
:10C4BC00F4E30E94A7DE11C0EEE0F1E3EF93FF93EB
:10C4CC003196FA93EA931FE01A9317EF61221FEB50
:10C4DC006122ECEAF9EC0E949BDE0FE01881011B53
:10C4EC00FF91EF9100832396AAE1BDE1F3E3EDEC1C
:10C4FC0020E032E00E94BFDCCF93DF9380DDDF9140
:10C50C00CF910895ADECB3E3FFE2EEE020E032E032
:10C51C000E94BFDC15EA1093CC351CE31093CB358D
:10C52C00EDE8F4E3EF93FF933196FA93EA931FE06F
:10C53C001A9317EF61221FEB6122EEE0F1E30E94E8
:10C54C00A7DE1FE00881101BFF91EF91108323964B
:10C55C000895229710E01093EA2F1093EB2F10E020
:10C56C0000E319830883D801E0E8BE27B13809F449
:10C57C00AA3009F0D0F4E0E5F4E008811981E00F6D
:10C58C00F11FEF93FF93EEE0FFE2E00FF11F10813C
:10C59C00FF91EF910E94CEDCA881B9811196A883FE
:10C5AC00B983B03809F7A030F9F6ABE1B0E310E08D
:10C5BC00E3E0F0E031960000319711F01D93FCCFD1
:10C5CC00CF93DF932BD3DF91CF91CF93DF936DD3A9
:10C5DC00DF91CF91CF93DF93AFD3DF91CF910895BC
:10C5EC00229710E01093EA2F1093EB2FAAE1BDE1F4
:10C5FC001FEFE0E0F2E031960000319711F01D934F
:10C60C00FCCFEAEDFDE1EF93FF933196FA93EA93B9
:10C61C001FE01A9317EF61221FEB6122ECEAF9EC91
:10C62C000E949BDE1FE00881101BFF91EF9110838D
:10C63C00239610E01093181F00E019830883D8018B
:10C64C00B03009F4A33609F0B0F408811981005E0A
:10C65C001C4F1A930A9312E000E01A930A930E945B
:10C66C00E0252596A881B9811196A883B983BB23AF
:10C67C0039F7AA2329F7AEEDBFE210E0E0E1F0E0D4
:10C68C0031960000319711F01D93FCCF0895AEED5B
:10C69C00BFE210E0E0E1F0E031960000319711F0DC
:10C6AC001D93FCCF10E01093EA2F0E9405211091EE
:10C6BC000E311A9311E01A931FE01A930E94D8E3DB
:10C6CC0023961095C1F0EEE0F1E3EF93FF933196D2
:10C6DC00FA93EA931FE01A9317EF61221FEB612282
:10C6EC00ECEAF9EC0E949BDE1FE00881101BFF9125
:10C6FC00EF9110832396E881F98110811A9310E051
:10C70C001A9313E61A930E94CEE32396E881F981DB
:10C71C001083E881F9811081103009F44DC0ABE130
:10C72C00B0E310E0E3E0F0E031960000319711F057
:10C73C001D93FCCF08E8B2E3A02F10E0E3E0F0E09B
:10C74C0031960000319711F01D93FCCF1CE3109330
:10C75C000C3115EA10930D31AAE1BDE1FFE2EEE0D8
:10C76C0020E032E00E94BFDCEAEDFDE1EF93FF93A5
:10C77C003196FA93EA931FE01A9317EF61221FEB9D
:10C78C006122EEE0F1E30E94A7DE1FE00881101B9E
:10C79C00FF91EF9110832396E881F9810081112795
:10C7AC00005E1C4F1A930A9312E000E01A930A934E
:10C7BC000E94E025259602C0CCDE2296AAE1BBE1C0
:10C7CC00FFE2EEE020EF31E00E94BFDC10E01093BE
:10C7DC0014060895ECE0F0E0FA93EA9310E010836D
:10C7EC001BE01A9310810881011708F1EDECF3E3BB
:10C7FC001127EC0DF11FE080EEE0FFE2EC0DF11FD4
:10C80C001081E11669F0EEE0FFE21127EC0DF11F4B
:10C81C00E082EBE7F1E31127EC0DF11F10E410833C
:10C82C00E981FA811081139510831123E1F6239687
:10C83C000895ADECB3E3FFE2EEE02CE030E00E94B3
:10C84C00BFDC0895ECE0F0E0FA93EA9310E010837B
:10C85C001BE01A9310810881011708F1EDEDF3E349
:10C86C001127EC0DF11FE080EEE0FFE2EC0DF11F63
:10C87C001081E11669F0EEE1FFE21127EC0DF11FDA
:10C88C00E082EBE8F1E31127EC0DF11F10E41083CB
:10C89C00E981FA811081139510831123E1F6239617
:10C8AC000895ADEDB3E3FFE2EEE12CE030E00E9441
:10C8BC00BFDC0895ECE0F0E0FA93EA9310E010830B
:10C8CC001BE01A9310810881011708F1EDEEF3E3D8
:10C8DC001127EC0DF11FE080EEE2FFE2EC0DF11FF1
:10C8EC001081E11669F0EEE2FFE21127EC0DF11F69
:10C8FC00E082EBE9F1E31127EC0DF11F10E410835A
:10C90C00E981FA811081139510831123E1F62396A6
:10C91C00ECE0F0E0FA93EA9310E0108313E01A9342
:10C92C0010810881011708F1E5E1F4E31127EC0D02
:10C93C00F11FE080E6E5FFE2EC0DF11F1081E1163E
:10C94C0069F0E6E5FFE21127EC0DF11FE082E3EC64
:10C95C00F1E31127EC0DF11F10E41083E981FA814A
:10C96C001081139510831123E1F623960895ADEEF3
:10C97C00B3E3FFE2EEE22CE030E00E94BFDCA5E185
:10C98C00B4E3FFE2E6E524E030E00E94BFDC08956A
:10C99C000E940521ECE0F0E0FA93EA9310E010839A
:10C9AC001BE01A9310810881011718F1EEE0FFE2E9
:10C9BC001127EC0DF11FEF93FF930B81A0E1B0E079
:10C9CC00E89465F80E94CCE198010C2D1127020F18
:10C9DC00131FF0E0E0E5E00FF11F0E94F0DCFF9187
:10C9EC00EF911083E981FA81108113951083112343
:10C9FC00D1F62396ABE7B1E314E0ECE0F0E031962E
:10CA0C000000319711F01D93FCCFAAE1BBE1FFE2CE
:10CA1C00EEE02CE030E00E94BFDC1091BB33103014
:10CA2C0019F4ABE7B3E302C0A7E8B3E3FFE2EEE02F
:10CA3C002CE030E00E94BFDC10E010931506089546
:10CA4C000E940521ECE0F0E0FA93EA9310E01083E9
:10CA5C001BE01A9310810881011718F1EEE1FFE237
:10CA6C001127EC0DF11FEF93FF930B81A0E1B0E0C8
:10CA7C00E89465F80E94CCE198010C2D1127020F67
:10CA8C00131FF1E0E0E5E00FF11F0E94F0DCFF91D5
:10CA9C00EF911083E981FA81108113951083112392
:10CAAC00D1F62396ABE8B1E314E0ECE0F0E031967C
:10CABC000000319711F01D93FCCFAAE2BBE1FFE21D
:10CACC00EEE12CE030E00E94BFDC1091BC33103062
:10CADC0019F4A3E9B3E302C0AFE9B3E3FFE2EEE17B
:10CAEC002CE030E00E94BFDC10E010931606089595
:10CAFC000E940521ECE0F0E0FA93EA9310E0108339
:10CB0C001BE01A9310810881011718F1EEE2FFE285
:10CB1C001127EC0DF11FEF93FF930B81A0E1B0E017
:10CB2C00E89465F80E94CCE198010C2D1127020FB6
:10CB3C00131FF2E0E0E5E00FF11F0E94F0DCFF9123
:10CB4C00EF911083E981FA811081139510831123E1
:10CB5C00D1F62396ABE9B1E314E0ECE0F0E03196CA
:10CB6C000000319711F01D93FCCFECE0F0E0FA934C
:10CB7C00EA9310E0108313E01A93108108810117D7
:10CB8C0000F1E6E5FFE23327EC0DF31FEF93FF9383
:10CB9C00E0E5F3E02B81220F331F220F331F0C2D06
:10CBAC001127020F131FE00FF11F0E94F0DCFF9101
:10CBBC00EF911083E981FA81108113951083112371
:10CBCC00E9F62396A3ECB1E314E0E4E0F0E031964F
:10CBDC000000319711F01D93FCCFAAE3BBE1FFE2FB
:10CBEC00EEE220E130E00E94BFDCA2E6BBE1FFE216
:10CBFC00E6E524E030E00E94BFDC10E0109317065D
:10CC0C00089510E01A93C4DE219610E01A9318DFF1
:10CC1C00219610E01A936CDF219608950E9405214D
:10CC2C00ECE0F0E0FA93EA9310E010831BE01A9327
:10CC3C0010810881011728F100911B301127A0E108
:10CC4C00B0E0E89465F80E94CCE198010C2D112716
:10CC5C00020F131FF0E0E0E5E00FF11FEF93FF93DD
:10CC6C00EEE0FFE21127EC0DF11F1081FF91EF9127
:10CC7C000E94CEDCE981FA81108113951083112377
:10CC8C00C1F62396AAE1BBE1FFE2EEE02CE030E036
:10CC9C000E94BFDC10E01093150610911B3010930E
:10CCAC00783110E01093883208950E940521ECE051
:10CCBC00F0E0FA93EA9310E010831BE01A931081D2
:10CCCC000881011728F100911C301127A0E1B0E078
:10CCDC00E89465F80E94CCE198010C2D1127020F05
:10CCEC00131FF1E0E0E5E00FF11FEF93FF93EEE18E
:10CCFC00FFE21127EC0DF11F1081FF91EF910E94C3
:10CD0C00CEDCE981FA811081139510831123C1F6D1
:10CD1C002396AAE2BBE1FFE2EEE12CE030E00E94B8
:10CD2C00BFDC10E01093160610911C301093793173
:10CD3C0010E01093893208950E940521ECE0F0E098
:10CD4C00FA93EA9310E010831BE01A931081088188
:10CD5C00011728F100911D301127A0E1B0E0E894F3
:10CD6C0065F80E94CCE198010C2D1127020F131FBE
:10CD7C00F2E0E0E5E00FF11FEF93FF93EEE2FFE24C
:10CD8C001127EC0DF11F1081FF91EF910E94CEDC69
:10CD9C00E981FA811081139510831123C1F6239632
:10CDAC00ECE0F0E0FA93EA9310E0108313E01A93AE
:10CDBC0010810881011710F1E0E5F3E020911D309E
:10CDCC003327220F331F220F331F0C2D1127020F75
:10CDDC00131FE00FF11FEF93FF93E6E5FFE211271E
:10CDEC00EC0DF11F1081FF91EF910E94CEDCE981D7
:10CDFC00FA811081139510831123D9F62396AAE397
:10CE0C00BBE1FFE2EEE22CE030E00E94BFDCA2E6E8
:10CE1C00BBE1FFE2E6E524E030E00E94BFDC10E07D
:10CE2C001093170610911D3010937A3110E0109367
:10CE3C008A320895299710E000E018870F8310912B
:10CE4C004638112309F01FEF112309F461C010E0DB
:10CE5C001E83103110F5E2EEFDE20E811127E00F7A
:10CE6C00F11FE0801E2D103698F4E0E5F8E30E81FA
:10CE7C001127E00FF11FEF93FF93EEE8FFE2EE0DA9
:10CE8C00F11F1081112309F01FEFFF91EF91108317
:10CE9C001E8113951E831123E1F610914638112340
:10CEAC0009F01FEF11701F831F9310E01A931FEFEF
:10CEBC001A9377D624960F91102B1F8311E01A9397
:10CECC001FEF1A936ED6249626E00E94AFE11F93B3
:10CEDC0012E01A931FEF1A9364D6249612951F70C2
:10CEEC000F91102B1F9313E01A931FEF1A9359D61F
:10CEFC002496169516950F91102B1F9317E01A93E5
:10CF0C001FEF1A934ED624960F91102B1887A7C09B
:10CF1C0010910F06112309F01FEF112311F012E0ED
:10CF2C0001C011E0198310918E2F112309F01FEF0E
:10CF3C001F931091912F112309F01FEF10950F9152
:10CF4C0010231093413810918E2F112309F01FEFED
:10CF5C001F931091912F112309F01FEF0F911023A4
:10CF6C00109342381091952F112309F01FEF109355
:10CF7C00473810912F38103031F41091922F112323
:10CF8C0039F01FEF05C01091932F112309F01FEFFB
:10CF9C001093433810E0109340381091942F1123C4
:10CFAC0009F01FEF1093453810914238112309F006
:10CFBC001FEF14701F9310914138112309F01FEFCC
:10CFCC0011700F91102B1C8310912F38103019F009
:10CFDC001C81110F1C831091EB2F112309F01FEFF3
:10CFEC00012F198126E00E94A5E110231F931091B7
:10CFFC00EA2F112309F01FEF10740F91102B1D83D2
:10D00C0010914338112309F01FEF10711B831091FD
:10D01C00972F112309F01FEF109591F01091100626
:10D02C00112309F01FEF1F931091942F112309F076
:10D03C001FEF0F91102311F010E401C010E81A83B8
:10D04C001B810C81012B1A81102B188710914638EB
:10D05C00112309F01FEF11700D81102B1F83E89421
:10D06C0077F847E618E1312FE89460F8FE0137961F
:10D07C00A2E0B0E050E00E94C2DA08952197E2EEFF
:10D08C00FDE20A811127E00FF11F10811883103681
:10D09C00D0F4EEE8FFE208811127E00FF11F1981AF
:10D0AC001083EBEFF1E308811127E00FF11F10E47F
:10D0BC001083EAE9F8E0088100581127E00FF11F0E
:10D0CC00108110930606089522971091463811236B
:10D0DC0009F01FEF1123D9F010919D2F112309F0A6
:10D0EC001FEF18831B811A931B811A93C7DF23969A
:10D0FC00188110951F9310919D2F112309F01FEF8C
:10D10C000F91102319F01FEF109313067FC01B8192
:10D11C001030F1F4EFE2F8E32497FB83EA8312E09A
:10D12C00198310E018830E94C1E3249600912F38D4
:10D13C001FEF00FF11271093EA2F1FEF01FF11279C
:10D14C001093EB2F10912F381F5F109304065EC0C5
:10D15C001130B1F410912F38103009F057C01A81EA
:10D16C0010938E2F10E01093912FB1E3ABEF10E4DE
:10D17C00E4E0F0E0319600003197D1F01D93FCCF44
:10D18C001230D1F410912F38103009F03FC01A81B1
:10D19C0010938E2F1FEF1093912FB1E3ABEF10E490
:10D1AC00E4E0F0E031960000319711F01D93FCCFD4
:10D1BC001CE0109306062AC0133099F410912F38F6
:10D1CC00103039F41A811093922F10E41093FF3120
:10D1DC0006C01A811093932F10E4109300321DE0B7
:10D1EC00E8CF153041F41A811093942F10E410936A
:10D1FC00013218E0DECF173049F41A811093952FC5
:10D20C0010E41093023219E010930606089510E012
:10D21C001093263810914638112309F01FEF109502
:10D22C00A1F01881143031F410E01A930E9422748A
:10D23C0021960BC0183048F01F3009F030F41881DB
:10D24C0017501A930E9422742196089522971091D8
:10D25C004638112309F01FEF109509F477C01127F8
:10D26C000091263874E6071720F4039500932638AE
:10D27C001FEF109509F461C010E010931A301A8159
:10D28C00183020F01A81175010931A301FEF10939A
:10D29C001806CF93DF93EAE1F0E3FA93EA93F7D918
:10D2AC00DF91CF91CF93DF9313E41A930E94AB36A7
:10D2BC00DF91CF91EEE0F0E0FA93EA9310E0108367
:10D2CC0013E01A9310810881011798F115E505E513
:10D2DC001C830B83E89477F847E618E1312FE89428
:10D2EC0060F8FE013396A2E0B0E050E00E94C2DA92
:10D2FC0010E004E60E94A7DC10E000E01C830B8326
:10D30C00E89477F847E618E1312FE89460F8FE01CD
:10D31C003396A2E0B0E050E00E94C2DA10E004E6DE
:10D32C000E94A7DCE981FA811081139510831123E7
:10D33C0051F6239610E010932638E0E4F8E30A81C6
:10D34C001127E00FF11F10E0108303C010E01093C1
:10D35C0026380895299710910531153009F05AC0D7
:10D36C0010E01A930E94AA2121961091D535107CB9
:10D37C00E12E1E2D103CC9F412E010932F3810E052
:10D38C001093EA2F1FEF1093EB2F109107061A93AF
:10D39C0011E01A9313E01A930E94D8E323961123F9
:10D3AC0019F013E0109304063EC01E2D1034B1F496
:10D3BC0010E010932F3810E01093EA2F1093EB2FFE
:10D3CC00109107061A9311E01A9313E01A930E9416
:10D3DC00D8E32396112339F111E019C01E2D103812
:10D3EC0011F511E010932F381FEF1093EA2F10E076
:10D3FC001093EB2F109107061A9311E01A9313E078
:10D40C001A930E94D8E32396112369F012E010932B
:10D41C00040609C010910531143028F410E0109363
:10D42C00EA2F1093EB2F1091212D112309F01FEFF0
:10D43C00112309F400C110919D2F112309F01FEF46
:10D44C001A83F8DC299610E01E83143008F0E2C031
:10D45C00E8E6FBEE0E811127000F111FE00FF11F04
:10D46C0001E00BBF0791169119830883E89477F8B4
:10D47C0047E616E1312FE89460F8FE01A2E0B0E037
:10D48C0050E00E94C2DA15E00E94B6DCE89477F80E
:10D49C0047E610E0312FE89460F8A0E0B0E00E947D
:10D4AC00C2DA17E6412FFE013896A1E0B0E00E94E7
:10D4BC00B4DA188510951C73188710E01D8314308E
:10D4CC0008F0A2C01E8104E00E94B9E10D81100F8A
:10D4DC001F83FE013896DF010D8115E0101B0E94A1
:10D4EC005DE41C83112309F471C01F81143010E01A
:10D4FC0009F41FEF1F931F81183010E008F01FEF85
:10D50C000F91102B1F9310914638112309F01FEF28
:10D51C0010950F91102341F0CF93DF931F811A9335
:10D52C0095DEDF91CF9162C0E0E3F8E30F81112724
:10D53C00E00FF11F1081112309F01FEF109509F472
:10D54C0055C010914638112309F01FEF1123E1F05B
:10D55C00E0E5F8E30F811127E00FF11F1081112393
:10D56C0009F01FEF10951B83E0E5F8E30F811127FD
:10D57C00E00FF11F1B81108310915638112309F015
:10D58C001FEF109346381BC0E0E4F8E30F8111271E
:10D59C00E00FF11F1081112309F01FEF10951B8371
:10D5AC00E0E4F8E30F811127E00FF11F1B811083DA
:10D5BC0010914638112309F01FEF109356381F8134
:10D5CC001A931C811A9380DD249610C0E0E3F8E3D3
:10D5DC000F811127E00FF11F1081112309F01FEFAC
:10D5EC00112321F01F811A9312DE2196E0E3F8E358
:10D5FC000F811127E00FF11F1C8110831D811395E2
:10D60C001D83112309F05BCF1E8113951E831123FB
:10D61C0009F01BCF10E000E019830883E89477F839
:10D62C0047E616E1312FE89460F8FE01A2E0B0E085
:10D63C0050E00E94C2DA0895219710E01883ECE0C4
:10D64C00F0E0FA93EA93EF93FF93ED81FE81108162
:10D65C00FF91EF911083EF93FF93EB81FC8110818D
:10D66C00FF91EF911A9310810881011738F1EAE1CB
:10D67C00FDE21C2D00E10E94BDE1012F1127E00FFE
:10D68C00F11F1081112309F01FEF1F93E2E2FDE25D
:10D69C001127EC0DF11F10810885011710E009F41A
:10D6AC001FEF0F91102319F01FEF1B8307C0E981A7
:10D6BC00FA811081139510831123B1F623961881EA
:10D6CC00112309F444C0EB81FC81C082ECE0F0E052
:10D6DC00FA93EA93EF93FF93EB81FC811081FF9116
:10D6EC00EF911083EF93FF93ED81FE811081FF91F9
:10D6FC00EF911A9310810881011709F020F5EAE1E6
:10D70C00FDE21C2D00E10E94BDE1012F1127E00F6D
:10D71C00F11F1081112309F01FEF1F93E2E2FDE2CC
:10D72C001127EC0DF11F10810885011710E009F489
:10D73C001FEF0F91102339F4E981FA8110811A95AA
:10D74C0010831F3FC1F62396E981FA81C0821881AC
:10D75C0008952597E0E8F9E30D811127E00FF11FFB
:10D76C0010811B83EEE8F9E30D811127E00FF11F07
:10D77C0010811A8310E01C8311E01983ECE0F0E0B7
:10D78C00FA93EA931D8110831C811A9310810881EE
:10D79C000117D0F0E0E2F9E31127EC0DF11F108135
:10D7AC00112309F01FEF1B83112321F07C811F81B2
:10D7BC00170F1F831C81110F1C83E981FA811081C3
:10D7CC0013951083112319F723961C810895219723
:10D7DC001981112339F010910F06112309F01FEF55
:10D7EC00107801C010EC1883ECE0F0E0FA93EA93A7
:10D7FC0010E010831D811A9310810881011790F09D
:10D80C00E0E6F8E30F811C2D100F012F1127E00F1C
:10D81C00F11F10E01083E981FA81108113951083B8
:10D82C00112359F72396E0E6F8E31C810A81010FD6
:10D83C001127E00FF11F1881108308952197ECE94F
:10D84C00F9E309811127E00FF11F10811883ECE037
:10D85C00F0E0FA93EA930D8100831C81100F1A9368
:10D86C0010810881011770F0E0E6F8E31127EC0D48
:10D87C00F11F10E01083E981FA8110811395108358
:10D88C00112379F7239608811A81011708F051F4B6
:10D89C00E0E6F8E31B810881010F1127E00FF11F6F
:10D8AC0010EC108308952197ECEAF9E30981112714
:10D8BC00E00FF11F10811883ECE0F0E0FA93EA938B
:10D8CC000D8100831C81100F1A93108108810117A0
:10D8DC0070F0E0E6F8E31127EC0DF11F10E0108377
:10D8EC00E981FA81108113951083112379F723961E
:10D8FC0008811A81011708F051F4E0E6F8E31B8166
:10D90C000881010F1127E00FF11F10EC108308950F
:10D91C0021971981112339F010910F06112309F069
:10D92C001FEF107801C010EC1883ECE0F0E0FA93D4
:10D93C00EA9310E010831D811A931081088101175E
:10D94C0028F1FE013596DF011C2D0E945DE41123A8
:10D95C0059F0E0E6F8E30F811C2D100F012F112771
:10D96C00E00FF11F1B810AC0E0E6F8E30F811C2DCC
:10D97C00100F012F1127E00FF11F10E01083E98128
:10D98C00FA811081139510831123C1F62396089503
:10D99C00249710E018831E3008F0D8C0E0E8F9E3B3
:10D9AC0008811127E00FF11F10811B83103608F03E
:10D9BC00C7C0EEE8F9E308811127E00FF11F1081D1
:10D9CC000B81101B1A831881103079F4CF93DF93DD
:10D9DC001B811A931B811A9310911A301A93109170
:10D9EC001406112389F11FEF2FC01130A9F4CF9326
:10D9FC00DF931B811A931B811A9310911B301A937E
:10DA0C0010911506112309F01FEF1F931091283860
:10DA1C001123C1F01FEF16C01230C9F4CF93DF935E
:10DA2C001B811A931B811A9310911C301A9310911D
:10DA3C001606112309F01FEF1F931091293811239B
:10DA4C0009F01FEF0F91102B1A93C1DE62C0133037
:10DA5C0079F4CF93DF931B811A931B811A93109146
:10DA6C001D301A9310911706112371F31FEFECCF91
:10DA7C001C3049F41B811A931B811A931091173097
:10DA8C001A93DCDE0AC01D3051F41B811A931B81E2
:10DA9C001A93109118301A9306DF249651C0143043
:10DAAC0079F4CF93DF931B811A931B811A931091F6
:10DABC001A301A9310911406112349F11FEF27C045
:10DACC00153021F0183011F0193079F4CF93DF9321
:10DADC001B811A931B811A9310911B301A9310916E
:10DAEC0015061123A1F01FEF12C0163011F01A30D9
:10DAFC0099F4CF93DF931B811A931B811A93109186
:10DB0C001C301A9310911606112309F01FEF1A936B
:10DB1C00FFDEDF91CF9114C0173091F4CF93DF93D8
:10DB2C001B811A931B811A9310911D301A9310911B
:10DB3C001706112309F01FEF1A93EADEDF91CF913C
:10DB4C00188113951883112309F025CF10912B38C8
:10DB5C00112309F01FEF112371F0E0E6F8E30091B7
:10DB6C002D381127E00FF11F10912838112309F0DF
:10DB7C001FEF107C108310912C38112309F01FEF2C
:10DB8C00112371F0E0E6F8E300912E381127E00F35
:10DB9C00F11F10912938112309F01FEF107C10830D
:10DBAC00089522971A81112319F0E2EEFDE202C0CA
:10DBBC00E2E2FDE20B811127E00FF11F10811883C7
:10DBCC001036C0F4EEE8FFE208811127E00FF11FD8
:10DBDC001081112309F01FEF107C19831A81109505
:10DBEC00B1F0E0E6F8E30B811127E00FF11F19818A
:10DBFC0010830DC01A81112311F010E007C0E0E66C
:10DC0C00F8E30B811127E00FF11F108119831981A3
:10DC1C00103010E009F01FEF1F931881103410E042
:10DC2C0008F01FEF0F91102B09F47DC018811030F4
:10DC3C0091F41091F607112309F01FEF112351F005
:10DC4C0010910F06112309F01FEF112309F04AC0A0
:10DC5C0010E0198368C01130A8F0133009F090F46B
:10DC6C001091F607112309F01FEF1F9310918E2FBF
:10DC7C00112309F01FEF10950F91102B11F010E8E4
:10DC8C00198351C0163051F410911006112309F06C
:10DC9C001FEF112311F010E8198345C01C3469F4EF
:10DCAC0010919930103819F110F110910F061123C1
:10DCBC0009F01FEF1123C9F015C01D34D1F41091D8
:10DCCC0099301A9311E01A931FE71A930E94D8E324
:10DCDC002396112361F010910F06112309F01FEF09
:10DCEC00112319F010E819831EC010E4FCCF10E0CA
:10DCFC00FACF1A35C1F410911206103011F410E05D
:10DD0C0003C0113019F410E419830DC0123059F40A
:10DD1C0010910F06112309F01FEF112311F010E8D9
:10DD2C0001C010E41983198108952B9731DE2496D4
:10DD3C001B85105A188700E010E020E030E03E838D
:10DD4C002D831C830B83E89477F8488516E1312FDB
:10DD5C00E89460F8FE013396A4E0B0E050E00E9435
:10DD6C00C2DA1B8500E10E94B9E1198710E01A871D
:10DD7C001031F0F419851A9310E01A9312DF2496DF
:10DD8C001F833E812D811C810B81E2E00E9418E3F0
:10DD9C002D831C830B831F81132B1E83FE0139964D
:10DDAC001985139519871A8513951A87112301F76D
:10DDBC001B85103010E009F41FEF1F930091033105
:10DDCC001FEF00FF11270F9110231F931B8511309C
:10DDDC0010E009F41FEF1F93009103311FEF01FFB7
:10DDEC0011270F9110230F91102B1883112321F160
:10DDFC00E89477F8488510E0312FE89460F8A0E0BB
:10DE0C00B0E050E00E94C2DA1885412FFE01319635
:10DE1C00A1E0B0E00E94B4DAE89477F8488511E00C
:10DE2C00312FE89460F8A0E0B0E00E94C2DA1885C7
:10DE3C00412FFE0132962FC00D811E811A8309835A
:10DE4C000B811C811E830D8309811A811C830B831A
:10DE5C00E89477F8488510E0312FE89460F8A0E05A
:10DE6C00B0E050E00E94C2DA1885412FFE013296D4
:10DE7C00A1E0B0E00E94B4DAE89477F8488511E0AC
:10DE8C00312FE89460F8A0E0B0E00E94C2DA188567
:10DE9C00412FFE013196A1E0B0E00E94B4DAE89483
:10DEAC0077F8488516E1312FE89460F8FE01339637
:10DEBC00A4E0B0E050E00E94C2DA09811A8100951A
:10DECC00109508952497E2E2FDE20C811127E00FF2
:10DEDC00F11F10811B83183608F042C010919D2F42
:10DEEC00112309F01FEF1883E0E6F8E30C811127EA
:10DEFC00E00FF11F1081103010E009F41FEF1983AF
:10DF0C00E0E6F8E30C811127E00FF11F1981107C7A
:10DF1C001083EEE8FFE20B811127E00FF11F19814E
:10DF2C001083EBEFF1E30B811127E00FF11F10E4ED
:10DF3C001083EAE9F8E00B8100581127E00FF11F7C
:10DF4C0010811093060610919D2F112309F01FEFDD
:10DF5C00012F18811095102319F01FEF1093130641
:10DF6C0008952397E2E2FDE20C811127E00FF11FE7
:10DF7C0010811A8310E018831A811837D1F40E948B
:10DF8C00B15D10E01A930E94D45D2196AEE0BFE221
:10DF9C0010E0E0E1F0E031960000319711F01D93B4
:10DFAC00FCCFEBE7F1E310E410831FEF109328385C
:10DFBC00F5C01937D1F40E94BA5D10E01A930E9493
:10DFCC00D45D2196AEE1BFE210E0E0E1F0E03196E5
:10DFDC000000319711F01D93FCCFEBE8F1E310E456
:10DFEC0010831FEF10932938D9C01A811A9314E6A5
:10DFFC001A9317E61A930E94D8E32396012F1A81DD
:10E00C001A9310E71A9311E71A930E94D8E32396F8
:10E01C00102B09F4C3C0E0E8F9E30A810456112778
:10E02C00E00FF11F008109831C81011710F009F02A
:10E03C00B5C00C811981011B0A9310E01A931FE0E3
:10E04C001A930E94CEE3239618831A811436D9F4BE
:10E05C00188110931A301B81112389F01FEF109334
:10E06C001806CF93DF93EAE1F0E3FA93EA930E9468
:10E07C004D63DF91CF91CF93DF9313E462C010E433
:10E08C001093873289C01536C1F4188110931B3058
:10E09C001B81112359F00E941466CF93DF9315E571
:10E0AC001A930E94AB36DF91CF9103C010E410930A
:10E0BC00883210E0109328386FC01636C1F41881DE
:10E0CC0010931C301B81112359F00E945B66CF9377
:10E0DC00DF931CE41A930E94AB36DF91CF9103C0FF
:10E0EC0010E41093893210E01093293855C017367C
:10E0FC0081F4188110931D301B81112331F00E9483
:10E10C00A266CF93DF9310E51CC010E410938A3203
:10E11C0043C0103701F5E7E5FBE008811127E00F5C
:10E12C00F11F0E94F0DC109317301B81112379F042
:10E13C00109117301A930E94E35F2196CF93DF93CF
:10E14C001FE41A930E94AB36DF91CF9125C010E4E7
:10E15C001093843221C01137F9F4E7E6FBE0088113
:10E16C001127E00FF11F0E94F0DC109318301B8177
:10E17C00112379F0109118301A930E942A5F21967E
:10E18C00CF93DF9312E51A930E94AB36DF91CF91B8
:10E19C0003C010E410938532FBDB2496089521977D
:10E1AC001B8114561A93D5DA2696188310912738AA
:10E1BC00112309F01FEF10951F93EAE1F0E30A8198
:10E1CC001127E00FF11F00811881011710E009F4ED
:10E1DC001FEF0F91102339F0EAE1F0E30A811127C8
:10E1EC00E00FF11F07C0EAE1F0E30A811127E00F0D
:10E1FC00F11F18811083E7E8F2E30A811127E00F81
:10E20C00F11F10E41083C4DB249608952297E2E2F8
:10E21C00FDE20A811127E00FF11F108119831836D6
:10E22C0068F01B3609F050F419811A931A811856AC
:10E23C001A931D811A93B3DF249657C01C3681F4B0
:10E24C0019811A9311E01A931D811A93A8DF249651
:10E25C0010911B3010931C3010E41093893245C080
:10E26C001D3691F419811A9311E01A931D811A939A
:10E27C0096DF249610911B3010931C3010E41093F1
:10E28C00893210911B300CC01E3681F419811A93FF
:10E29C0012E01A931D811A9382DF249610911C3080
:10E2AC0010931D3010E410938A321FC0183771F48C
:10E2BC0010912738112309F01FEF1123B1F010E44E
:10E2CC001093883210E0109328380FC0193769F476
:10E2DC0010912738112309F01FEF112331F010E4AE
:10E2EC001093893210E01093293810E010932538E0
:10E2FC0010E01093273808952297E2E2FDE20B819B
:10E30C001127E00FF11F108119831036D8F51091E9
:10E31C009D2F112309F01FEF1883E0E6F8E30B8122
:10E32C001127E00FF11F1A81107C1083EEE8FFE239
:10E33C0009811127E00FF11F1A811083EBEFF1E334
:10E34C0009811127E00FF11F10E4108300910331B4
:10E35C0007FF0AC0EAE9F8E0098100581127E00F2D
:10E36C00F11F10811093060610919D2F112309F0B7
:10E37C001FEF012F188110951023D9F01FEF109368
:10E38C00130617C00A8119811A9314E61A9317E61B
:10E39C001A930E94D8E32396102359F0CF93DF935E
:10E3AC001C811A931C811A9310E01A93DADDDF9109
:10E3BC00CF9108952997E2E2FDE209851127E00F3C
:10E3CC00F11F1081188711270091253874E6071763
:10E3DC0020F40395009325381FEF109509F4C7C05E
:10E3EC0018851836B9F41FEF1093180614E01A9319
:10E3FC00B0D9269610931A30CF93DF93EAE1F0E36D
:10E40C00FA93EA930E944D63DF91CF91CF93DF9300
:10E41C0013E467C01936A9F415E01A939AD9269615
:10E42C0010931B300E941466CF93DF9315E51A935B
:10E43C000E94AB36DF91CF9110911B301093783145
:10E44C0055C01A3649F416E01A9383D926961093C0
:10E45C001C300E945B665CC01B36A9F417E01A9353
:10E46C0078D9269610931D300E94A266CF93DF9325
:10E47C0010E51A930E94AB36DF91CF9110911D30AD
:10E48C0010937A3133C0183719F40E94146626C0E1
:10E49C001C3681F418E01A935CD9269610931B3025
:10E4AC0010931C300E9414660E945B66CF93DF931E
:10E4BC0015E531C01D36F1F419E01A934AD92696A8
:10E4CC0010931B3010931C3010911B3010931D3087
:10E4DC000E9414660E945B660E94A266CF93DF9333
:10E4EC0015E51A930E94AB36DF91CF911FEF109375
:10E4FC0027383DC01E36C9F41AE01A932AD926963D
:10E50C0010931C3010931D300E945B660E94A26613
:10E51C00CF93DF931CE41A930E94AB36DF91CF911B
:10E52C0010911C3010937931E1CF193731F40E94DE
:10E53C005B66CF93DF931CE4D4CF153651F01636BF
:10E54C0041F0173631F0143621F0103711F0113735
:10E55C0071F4CF93DF931A851A931A851A931FEFD0
:10E56C001A93FFDCDF91CF911FEF10932738109196
:10E57C002738112309F01FEF112309F452C01A8513
:10E58C00105A1C83EEE0F0E0FA93EA9310E010834B
:10E59C0012E01A93108108810117D8F105E515E5F1
:10E5AC0025E535E53E832D831C830B83E89477F8B2
:10E5BC004F8116E1312FE89460F8FE013396A4E008
:10E5CC00B0E050E00E94C2DA10E004E60E94A7DC42
:10E5DC0000E010E020E030E03E832D831C830B83B1
:10E5EC00E89477F84F8116E1312FE89460F8FE013A
:10E5FC003396A4E0B0E050E00E94C2DA10E004E6EA
:10E60C000E94A7DCE981FA811081139510831123F4
:10E61C0011F6239611E000E90E94A7DC10E010939C
:10E62C00253808952C971D851A937FDB2C961B8714
:10E63C000A87E5E1F8E30D851127000F111FE00FA4
:10E64C00F11F019110811987088710E01983188335
:10E65C000A851B85103009F4003010E009F01FEF1B
:10E66C001F93288539851B850A85131709F4021712
:10E67C0010E009F01FEF0F91102B012F1C85102BB0
:10E68C0009F48DC01D8500E10E94B9E11B8310E0E7
:10E69C001C83103108F077C0FE013A96DF011C8113
:10E6AC000E945FE41E83E0ECF8E30B811127E00F7E
:10E6BC00F11F1081112309F01FEF1D83E2E8FDE229
:10E6CC000B811127E00FF11F1081112309F01FEFAF
:10E6DC001123B1F00E811D81011710E009F01FEF1D
:10E6EC00012F1C85102B59F0CF93DF931D851A93A6
:10E6FC001C811A9318851A93FFDDDF91CF9132C0DC
:10E70C001E811123E9F01FEF1983E0E2F9E30B817D
:10E71C001127E00FF11F1FEF10831D81109531F0B1
:10E72C001D851A931C811A93CDDB2696CF93DF930C
:10E73C001D851A931C811A933DDEDF91CF9112C077
:10E74C001D81112379F0CF93DF931D851A931C81C2
:10E75C001A9310E01A9305DCDF91CF911B811A8379
:10E76C001FEF1883E0ECF8E30B811127E00FF11F8A
:10E77C001E8110831B8113951B831C8113951C8395
:10E78C00112309F086CFE5E1F8E30D851127000F81
:10E79C00111FE00FF11F0A851B850193108309815E
:10E7AC0000951881102389F01D851A931B811A93EB
:10E7BC002DDD2496A0E2B9E310E0E0E6F0E031961E
:10E7CC000000319711F01D93FCCF0895219710E0B4
:10E7DC0018831630D0F4EAE1FDE208811127E00F2E
:10E7EC00F11F1081112309F01FEF112349F0CF9372
:10E7FC00DF9318811A931FEF1A9314DFDF91CF91D7
:10E80C00188113951883112321F70895EAE1FDE28D
:10E81C0008811127E00FF11F1081112309F01FEF60
:10E82C00112349F0CF93DF9318811A9310E01A93B8
:10E83C00F9DEDF91CF91089500911A3018810117FC
:10E84C0079F410910706103019F411E010930406B6
:10E85C0010910706113050F010E01093040606C01A
:10E86C00188110931A3010E41093873210E0109333
:10E87C002F3810E01093EA2F1093EB2F0895188186
:10E88C00123069F4CF93DF9318E0612A0AE21BED92
:10E89C001A930A93EDE0FDEC0E949BDE12C0CF931D
:10E8AC00DF9318E0612A0AE21BED1A930A93E2E265
:10E8BC00FDEC0E949BDE1A81105D689463F80E9447
:10E8CC0069E1DF91CF91CF93DF9318E0612A0AE2DF
:10E8DC001BED1A930A93E8E3FDEC0E949BDE1DE00E
:10E8EC000E9469E11AE00E9469E1DF91CF910895DD
:10E8FC00249710E010932838109329381FEF1093A9
:10E90C002D3810932E3810E010932B3810932C3890
:10E91C00ACE9B9E31FEFE0E1F0E03196000031978C
:10E92C0011F01D93FCCF10E01B831FE51A8310E739
:10E93C001A93FE013496FA93EA93FE013596FA93F4
:10E94C00EA930E94226B2696112341F1ECE0F0E051
:10E95C00FA93EA9310E010831C810D81101B1A931B
:10E96C00108108810117C8F0E7E5FBE01127EC0DD9
:10E97C00F11F0E94F0DCE12E1E2D1F3008F031F447
:10E98C00ECE9F9E31127EE0DF11FC082E981FA8160
:10E99C00108113951083112321F72396ACEAB9E368
:10E9AC001FEFE0E1F0E031960000319711F01D937C
:10E9BC00FCCF10E01B831FE51A8311E71A93FE01AD
:10E9CC003496FA93EA93FE013596FA93EA930E94F1
:10E9DC00226B2696112341F1ECE0F0E0FA93EA93D6
:10E9EC0010E010831C810D81101B1A93108108817B
:10E9FC000117C8F0E7E6FBE01127EC0DF11F0E94B0
:10EA0C00F0DCE12E1E2D1F3008F031F4ECEAF9E3B6
:10EA1C001127EE0DF11FC082E981FA811081139547
:10EA2C001083112321F72396A0E8B9E31FEFEEE042
:10EA3C00F0E031960000319711F01D93FCCFAEE859
:10EA4C00B9E31FEFEEE0F0E031960000319711F0E2
:10EA5C001D93FCCF10E019831E3048F510E01B838A
:10EA6C001FE51A8319811C591A93FE013496FA93E7
:10EA7C00EA93FE013596FA93EA930E94226B26964E
:10EA8C00112381F0E0E8F9E309811127E00FF11F70
:10EA9C001B811083EEE8F9E309811127E00FF11FC8
:10EAAC001A8110831981139519831123A9F610E08B
:10EABC0010932D381FE51A8318E71A93EDE2F8E34B
:10EACC00FA93EA93FE013596FA93EA930E94226B2D
:10EADC00269610932B38112309F01FEF112349F0C0
:10EAEC00E2E8FDE200912D381127E00FF11F10E054
:10EAFC00108310E010932E381FE51A8319E71A9330
:10EB0C00EEE2F8E3FA93EA93FE013596FA93EA9370
:10EB1C000E94226B269610932C38112309F01FEFBC
:10EB2C00112349F0E2E8FDE200912E381127E00FA5
:10EB3C00F11F10E01083CF93DF9348DEDF91CF916C
:10EB4C0010E01093253810E0109327380895229781
:10EB5C0010910D2F112309F01FEF112301F148E340
:10EB6C0030E00E9428DA1095198313701883FE0187
:10EB7C003196DF010C9102FF02C013E012C0FE01BE
:10EB8C003196DF010C9103FF02C014E00AC0FE01B4
:10EB9C003196DF010C9104FF05C015E002C0109105
:10EBAC001630188318810895219710910D2F112379
:10EBBC0009F01FEF1123C1F0CADF22961883012F31
:10EBCC001091092F011781F018811093092F1093C0
:10EBDC00163010E41093833210E01093FF300E9433
:10EBEC008F291DE010930606089517E60E94ABDAF4
:10EBFC001093212DECE0F0E0FA93EA9310E01083EF
:10EC0C001FE51A9310810881011728F1EBE2F8E057
:10EC1C001127EC0DF11F0E94F0DCE12EE2E2FDE287
:10EC2C001127EC0DF11FE082E2E8FDE21127EC0D5B
:10EC3C00F11FEF93FF93E7EDFAE0EC0DF11F0E944B
:10EC4C00F0DCFF91EF911083E981FA81108113952B
:10EC5C0010831123C1F62396ECE0F0E0FA93EA93CB
:10EC6C0010E010831FE11A93108108810117B8F08E
:10EC7C00E2EEFDE21127EC0DF11FEF93FF93E7E3BA
:10EC8C00FBE0EC0DF11F0E94F0DCFF91EF91108383
:10EC9C00E981FA81108113951083112331F72396A2
:10ECAC00ECE0F0E0FA93EA9310E0108315E01A938D
:10ECBC00108108810117D0F01C2D105A0E94ABDA7C
:10ECCC00112369F0EAE1FDE21127EC0DF11F1FEFB2
:10ECDC001083CF93DF93CA92D2DDDF91CF91E9817C
:10ECEC00FA81108113951083112319F72396109133
:10ECFC00212D112309F01FEF1123A1F0CF93DF93E6
:10ED0C0018E0612A0AE21BED1A930A93EFE3FDEC7B
:10ED1C000E949BDE1DE00E9469E11AE00E9469E1FD
:10ED2C00DF91CF910E94BE302196A0E4B8E310E0B1
:10ED3C00E0E1F0E031960000319711F01D93FCCF2B
:10ED4C00A0E3B8E310E0E0E1F0E031960000319789
:10ED5C0011F01D93FCCFE0E6B8E3AE2F10E0F0E02D
:10ED6C0031960000319711F01D93FCCFA0ECB8E365
:10ED7C0010E0E0E6F0E031960000319711F01D93C1
:10ED8C00FCCFCF93DF93B4DDDF91CF9110910D2F9A
:10ED9C00112309F01FEF112351F01091FF301030A7
:10EDAC0011F41FEF02C0D3DE22961093092FCF93DC
:10EDBC00DF930CDDDF91CF910895EEECFFE2EF9342
:10EDCC00FF933196FA93EA931FE01A9317EF61229F
:10EDDC001FEB6122EEE0F1E30E94A7DE1FE0088149
:10EDEC00101BFF91EF911083239610915C0712304A
:10EDFC0061F414E008EA1A930A9310E000E11A9304
:10EE0C000A930E942F4026960DC0143011F0133037
:10EE1C0049F414E008EA1A930A9310E11A930E9439
:10EE2C00D92E2B96AEECBFE210E0E0E1F0E031968B
:10EE3C000000319711F01D93FCCF089525970E819A
:10EE4C001F81113009F40F3E11F008F00BC10E8137
:10EE5C001F8108511C4F1C830B83EEE0FFE20E81D7
:10EE6C001F81E00FF11F10811883EAE9F8E00E8191
:10EE7C001F81E00FF11F11911A831D81183091F43D
:10EE8C0010915C07133069F40B811C811A930A935F
:10EE9C001A811A930E944A2F279610E005E00E94CF
:10EEAC00A7DCD9C0143029F0103419F0103809F04F
:10EEBC00AFC010915C07103009F078C01091803011
:10EECC00113009F081C00E811F81689462F8A0E0B6
:10EEDC00B0E05FEF0E94B3E35523BAF4A8E0B0E0D2
:10EEEC0055270E94B3E3552382F0EE801E2D09E0D6
:10EEFC000E94B9E11F9318810FE00E94BDE10F91B0
:10EF0C00100F198310E000ED21C0689462F8A0E1A5
:10EF1C00B0E05FEF0E94B3E3552312F5A8E1B0E037
:10EF2C0055270E94B3E35523DAF01E811051E12ED0
:10EF3C001E2D09E00E94B9E11F9318810FE00E9479
:10EF4C00BDE10F91100F198310E001ED1F830E83AB
:10EF5C001A930A931B811A930E94DA3E29967BC05E
:10EF6C00113091F5083081F510911630169500E2AC
:10EF7C000E94B9E1105EE12E10E003ED1F830E83B9
:10EF8C001A930A93EA920E94DA3E2996009116305F
:10EF9C0000FF03C01FE7E12E01C0EE2410E007EDD7
:10EFAC001F830E831A930A93EA92D6CF143051F42E
:10EFBC000B811C811A930A931A811A930E944A2F6F
:10EFCC00279602C0113031F40E811F811A930A93D7
:10EFDC001A81C1CF123061F40B811C811A930A93F0
:10EFEC000A8111271A930A930E94194024960BC088
:10EFFC00133089F50B811C811A930A931A811A9389
:10F00C000E944A2F279610E005E00E94A7DC23C03F
:10F01C00103109F510915C07123061F40B811C81E1
:10F02C001A930A930A8111271A930A930E94194082
:10F03C00249611C0143011F0133051F40B811C8143
:10F04C001A930A931A811A930E944A2F279603C087
:10F05C001A81109306061D81123021F018F01FEF53
:10F06C0010930306089524970D81112719830883A3
:10F07C000C8111271B830A83005410401B830A83C5
:10F08C001D81103428F4A881B981AF93BF930BC0B4
:10F09C00088119810F931F93019509F41A95109506
:10F0AC0001581F4FD8010A811B81689465F80E9492
:10F0BC00CCE1D80120E430E0689465F80E94EEE1E0
:10F0CC003F912F91020F131F19830883102F08955E
:10F0DC000E94BE30219608950E94C74ECF93DF93B5
:10F0EC00B1D0DF91CF910E94B94B2296CF93DF9391
:10F0FC00D4D2DF91CF9108950E94C74E08950E94FB
:10F10C001954239608950E94EA4D08950E948C4F3D
:10F11C002396089510E010931D3A0E9430471091E9
:10F12C000706113019F41FEF10930306089510E031
:10F13C0010931E3A0E94B94B22961091070612307A
:10F14C0019F41FEF10930306089510E01093203A62
:10F15C000E94104D10910706133019F41FEF1093F5
:10F16C000306089510E010931F3ACF93DF93EDDF61
:10F17C00DF91CF91089510E01093233A0E94FD483F
:10F18C0022960E9430470E94A94927960E94B94BAB
:10F19C0022960895E1E0FAE310E010830E94F14F0B
:10F1AC002196109196301A930E94C45222960E9476
:10F1BC005850219608950E94C651249608950E9495
:10F1CC0043562296089522970E948F290E944356F7
:10F1DC00229608950895EAEFF9E310E011930E9446
:10F1EC00904208950E94904208950E949042089582
:10F1FC00229710E000E819830883D801B03009F495
:10F20C00A33809F088F4088119811A930A9310E441
:10F21C001A9314DE2896A881B9811196A883B98314
:10F22C00BB2361F7AA2351F7CF93DF930BD0DF9168
:10F23C00CF910895CF93DF9305D0DF91CF910E94AA
:10F24C00D54808950E94F2470E94A94927960E942A
:10F25C0030470895E4E0FAE310E011930E94C74EA2
:10F26C00CF93DF93EFDFDF91CF910E94B94B2296C2
:10F27C00CF93DF9312D2DF91CF910895089510E0D0
:10F28C001093073A0E94444D2196CF93DF9305D2F9
:10F29C00DF91CF91089521971091952F112309F0AB
:10F2AC001FEF1F931091942F112309F01FEF0F9153
:10F2BC00102318831F9348E331E00E9428DA0F9142
:10F2CC00002311F0106801C01F7748E331E00E9461
:10F2DC0020DA18811F9349E30E9428DA0F9100234A
:10F2EC0011F0186001C0177F49E331E00E9420DA69
:10F2FC001091942F112309F01FEF1F931091952F4C
:10F30C00112309F01FEF10950F91102318831F93F1
:10F31C0048E331E00E9428DA0F91002311F01064C9
:10F32C0001C01F7B48E331E00E9420DA18811F9353
:10F33C0049E30E9428DA0F91002311F0146001C0F8
:10F34C001B7F49E331E00E9420DA0E94634108955B
:10F35C0010E01093163ACF93DF93109180301A93EC
:10F36C000E948C2CDF91CF910E942C3E089510E0CE
:10F37C0010931A3AECE0F0E0FA93EA9310E0108361
:10F38C0017E51A93108108810117E8F0E3E1F7E320
:10F39C001127EC0DF11FE0801E2D153529F01037CB
:10F3AC0019F0133709F0163739F4E3E9F6E31127AE
:10F3BC00EC0DF11F1FEF1083E981FA811081139579
:10F3CC001083112301F723963ED22196CF93DF931E
:10F3DC0064D1DF91CF91089510E010930C3A009115
:10F3EC008330000F000F000F000FD0907E30D02A1A
:10F3FC0015E30FE71A930A93DA920E94F33F2396D0
:10F40C00CF93DF934AD1DF91CF911FEF1093F00789
:10F41C00089509811A81005B1A4C1A930A931A8178
:10F42C001A930E94F33F239609811A8100591A4CB2
:10F43C001A930A931FE71A930E94F33F2396109195
:10F44C00EC39112309F01FEF1095F1F0EEE5F7E020
:10F45C0009811A81E00FF11FEF93FF93EEE5F7E0BE
:10F46C00E00FF11F1081112309F01FEF1F93109172
:10F47C005C07113009F0133010E009F41FEF0F9105
:10F48C00102BFF91EF911083089510E000E01A9378
:10F49C000A931091EE2F1A93BCDF2396089510E077
:10F4AC0004E01A930A931091F12F1A93B2DF23966A
:10F4BC00089510E010930F3A15E300E31A930A93A2
:10F4CC001091F02F1A930E94F33F239615E300E658
:10F4DC001A930A931091EF2F1A930E94F33F2396DD
:10F4EC0010910108112309F01FEF1123E1F015E32E
:10F4FC0004E21A930A931091F42F175C1A930E944A
:10F50C00F33F239615E304E31A930A931091F32F18
:10F51C001A930E94F33F239615E304E61A930A9379
:10F52C001091F22F05C015E304E61A930A9310E02C
:10F53C001A930E94F33F2396089510E001E01A936A
:10F54C000A931091F62F1A9364DF2396089510E016
:10F55C0005E01A930A931091F92F1A935ADF239608
:10F56C00089510E010930D3A15E301E31A930A93F2
:10F57C001091F82F1A930E94F33F239615E301E69E
:10F58C001A930A931091F72F1A930E94F33F239624
:10F59C0010910108112309F01FEF1123E1F015E37D
:10F5AC0005E21A930A931091FC2F175C1A930E9490
:10F5BC00F33F239615E305E31A930A931091FB2F5F
:10F5CC001A930E94F33F239615E305E61A930A93C8
:10F5DC001091FA2F05C015E305E61A930A9310E073
:10F5EC001A930E94F33F2396089510E002E01A93B9
:10F5FC000A931091FE2F1A930CDF2396089510E0B6
:10F60C0006E01A930A93109101301A9302DF2396A5
:10F61C00089510E010930E3A15E302E31A930A933F
:10F62C00109100301A930E94F33F239615E302E6E3
:10F63C001A930A931091FF2F1A930E94F33F23966B
:10F64C0010910108112309F01FEF1123E1F015E3CC
:10F65C0006E21A930A9310910430175C1A930E94D5
:10F66C00F33F239615E306E31A930A9310910330A4
:10F67C001A930E94F33F239615E306E61A930A9316
:10F68C001091023005C015E306E61A930A9310E0B8
:10F69C001A930E94F33F23960895ECE1FAE310E0ED
:10F6AC001083109123311A9314EB1A930E94BF21EB
:10F6BC0022961091962F112309F01FEF112319F0A8
:10F6CC0010E01A9337C010915F2F1A9314E61A9317
:10F6DC001FE71A930E9489DC2396155ED12EDA92CD
:10F6EC0015E41A930E94F82122960091033102FF2F
:10F6FC0018C010915F2F1A9310E01A9311E21A930D
:10F70C000E94CEE3239604E00E94B9E100EF011BB6
:10F71C000F9310915F2F05E00E94BDE1DF90D11A8D
:10F72C0008C010915F2F03E00E94BDE106EE011BA3
:10F73C00D02EDA9216E41A930E94BF212296CF9310
:10F74C00DF931CD1DF91CF911091F830169516955F
:10F75C00105AD12E15E309E01A930A93DA920E94FB
:10F76C00F33F239615E302E11A930A931FE71A93CA
:10F77C000E94F33F23961091632F1A9310918D2FB3
:10F78C001A9371DC2696D12E10919B30112309F01F
:10F79C001FEF112399F01091602F1A9312E21A9314
:10F7AC0016E91A930E94DA212396DA9215E21A933B
:10F7BC0016E91A930E94DA2123960EC010E01A93D0
:10F7CC0012E21A930E94BF21229610E01A9315E2BE
:10F7DC001A930E94BF21229610919C30112309F09C
:10F7EC001FEF112359F01091612F1A9313E21A9302
:10F7FC0016E91A930E94DA21239607C010E01A9397
:10F80C0013E21A930E94BF2122961091833007E0D5
:10F81C0010271A931EE01A930E94BF212296109172
:10F82C008E30103029F40091682F1FEF101B01C08F
:10F83C001FEF1A9315E51A930E94BF2122961FEF12
:10F84C001093F00708952197EBE1FAE310E0108391
:10F85C00CF93DF9315E30DE11A930A931091872F41
:10F86C00112309F01FEF1A930E94F33FDF91CF9100
:10F87C0010917E2F1A9310918A2F1A93F4DB2696EF
:10F88C00188315E304E11A930A931A811A930E94C0
:10F89C00F33F239615E305E11A930A9310917F2FFA
:10F8AC001A930E94F33F23961091812F1A93109173
:10F8BC008B2F1A93D8DB2696188315E307E11A933E
:10F8CC000A931A811A930E94F33F239615E308E1D9
:10F8DC001A930A931091822F1A930E94F33F239646
:10F8EC0015E309E11A930A931091832F16951A9335
:10F8FC000E94F33F23961091842F1A9310918C2F12
:10F90C001A93B1DB2696188315E30AE11A930A932E
:10F91C001A811A930E94F33F239615E30BE11A9375
:10F92C000A931091852F1A930E94F33F23961091FE
:10F93C00872F112309F01FEF1123B1F015E306E116
:10F94C001A930A931091802F16951A930E94F33FE5
:10F95C00239615E30CE11A930A931091862F1695B2
:10F96C001A930E94F33F23961091DA301A93109158
:10F97C00DB301A930E947B502696089515E300E124
:10F98C001A930A9310915E2F1A930E94F33F2396B9
:10F99C0010915E2F1A931091F9301A931FE71A9356
:10F9AC000E9489DC2396D12EEEE1F1ED1127ED0DAD
:10F9BC00F11F11E01BBF06911127000F111F0093BF
:10F9CC002B3A10932C3A089560970091273A109196
:10F9DC00283AAFE0B0E0E89465F80E94CCE19801D9
:10F9EC0000912B3A10912C3A000F111F000F111F90
:10F9FC00000F111F020F131FD80120E130E0E89413
:10FA0C0065F80E94EEE10093273A1093283A169578
:10FA1C00079516950795169507950093EF39109352
:10FA2C00F03920912F3A3091303A131709F402171C
:10FA3C0079F00091EF391091F03900932F3A10932F
:10FA4C00303A1A930A9318E41A930E9420222396B0
:10FA5C001091F107112309F01FEF112321F00091F0
:10FA6C003F06000F02C00091EF0711270093293ABF
:10FA7C0010932A3A0091253A1091263AA7E0B0E06B
:10FA8C00E89465F80E94CCE10F93312F0091293A4C
:10FA9C0010912A3A24E00E9428E32F91020F131FA1
:10FAAC00D80128E030E0E89465F80E94EEE100937C
:10FABC00253A1093263A24E00E940CE30093EF3988
:10FACC001093F03920912D3A30912E3A131709F4F6
:10FADC00021710E009F01FEF18831123A1F0009119
:10FAEC00EF391091F03900932D3A10932E3A109172
:10FAFC00F107112309F01FEF109529F010912D3A01
:10FB0C0016951093530610912D3A1F871091662F5E
:10FB1C00105818870091970810919808A0E81A2798
:10FB2C00173809F40A3E08F05EC11091F007112352
:10FB3C0009F01FEF0881102B09F4BAC210918E3016
:10FB4C00103009F04EC01091662F105C1A93188972
:10FB5C001A9313EC1A930E9489DC2396E12EEA92F5
:10FB6C000091672F1FEF101B1A931FEF1A930E941F
:10FB7C0089DC23960091672F100F1C871091652F3D
:10FB8C001A931D851A931EEB1A930E9489DC2396F7
:10FB9C00E12E1C8503E00E94BDE1012F1E2D100FEC
:10FBAC001B871C851695105B1A871C851F8310916B
:10FBBC00652F04E00E94BDE11A5FE12EEA9217E581
:10FBCC001A930E94BF21229610E019871C851A9364
:10FBDC001CED1A931FEF1A930E9489DC23961D5D6E
:10FBEC0054C0113051F51F851A9316E91A931FEF63
:10FBFC001A930E9489DC23961A871F851A9315EA9B
:10FC0C001A931FEF1A930E9489DC23961F831F857A
:10FC1C001A9318E71A931FEF1A930E9489DC239604
:10FC2C0019871F851A931CE81A931FEF1A930E94C9
:10FC3C0089DC23961B871DE221C014E11A871F85DE
:10FC4C001A931FE51A931FEF1A930E9489DC2396CF
:10FC5C001F831F851A9311E91A931FEF1A930E94A1
:10FC6C0089DC239619871F851A931EEB1A931FEFB5
:10FC7C001A930E9489DC23961B871FEA1A9317E5B7
:10FC8C001A930E94BF2122961F851A8310919D30D2
:10FC9C00112309F01FEF112309F468C010919C2F58
:10FCAC00112309F01FEF112379F010E01A931DE2D4
:10FCBC001A930E94BF21229610E01A931EE21A9307
:10FCCC000E94BF2122962FC0009103311FEF04FF29
:10FCDC0011271F9310911330103010E009F41FEF0F
:10FCEC000F91102389F01091622F1A931DE21A9331
:10FCFC001EEB1A930E94DA21239610E01A931EE24F
:10FD0C001A930E94BF210EC010E01A931DE21A93A1
:10FD1C000E94BF2122961091622F1A931EE21A9311
:10FD2C000E94D22122961A811A931091622F1A9353
:10FD3C0010E81A930E9489DC23961A8300910331F0
:10FD4C0006FF12C01091622F1A9316E91A9314E64B
:10FD5C001A930E9489DC23961F931A8104E00E9457
:10FD6C00BDE10F91100F1A831A810FC010E01A9386
:10FD7C001DE21A930E94BF21229610E01A931EE2F4
:10FD8C001A930E94BF21229610E01A931FE21A9335
:10FD9C000E94BF2122961A851A9310E51A930E948D
:10FDAC00BF2122961F811A9311E51A930E94BF213D
:10FDBC00229619851A9312E51A930E94BF21229656
:10FDCC001B851A9313E51A930E94BF21229614EBFC
:10FDDC0018871A9314E51A930E94BF21229610E0FB
:10FDEC001093F00765C11091F007112309F01FEF74
:10FDFC000881102B09F45CC11F8516951E87109184
:10FE0C008E30103009F079C01091692F1A9310912F
:10FE1C00672F1A9314E11A930E9489DC23961F937F
:10FE2C00EEE9F2ED0E851127E00FF11F11E01BBF7B
:10FE3C00169103E00E94BDE10F91100F1C83183C3A
:10FE4C0019F010F018EC1C831F85103218F41F8564
:10FE5C0016950AC01F8510511A931FEF1A931FEEA7
:10FE6C001A930E9489DC23961F831091672F0AE056
:10FE7C000E94BDE11D87103081F01D851F931F81ED
:10FE8C001A930E851FEF101B1A931FEF1A930E94E3
:10FE9C0089DC23960F91100F1F8310916A2F1E83FC
:10FEAC0010916B2F1F931A931091652F1A9310E4D6
:10FEBC001A930E9489DC23960F91100F1D831F3F0C
:10FECC001091652F04E00E94BDE11D8700916C2FFD
:10FEDC00100F19831F3319F010F01FE319830D85D0
:10FEEC0010916D2F100F1A931091672F1A9314E124
:10FEFC001A930E9489DC239611C01F851F831091D1
:10FF0C00692F1C8310916A2F1E8310916B2F110F78
:10FF1C001D8310916C2F198310916D2F1B831091E1
:10FF2C009D30112309F01FEF112309F468C01091C3
:10FF3C009C2F112309F01FEF112379F010E01A9375
:10FF4C001DE21A930E94BF21229610E01A931EE222
:10FF5C001A930E94BF2122962FC0009103311FEFEC
:10FF6C0004FF11271F9310911330103010E009F487
:10FF7C001FEF0F91102389F01091622F1A931DE23D
:10FF8C001A931EEB1A930E94DA21239610E01A930F
:10FF9C001EE21A930E94BF210EC010E01A931DE2BC
:10FFAC001A930E94BF2122961091622F1A931EE27F
:10FFBC001A930E94D22122961A811A931091622FC1
:10FFCC001A9310E81A930E9489DC23961A830091E5
:10FFDC00033106FF12C01091622F1A9316E91A937F
:10FFEC0014E61A930E9489DC23961F931A8104E06D
:10FFFC000E94BDE10F91100F1A831A810FC010E0FF
:020000021000EC
:10000C001A931DE21A930E94BF21229610E01A93B4
:10001C001EE21A930E94BF21229610E01A931FE24F
:10002C001A930E94BF2122961C811A9310E51A93F1
:10003C000E94BF2122961F811A9311E51A930E94E8
:10004C00BF2122961B811A9312E51A930E94BF219D
:10005C0022961D811A9313E51A930E94BF212296B2
:10006C0018851A9314E51A930E94BF2122961981C0
:10007C001A9317E51A930E94BF2122961E811A9398
:10008C0018E51A930E94BF2122961091BB2F1123C1
:10009C0009F01FEF112311F011E001C010E01A93C9
:1000AC0019E51A930E94BF21229610E01093F007D5
:1000BC0008952297109123311A9314EB1A930E94EE
:1000CC00BF21229610E010930A3A10912A3119831D
:1000DC001A931BEB1A930E94BF2122961091D730D2
:1000EC001695185D188300914F31100F19831093DA
:1000FC0050311A9311EE1A930E94BF21229600914F
:10010C0051311881100F1983109352311A9313EE39
:10011C001A930E94BF212296009153311881100F1F
:10012C001983109354311A9315EE1A930E94BF2120
:10013C002296009155311881100F19831093563166
:10014C001A9317EE1A930E94BF2122961091D83061
:10015C001034D0F0E5E2F1E310811A930091D8301D
:10016C0010E8101B1A9310E41A930E9489DC239652
:10017C0019831A9316EB1A930E94BF2122961091A1
:10018C0024311A9315EB17C0E4E2F1E310811A93B2
:10019C001091D8301A9310E41A930E9489DC23969C
:1001AC0019831A9315EB1A930E94BF212296109172
:1001BC0025311A9316EB1A930E94BF212296E5E380
:1001CC00F1E310811A931091D6301A9310E81A9318
:1001DC000E9489DC239619831A9316EC1A930E94B9
:1001EC00BF21229619811A9317EC1A930E94BF21F2
:1001FC002296EAE3F1E310811A931091D6301A9308
:10020C0010E81A930E9489DC239619831A931BEC2D
:10021C001A930E94BF2122960895219710E0109303
:10022C0028380E947E2A10910531123048F1109125
:10023C002006112309F01FEF112349F00E94F558F5
:10024C0025960E94615A22960E94F45D43C010913B
:10025C000531123039F410E005E00E94A7DC0E9451
:10026C00F55825960E94B15D10E01A930E94D45D5A
:10027C00219610911B301A930E94CE6421962AC0AD
:10028C0010917831103010E009F41FEF1F9300919A
:10029C00783110910731011710E009F41FEF0F911D
:1002AC00102B188310912006112309F01FEF1095C5
:1002BC0061F01881112311F00E941F6410911B3002
:1002CC001A930E94CE64219605C01881109511F0E6
:1002DC000E94F0630E94F24710E01A9310911B30B9
:1002EC001A930E943441229611E00DE01A930A935E
:1002FC0014E01A930E942477289610915C07123010
:10030C0061F413E008EE1A930A9310E00CE01A93D0
:10031C000A930E942F4026960DC0143011F0133012
:10032C0049F413E008EE1A930A931CE01A930E9406
:10033C00D92E2B961091EC39112309F01FEF109543
:10034C0019F011E01093050610E01093883210910B
:10035C001B301093783110E0109315061FEF10939B
:10036C00140610E0109345060E943047089521971B
:10037C0010E0109329380E947E2A1091053112301A
:10038C0048F110912106112309F01FEF112349F0B8
:10039C000E94F55825960E94615A22960E94FD5D96
:1003AC0043C010910531123039F410E005E00E9481
:1003BC00A7DC0E94F55825960E94BA5D10E01A93AE
:1003CC000E94D45D219610911C301A930E942665D0
:1003DC0021962AC010917931103010E009F41FEFEA
:1003EC001F930091793110910731011710E009F436
:1003FC001FEF0F91102B188310912106112309F078
:10040C001FEF109561F01881112311F00E945764B1
:10041C0010911C301A930E942665219605C01881F4
:10042C00109511F00E94286411E01A9310911C3061
:10043C001A930E943441229611E00EE01A930A930B
:10044C0014E01A930E942477289610915C071230BE
:10045C0061F413E008EF1A930A9310E00CE01A937E
:10046C000A930E942F4026960DC0143011F01330C1
:10047C0049F413E008EF1A930A931CE01A930E94B4
:10048C00D92E2B961091EC39112309F01FEF1095F2
:10049C0019F012E01093050610E0109389321091B8
:1004AC001C301093793110E0109316061FEF109347
:1004BC0014060E94B94B22960895229710911D3074
:1004CC00103010E009F41FEF188310910531123031
:1004DC00A0F01881112319F00E94065E29C010911A
:1004EC001D301A930E947E6521960E94C35D10E018
:1004FC001A930E94D45D21961BC010917A31103052
:10050C0010E009F41FEF19831881109561F019811F
:10051C00112311F00E94BD6410911D301A930E949A
:10052C007E65219605C01981109511F00E946064BA
:10053C0012E01A9310911D301A930E9434412296A6
:10054C0011E00FE01A930A9314E01A930E94247797
:10055C00289610915C071230B9F414E008E01A9355
:10056C000A9310E00CE01A930A930E942F402696EF
:10057C0014E000E31A930A9310E004E01A930A9330
:10058C000E942F40269615C0143011F0133089F4B8
:10059C0014E008E01A930A931CE01A930E94D92ED7
:1005AC002B9614E000E31A930A931A930E94D92E07
:1005BC002B961091EC39112309F01FEF109519F0BF
:1005CC0013E01093050610E010938A3210911D3041
:1005DC0010937A3110E0109317061FEF1093140646
:1005EC000E94104D089521971091A02F112309F00E
:1005FC001FEF1F9310919F2F112309F01FEF0F91E5
:10060C00102311F016E035C01091A02F112309F022
:10061C001FEF1F931091A12F112309F01FEF0F91C2
:10062C00102311F017E025C010919E2F112309F013
:10063C001FEF112311F012E01CC010919F2F1123FA
:10064C0009F01FEF112311F013E013C01091A02F2C
:10065C00112309F01FEF112311F014E00AC01091BF
:10066C00A12F112309F01FEF112311F015E001C088
:10067C0010E018831A930E94A22D21960E941954FF
:10068C002396089510910108112309F01FEF10957E
:10069C0061F0109117301A9310E01A9313E01A932B
:1006AC000E94CEE323961093173010915C07113003
:1006BC0010E009F41FEF1F931091173012301FEF49
:1006CC0010F009F011270F911023F1F010E01093A6
:1006DC008E3014E01093FB3210E010934E2F14E088
:1006EC001093BB3110E010934F2F14E01093BC31DA
:1006FC001FE71093502F14E01093BD3110E41093AA
:10070C00522F14E01093BF3111E009E01A930A93B1
:10071C0014E01A930E942477289611E005E01A93AE
:10072C000A9314E01A930E9424772896109117309C
:10073C001A930E945F5F2B96089510910108112364
:10074C0009F01FEF109561F0109118301A9310E01A
:10075C001A9315E01A930E94CEE323961093183047
:10076C0011E00AE01A930A9314E01A930E9424777A
:10077C002896109118301A930E94E75E22961091D9
:10078C0018301A930E94FB4123960E94504291DC30
:10079C0022960895229710915C07113009F065C0DC
:1007AC0010911330123079F413E01A9312E71A9364
:1007BC0015E01A930E94E640239613E01A9311E772
:1007CC001A9310E030C0133079F413E01A9312E747
:1007DC001A9312E01A930E94E640239613E01A93A0
:1007EC0011E71A9312E01FC0143079F413E01A9336
:1007FC0012E71A9313E01A930E94E640239613E033
:10080C001A9311E71A9313E00EC013E01A9312E730
:10081C001A9315E01A930E94E640239613E01A935C
:10082C0011E71A9315E01A930E94E6402396109153
:10083C008E2F112309F01FEF1F931091AC2F112352
:10084C0009F01FEF0F91102B31F013E01A9310E702
:10085C001A9312E005C013E01A9310E71A9315E0EF
:10086C001A930E94E64023962DC110915C07133019
:10087C0009F028C1CF93DF9318E0612A0AE21BED3F
:10088C001A930A931DE00E9469E11AE00E9469E143
:10089C00DF91CF9110E005E00E94A7DC109113309E
:1008AC00123008F4D0C014E008E119830883D80191
:1008BC00E0E8BE27B43809F4AB3111F008F07DC084
:1008CC00CF93DF9318E0612A0AE21BED1A930A9387
:1008DC00E1E5FDEC0E949BDE0A811B81CF93DF9347
:1008EC001A930A9310E01A9310E01A9310E21A93D9
:1008FC00689463F8689465F8E89474F875F80E9445
:10090C00EAE0DF91CF91E9E5FDEC0E949BDEDF91FF
:10091C00CF9110911330123059F4CF93DF9318E02C
:10092C00612A0AE21BED1A930A93E1E6FDEC1AC068
:10093C00133019F5A881A0FF0BC0CF93DF9318E0FB
:10094C00612A0AE21BED1A930A93E7E6FDEC0AC052
:10095C00CF93DF9318E0612A0AE21BED1A930A93F6
:10096C00EEE6FDEC0E949BDE1DE00E9469E11AE0C0
:10097C000E9469E1DF91CF9116C01430A1F4CF939E
:10098C00DF9318E0612A0AE21BED1A930A93E5E75C
:10099C00FDEC0E949BDE1DE00E9469E11AE00E94C2
:1009AC0069E1DF91CF91A881B9811196A883B983B0
:1009BC00B03811F4A03009F07BCF10E005E00E94B4
:1009CC00A7DCCF93DF9318E0612A0AE21BED1A93A0
:1009DC000A93EEE7FDEC0E949BDEDF91CF91109124
:1009EC001330133059F4CF93DF9318E0612A0AE2E5
:1009FC001BED1A930A93E7E6FDEC17C0143059F47B
:100A0C00CF93DF9318E0612A0AE21BED1A930A9345
:100A1C00E5E7FDEC0AC0CF93DF9318E0612A0AE208
:100A2C001BED1A930A93EEE6FDEC0E949BDE1DE093
:100A3C000E9469E11AE00E9469E1DF91CF9110E018
:100A4C0005E00E94A7DCCF93DF9318E0612A0AE24D
:100A5C001BED1A930A93E4E9FDEC0E949BDEDF91F7
:100A6C00CF9110918E2F112309F01FEF1F9310912E
:100A7C00AC2F112309F01FEF0F91102B59F0CF93CE
:100A8C00DF9318E0612A0AE21BED1A930A93E7E65A
:100A9C00FDEC0AC0CF93DF9318E0612A0AE21BED4C
:100AAC001A930A93EEE6FDEC0E949BDE1DE00E9479
:100ABC0069E11AE00E9469E1DF91CF9110E005E055
:100ACC000E94A7DC0895EEE0FFE20B811C81E00F91
:100ADC00F11FE0801A811123D9F01981112359F0EB
:100AEC00E0E4F3EE0B811C81E00FF11F11E01BBF62
:100AFC007691E71608F4E3941091F239112309F07A
:100B0C001FEF112309F0EE241FEF1093F13912C0DF
:100B1C001981112319F070E07E1508F4EA941091F4
:100B2C00F139112309F01FEF112309F0EE241FEF07
:100B3C001093F239EEE0FFE20B811C81E00FF11F04
:100B4C00E082EBE7F1E30B811C81E00FF11F1881D0
:100B5C0010831FEF109303060895E6E6F4ED098168
:100B6C0006951127E00FF11F11E01BBFD690EEEE9A
:100B7C00FFE21127ED0DF11FE080A981A0FF10C04D
:100B8C007EE7E71608F4E3941091F239112309F08B
:100B9C001FEF112309F0EE241FEF1093F1390FC052
:100BAC0070E07E1508F4EA941091F139112309F0E4
:100BBC001FEF112309F0EE241FEF1093F239EEEE24
:100BCC00FFE21127ED0DF11FE082EBE5F2E31127B7
:100BDC00ED0DF11F188110831BE41093F2051FEF2C
:100BEC00109303060895249710E01A831E30C8F55D
:100BFC00EBE3F2E30A811127E00FF11F10811B8355
:100C0C00103051F1E6E5F4ED0A8106951127000F3D
:100C1C00111FE00FF11F01E00BBF07911691198313
:100C2C000883CF93DF9319811A930A93AC81112710
:100C3C00A0FD1FEF1A930B811C81113009F40B38A6
:100C4C0010E009F01FEF1A931F811A933CDFDF911C
:100C5C00CF911BE41093F2051A8113951A8311237B
:100C6C0029F6AEECBFE210E0E0E1F0E031960000D6
:100C7C00319711F01D93FCCFABE3B2E310E0E0E150
:100C8C00F0E031960000319711F01D93FCCF0895E0
:100C9C0010E01093F1391093F2391093F33910934B
:100CAC00F43908950E94E5290E944356229611E0DA
:100CBC0008E01A930A931A811A930E9424772896B3
:100CCC0010E010938332089521971091E52F112392
:100CDC0009F01FEF1883A2EEBFE210E0E6E0F0E0AF
:100CEC0031960000319711F01D93FCCFAFE4B2E3C5
:100CFC0010E0E6E0F0E031960000319711F01D9322
:100D0C00FCCF1091FF30133019F018811093E52FA0
:100D1C00089510E010931B0611E00CE01A930A934F
:100D2C00109187321A930E942477289610911A30CA
:100D3C00103009F046C010917731103031F0CF935C
:100D4C00DF930E944062DF91CF91109105311230F8
:100D5C0058F063DA21960BDB2196AFDB22961FEF5E
:100D6C001A930E94D45D219610910531113019F01F
:100D7C0010F00E94965DCF93DF930E94EC73DF918D
:100D8C00CF9110E0109315061093160610931706CA
:100D9C00EEE0F1E3EF93FF933196FA93EA931FE0C1
:100DAC001A9317EF61221FEB6122EFE9F9EC0E9415
:100DBC009BDE0FE01881011BFF91EF9100832396BE
:100DCC006DC010917731103011F40E94886200913F
:100DDC001A301127005E1C4F1A930A9312E000E0A0
:100DEC001A930A930E94022624961091191F153A01
:100DFC0010E009F41FEF1F931091181F1F3110E022
:100E0C0008F01FEF0F91102391F0EEE0F1E3EF9358
:100E1C00FF933196FA93EA931FE01A9317EF61222E
:100E2C001FEB6122EAEDFDE10E94A7DE11C0EEE0AE
:100E3C00F1E3EF93FF933196FA93EA931FE01A9341
:100E4C0017EF61221FEB6122ECEAF9EC0E949BDEAA
:100E5C000FE01881011BFF91EF9100832396CF9334
:100E6C00DF930E940560DF91CF911FEF1093150661
:100E7C00109316061093170610910531113071F06E
:100E8C0068F00E94F55825960E94615A229610E04F
:100E9C001A930E94D45D21960E94965D10915C0776
:100EAC00133059F5CF93DF9318E0612A0AE21BED5A
:100EBC001A930A931DE00E9469E11AE00E9469E10D
:100ECC00DF91CF91CF93DF9318E0612A0AE21BEDFB
:100EDC001A930A93EBEAFDEC0E949BDEEEE0F1E341
:100EEC000E94A7DE12E20E9469E11DE00E9469E106
:100EFC001AE00E9469E1DF91CF91CF93DF930E94BA
:100F0C00E376DF91CF9110911932103029F0CF9305
:100F1C00DF9340DCDF91CF9110E01A931091843075
:100F2C001A9310911A301A930E94E640239610914E
:100F3C005C07133011F40E94813E10E010931406EC
:100F4C001093450610911A301093773110E01093DE
:100F5C00873210938132109382320E948F290E9423
:100F6C00D82A10E0109304060895289710911806BB
:100F7C00112309F01FEF10951F9310918732113038
:100F8C0010E011F008F01FEF0F91102321F01FEF6C
:100F9C001093EC39BEDE10E01F83109155321030E7
:100FAC0069F010911206139510931206123021F06D
:100FBC0018F010E0109312061FEF1F831091563299
:100FCC00103019F010E010931206109157321030B7
:100FDC0059F010911206113011F410E001C011E01B
:100FEC00109312061FEF1F8310915832103059F0D6
:100FFC0010911206123011F410E001C012E010939F
:10100C0012061FEF1F831F811123A9F0BFE2A8EE68
:10101C0010E0E4E0F0E031960000319711F01D9300
:10102C00FCCFE8EEFFE2009112060F5F1127E00FF4
:10103C00F11F1FEF119310E01E83109184321030BA
:10104C0001F1CF93DF931EDBDF91CF9111E009E02B
:10105C001A930A93109184321A930E94247728963B
:10106C0010E01093843214E010938032A3E1B2E3C9
:10107C0010E0E4E0F0E031960000319711F01D93A0
:10108C00FCCF10918532103091F0CF93DF9355DB6C
:10109C00DF91CF9111E00AE01A930A9310918532F7
:1010AC001A930E942477289610E0109385321091A1
:1010BC001332103081F01091133210938032109152
:1010CC00A62F112309F01FEF112311F011E001C01D
:1010DC0010E01093133010911432103081F01091F5
:1010EC001432109380321091A72F112309F01FEFA7
:1010FC00112311F012E001C010E010931330109185
:10110C001532103081F010911532109380321091FD
:10111C00A82F112309F01FEF112311F013E001C0C8
:10112C0010E01093133010911632103081F01091A2
:10113C001632109380321091A92F112309F01FEF52
:10114C00112311F014E001C010E010931330109132
:10115C008032103009F463C0A6EABFE210E0E4E08C
:10116C00F0E031960000319711F01D93FCCF1091F7
:10117C001330113050F0E6EAFFE2009113300150C9
:10118C001127E00FF11F1FEF1083EDEEF9E3FA9337
:10119C00EA9310E008E91183008310E00BE91A933D
:1011AC000A93A081B18128813981B31709F4A21760
:1011BC0009F0B8F40091ED391091EE391A930A93B5
:1011CC00109180321A930E9424772896EA81FB8131
:1011DC00A081B1811196A083B183BB2321F7AA23EF
:1011EC0011F72496A3E1B2E310E0E4E0F0E03196CD
:1011FC000000319711F01D93FCCF11E005E01A931C
:10120C000A93109180321A930E94247728961FEF2C
:10121C001E830E945E2D24961FEF109303061091DF
:10122C00F607112309F01FEF1F83109113301030B4
:10123C0010E009F41FEF1F9310917830112309F07F
:10124C001FEF0F9110231C8310911B30103010E0F6
:10125C0009F41FEF1F9310911A30103010E009F0B1
:10126C001FEF0F91102B1B8310951A830C811023E9
:10127C001F9310914506112309F01FEF0F91102BAE
:10128C001F9310912838112309F01FEF0F91102B89
:10129C001093F607112309F01FEF012F1F8101177F
:1012AC0029F011E01093E5321093FB311091F70700
:1012BC00112309F01FEF1F8310917330112309F0D4
:1012CC001FEF012F1B811023012F1C811023109362
:1012DC00F70710915206112309F01FEF112319F093
:1012EC0010E01093F7071091F707112309F01FEF87
:1012FC00012F1F81011729F011E01093E532109393
:10130C00FB31109181321030C1F00E94172910E08E
:10131C0000E81A930A9310E004E01A930A931091D0
:10132C0081321A930E94261E279610E01093813268
:10133C001FEF1E831093030617C01091FB31009111
:10134C00FC31012B1091FD31102B012F1091FE312E
:10135C00102B103049F00E94412910E41093813277
:10136C001FEF1E8310930306109182321030B1F0E0
:10137C00009115301FEF00FF112710939A2F1FEFCC
:10138C0001FF112710939B2F10918232109307327B
:10139C00109308321FEF1093030618C00091073208
:1013AC0010910832102B103089F00E94762911E030
:1013BC0007E01A930A9310E41A930E942477289654
:1013CC0010E4109382321FEF1093030610915232E7
:1013DC00103010E009F01FEF1F931091FF30133005
:1013EC0010E009F01FEF0F91102329F010915232E9
:1013FC001A9358DC21961091FF30113099F5109109
:10140C004F321030A9F01FEF1093E22F1091F439E6
:10141C00112309F01FEF1093E32F1FEF1093F339F3
:10142C0010914F321A933EDC21961BE41093F20577
:10143C00109150321030A9F01FEF1093E32F109140
:10144C00F339112309F01FEF1093E22F1FEF1093C4
:10145C00F439109150321A9325DC21961BE4109329
:10146C00F2054AC0123021F510E01883133008F051
:10147C0043C0EFE4F2E308811127E00FF11F119153
:10148C001983103079F020DC2196E2EEFFE208811E
:10149C001127E00FF11F1FEF119319811A9302DC32
:1014AC0021962AC01881139518831123F9F624C0AC
:1014BC00133011F510E018831630F0F4EFE4F2E37A
:1014CC0008811127E00FF11F11911983103079F069
:1014DC00FBDB2196E2EEFFE208811127E00FF11F02
:1014EC001FEF119319811A93DDDB219605C018812A
:1014FC0013951883112301F7A4E0B1E30C9103FFBA
:10150C001FC010910232103061F01091952F1123F1
:10151C0009F01FEF1093A42F109102321093113287
:10152C000FC010911132103059F01091A42F1123CB
:10153C0009F01FEF1093952F109111321093023276
:10154C0010911932103010E009F01FEF0E81102BA2
:10155C0029F0CF93DF931ED9DF91CF910895249773
:10156C00CF93DF9302DDDF91CF91A6EFB9E310E0CB
:10157C00EFE2F0E031960000319711F01D93FCCFB3
:10158C00EDEEF9E3FA93EA9310E000E011830083A7
:10159C0011E00FEE1A930A93A081B1812881398151
:1015AC00B31709F4A21711F008F047C0EBE7F1E309
:1015BC000091ED391091EE39E00FF11F10811F836E
:1015CC00103079F11F81113061F058F00091ED3934
:1015DC001091EE391A930A9319851A930E94247765
:1015EC002896E0E7FBEE0091ED391091EE39E00F13
:1015FC00F11F11E01BBF16911E831E3240F4E6EF63
:10160C00F9E30E811127E00FF11F1FEF1083EBE7B9
:10161C00F1E30091ED391091EE39E00FF11F10E07C
:10162C001083EA81FB81A081B1811196A083B183E3
:10163C00BB2311F4AA2309F0B1CF249610E01A832E
:10164C001E3228F5E6EFF9E30A811127E00FF11FAE
:10165C001081112309F01FEF1123A1F0E0E6FDEE3C
:10166C000A811127000F111FE00FF11F01E00BBFC2
:10167C000791169108831983F801CF93DF9309958D
:10168C00DF91CF911A8113951A831123C9F610E0BB
:10169C001093EC39109318060895229710E000E38C
:1016AC0019830883D801E0E8BE27B13809F4AF3EAE
:1016BC0009F0B8F5E0E5F4E008811981E00FF11FBD
:1016CC000E94F0DCD12EDF92E0E4F3EE1981E00F02
:1016DC00F11F11E01BBF16910F91011791F088F0CB
:1016EC00E0E4F3EE08811981E00FF11F11E01BBF5C
:1016FC00D690E0E5F4E01981E00FF11F1D2D0E945A
:10170C00CEDCEEE0FFE208811981E00FF11FD08200
:10171C00A881B9811196A883B983B03821F6A0307D
:10172C0011F6ECE0F0E0FA93EA9310E010831FE07E
:10173C001A93108108810117B8F0EEEFF0E311272E
:10174C00EC0DF11FEF93FF93E0E4F0E0EC0DF11FD3
:10175C000E94F0DCFF91EF911083E981FA811081F6
:10176C0013951083112331F72396ECE0F0E0FA93F4
:10177C00EA9310E0108317E11A9310810881011786
:10178C00C0F0EFE5F1E31127EC0DF11FEF93FF93A0
:10179C00E0E5F6E00C2DEC0DF11F0E94F0DCFF9162
:1017AC00EF911083E981FA81108113951083112335
:1017BC0029F723960E940766EEE0F1E3EF93FF937F
:1017CC003196FA93EA931FE01A9317EF61221FEBFD
:1017DC006122EFE9F9EC0E949BDE1FE00881101BEF
:1017EC00FF91EF911083239610E0109385301091A8
:1017FC00EF3010934F061091EE30109350061DE70A
:10180C0010933F0610E010931506109316061093D4
:10181C00170610931406AAE1B0E310E0E4E0F0E040
:10182C0031960000319711F01D93FCCF0E94D82AFD
:10183C000E948F29AAE1BBE1FFE2EEE020EF31E04C
:10184C000E94BFDCADECB3E3FFE2EEE020EF31E051
:10185C000E94BFDCABE7B1E310E0E1EFF1E0000088
:10186C00319711F01D93FCCF0895219710E0109340
:10187C001D0610E01A930E94362B2296112339F183
:10188C001AE51A9310E01A93FE013296FA93EA9332
:10189C000E94FA2A2496CF93DF9318E0612A0AE279
:1018AC001BED1A930A93EBEBFDEC0E949BDE4A8135
:1018BC00689463F80E945DE11DE00E9469E11AE002
:1018CC000E9469E1DF91CF911FEF10931D0611E08B
:1018DC001A930E94362B2296112339F11BE51A9389
:1018EC0010E01A93FE013296FA93EA930E94FA2AB8
:1018FC002496CF93DF9318E0612A0AE21BED1A932A
:10190C000A93EEECFDEC0E949BDE4A81689463F82E
:10191C000E945DE11DE00E9469E11AE00E9469E10C
:10192C00DF91CF911FEF10931D0612E01A930E94C6
:10193C00362B2296112321F11CE51A9310E01A93F1
:10194C00FE013296FA93EA930E94FA2A2496CF93D8
:10195C00DF9318E0612A0AE21BED1A930A93E1EE79
:10196C00FDEC0E949BDE4A81689463F80E945DE165
:10197C001DE00E9469E11AE00E9469E1DF91CF91BC
:10198C0013E01A930E94362B2296112321F11DE5A8
:10199C001A9310E01A93FE013296FA93EA930E947E
:1019AC00FA2A2496CF93DF9318E0612A0AE21BED02
:1019BC001A930A93E4EFFDEC0E949BDE4A81689433
:1019CC0063F80E945DE11DE00E9469E11AE00E944B
:1019DC0069E1DF91CF910895ECECF4E00E94F0DC2A
:1019EC001F3FE1F4ECE0F0E0FA93EA9310E010838F
:1019FC0013E01A9310810881011778F0ECECF4E0F5
:101A0C001127EC0DF11F10E40E94CEDCE981FA8164
:101A1C00108113951083112371F72396EFEBFAE0E5
:101A2C000E94F0DC1F3710E011F008F01FEF1F933D
:101A3C00E7EAFAE00E94F0DC1F3710E011F008F042
:101A4C001FEF0F91102B09F45EC0ECE0F0E0FA935D
:101A5C00EA9310E010831BE01A93108108810117A0
:101A6C0008F450C0E7EAFAE01127EC0DF11FEF93F0
:101A7C00FF93E6E2F4EDEC0DF11F11E01BBF1691A4
:101A8C00FF91EF910E94CEDCE3EBFAE01127EC0D15
:101A9C00F11FEF93FF93E2E3F4EDEC0DF11F11E076
:101AAC001BBF1691FF91EF910E94CEDCEFEBFAE099
:101ABC001127EC0DF11FEF93FF93EEE3F4EDEC0D1A
:101ACC00F11F11E01BBF1691FF91EF910E94CEDC2C
:101ADC00EBECFAE01127EC0DF11FEF93FF93EAE426
:101AEC00F4EDEC0DF11F11E01BBF1691FF91EF917E
:101AFC000E94CEDCE981FA811081139510831123A9
:101B0C0009F0ACCF2396E7E5FBE00E94F0DC1F3038
:101B1C00E9F0E0F0ECE0F0E0FA93EA9310E01083E7
:101B2C001FE01A9310810881011778F0E7E5FBE0BC
:101B3C001127EC0DF11F1C2D0E94CEDCE981FA81DE
:101B4C00108113951083112371F72396E7E6FBE0C0
:101B5C000E94F0DC1F30E9F0E0F0ECE0F0E0FA93EA
:101B6C00EA9310E010831FE01A931081088101178B
:101B7C0078F0E7E6FBE01127EC0DF11F1C2D0E941D
:101B8C00CEDCE981FA81108113951083112371F752
:101B9C002396E3E4F0E00E94F0DC1F3339F030F0E0
:101BAC0017E0E3E4F0E00E94CEDC31960E94F920CD
:101BBC00CF93DF9372DDDF91CF910E94E92C2496B5
:101BCC000E94FD3610E010931A301093873210E00B
:101BDC001093052F1093062F13E000EB1A930A9322
:101BEC0010E01A9310E200E01A930A930E94DB268D
:101BFC002D960E944C4F10E01A9316EF1A930E94E8
:101C0C00BF2122960E94FB750E941A580E944C4FCD
:101C1C0010E01A930E94A22D21960E945E2D24960C
:101C2C001FEF1093FF07139A1091CF35112309F072
:101C3C001FEF112379F00E9463410E940766CF9336
:101C4C00DF9393D9DF91CF910E94904210E003E093
:101C5C000E94A7DC0E9448830E94A3830E948C4FA1
:101C6C0023960E94F14F21960E94585021960E9473
:101C7C00EA4D0E94435622960E94C651249610911A
:101C8C0096301A930E94C45222960E94195423969D
:101C9C000E94FA550E945F802296CF93DF93109199
:101CAC0080301A930E948C2CDF91CF910E94405E61
:101CBC000E94F55825960E94615A22961FEF1A939E
:101CCC000E94D45D21960E94CE5B27960E94C74E3F
:101CDC000E94444D21960E94297C21960E94537BA0
:101CEC000E94EA7C60960E9420790E9428790E94CA
:101CFC00B94B22960E94104D0E941F640E9457649B
:101D0C000E94BD640E948862EEE0F1E3EF93FF93C2
:101D1C003196FA93EA931FE01A9317EF61221FEBA7
:101D2C006122EFE9F9EC0E949BDE1FE00881101B99
:101D3C00FF91EF91108323961FEF1093F0070E94F1
:101D4C00423E15E300E31A930A931091F02F1A9375
:101D5C000E94F33F239615E300E61A930A93109121
:101D6C00EF2F1A930E94F33F239610910108112331
:101D7C0009F01FEF1123E1F015E304E21A930A9323
:101D8C001091F42F175C1A930E94F33F239615E3DE
:101D9C0004E31A930A931091F32F1A930E94F33FC2
:101DAC00239615E304E61A930A931091F22F05C0BB
:101DBC0015E304E61A930A9310E01A930E94F33F7A
:101DCC00239610E005E00E94A7DC15E301E31A93CB
:101DDC000A931091F82F1A930E94F33F239615E360
:101DEC0001E61A930A931091F72F1A930E94F33F6E
:101DFC00239610910108112309F01FEF1123E1F034
:101E0C0015E305E21A930A931091FC2F175C1A93B1
:101E1C000E94F33F239615E305E31A930A9310915E
:101E2C00FB2F1A930E94F33F239615E305E61A93B2
:101E3C000A931091FA2F05C015E305E61A930A933D
:101E4C0010E01A930E94F33F239610E005E00E94E5
:101E5C00A7DC15E302E31A930A93109100301A934E
:101E6C000E94F33F239615E302E61A930A9310910E
:101E7C00FF2F1A930E94F33F239610910108112310
:101E8C0009F01FEF1123E1F015E306E21A930A9310
:101E9C0010910430175C1A930E94F33F239615E3BC
:101EAC0006E31A930A93109103301A930E94F33F9E
:101EBC00239615E306E61A930A931091023005C097
:101ECC0015E306E61A930A9310E01A930E94F33F67
:101EDC00239610E005E00E94A7DC0E94813E15E3EA
:101EEC000EE71A930A931FE71A930E94F33F239667
:101EFC0010E009E1E0EFF5E0B2E00E945AE3109344
:101F0C0004061FEF10930506109306061FEF10939F
:101F1C000006ECE0F0E0FA93EA9310E0108313E093
:101F2C001A9310810881011770F0E2E3F6E0112793
:101F3C00EC0DF11F1FEF1083E981FA8110811395CD
:101F4C001083112379F723960895229718E711B976
:101F5C0013E312B91BEB14B91FE915B910E617B945
:101F6C001FEF18B91CEF1AB91CE71BB91CE51CBDF7
:101F7C0010E01DBD5F981FEF1A930E942621219639
:101F8C00F8940091C10011271093C10010E1109337
:101F9C00C40010E01093C5000093C10067FC789456
:101FAC0010E8612A7894CF93DF9318E0612A0AE253
:101FBC001BED1A930A931DE00E9469E11AE00E943E
:101FCC0069E1DF91CF91CF93DF9318E0612A0AE2A8
:101FDC001BED1A930A93E7E0FEEC0E949BDEDF9167
:101FEC00CF91CF93DF9318E0612A0AE21BED1A938D
:101FFC000A93E7E1FEEC0E949BDEDF91CF91CF9339
:10200C00DF9318E0612A0AE21BED1A930A93EEE7BC
:10201C00F9EC0E949BDEDF91CF91CF93DF9318E018
:10202C00612A0AE21BED1A930A93E8E8F9EC0E9484
:10203C009BDE1DE00E9469E11AE00E9469E1DF91DC
:10204C00CF910E9423DB112321F00E9406DBC12ECD
:10205C00F8CF11E00E94B6DCE0E1F0E00E94FEDC7B
:10206C000F93B12F2F933F93E4E1F0E00E94FEDC3D
:10207C00FF91EF91AF910A271B272E273F27009343
:10208C007D0810937E0820937F0830938008459834
:10209C000E94813210E00AE00E94A7DC459A18E306
:1020AC000E941EDA10930D2F112309F01FEF11233C
:1020BC0059F010EC109548E333E00E9420DA1FE34E
:1020CC0048E331E00E9420DA19E30E941EDA1093F3
:1020DC000C2F112309F01FEF112359F01FEF10954E
:1020EC0049E333E00E9420DA10E049E331E00E943A
:1020FC0020DA1AE30E941EDA10930B2F112309F039
:10210C001FEF112309F467C010E010954AE333E088
:10211C000E9420DA1FEF4AE331E00E9420DA10E03F
:10212C000AE00E94A7DC10E000E019830883E89421
:10213C0077F842E618E1312FE89460F8FE01A2E04E
:10214C00B0E050E00E94C2DA10E00AE00E94A7DC86
:10215C0014E004E419830883E89477F842E618E164
:10216C00312FE89460F8FE01A2E0B0E050E00E944C
:10217C00C2DA10E00AE00E94A7DC4AE330E00E94D9
:10218C0028DA10951F73D12E1D2D1A3241F410E050
:10219C0010930B2F10E010954AE333E009C01FEFAA
:1021AC0010954AE333E00E9420DA1FEF4AE331E056
:1021BC000E9420DA10E000E019830883E89477F895
:1021CC0042E618E1312FE89460F8FE01A2E0B0E09D
:1021DC0050E00E94C2DACF93DF9347DBDF91CF91BF
:1021EC00CF93DF931FEF1A930E944C22DF91CF9174
:1021FC00E0E1F0E00E94FEDC0F931F932F933F93DE
:10220C00E8E1F0E00E94FEDCD801F9013F912F914A
:10221C001F910F9140E8F42734273F1729F42E170C
:10222C0019F41B1709F40A1710E009F01FEF1F939C
:10223C00E4E1F0E00E94FEDC0F931F932F933F9399
:10224C00ECE1F0E00E94FEDCD801F9013F912F9106
:10225C001F910F9140E8F42734273F1729F42E17CC
:10226C0019F41B1709F40A1710E009F01FEF0F916E
:10227C00102B09F44BC00E94EA20CF93DF9318E097
:10228C00612A0AE21BED1A930A93EBE1FEEC0E9421
:10229C009BDE1DE00E9469E11AE00E9469E1DF917A
:1022AC00CF9110910A2F112309F01FEF112351F137
:1022BC0010E00E94D4D910E01A9310E01A9310E0A9
:1022CC001A930E94BCD923960E94193110E01A93DC
:1022DC0010E01A9311E01A930E94BCD92396CF9365
:1022EC00DF9318E0612A08EA19ED1A930A93EDE2DC
:1022FC00FEEC0E949BDEDF91CF911AE01A930E94B4
:10230C003021219617E000ED0E94A7DC11E010931C
:10231C007708EEE0F0E00E94F0DC112361F010E0B1
:10232C00EEE0F0E00E94CEDCEFE00E94CEDC1AE59D
:10233C00EEE40E94CEDCEFE0F0E00E94F0DC112332
:10234C0041F113E009EB1A930A9314E000E01A939D
:10235C000A930E949E272696CF93DF9318E0612A5A
:10236C000AE21BED1A930A93EEE3FEEC0E949BDE4D
:10237C001DE00E9469E11AE00E9469E1DF91CF91B2
:10238C001AE5EEE4F0E00E94CEDC10E0EFE00E94F3
:10239C00CEDC5F9AE4E2F0E00E94F9DC183509F437
:1023AC000030A8F518E500E0E4E2F0E098010E94A6
:1023BC00DEDC10E0ECEFF4E00E94CEDCEEEF0E94ED
:1023CC00CEDCEFEF0E94CEDCEDE1F6E00E94F0DC1B
:1023DC00173049F040F013E0ECE1F6E00E94CEDC5F
:1023EC00EDE10E94CEDCCF93DF9318E0612A0AE284
:1023FC001BED1A930A93E5E5FEEC0E949BDE1DE0B3
:10240C000E9469E11AE00E9469E1DF91CF91CF93BC
:10241C00DF93E2DADF91CF9110910A2F112309F0AB
:10242C001FEF112309F4C8C010E01A9310E01A939F
:10243C0011E01A930E94BCD92396CF93DF9318E036
:10244C00612A08EA19ED1A930A93E8E8F9EC0E945C
:10245C009BDEDF91CF9110E00E94DCD913E008EEF7
:10246C000E94A7DC10E000E01A930A930E945033FC
:10247C002296112319F10091FD0504FF1FC011E0F4
:10248C001A9316EF1A930E94BF21229610E004E6CD
:10249C000E94A7DC10E01A9316EF1A930E94BF213A
:1024AC00229610E004E60E94A7DC0E94872B109174
:1024BC00F807112309F01FEF109599F30E94C3320E
:1024CC00E7E4F8E0EF93FF933196FA93EA931FE178
:1024DC001A9317EF61221FEB6122E8E2F0E00E94F1
:1024EC00B0DE1FE10881101BFF91EF911083239642
:1024FC0010E00E94D4D9CF93DF9318E0612A08EA48
:10250C0019ED1A930A93E7E4F8E00E94A7DEDF9135
:10251C00CF9110E01A9310E01A9311E01A930E94D5
:10252C00BCD9239612EF1A930E94AA2121960093EC
:10253C007D0810937E0820937F0830938008CF93FA
:10254C00DF9318E0612A08EA19ED1A930A93EBE677
:10255C00FEEC0E949BDEDF91CF9118E0612A08EA25
:10256C0019ED1A930A9300917D0810917E08209121
:10257C007F0830918008CF93DF933A932A931A9374
:10258C000A9310E01A9310E01A9310E21A936894CD
:10259C0063F8689465F8E89474F875F862F80E942A
:1025AC00FBDEDF91CF91229610E20E94A8D914E0B5
:1025BC001A930E943021219616EE1093EF0710E02B
:1025CC001A930E94262121960E941A580895E7E03A
:1025DC00F8E01FEB6122E89461F800E00E94BFDD97
:1025EC0000937D0810937E0820937F083093800819
:1025FC0000937A0810937B0800938108089510913A
:10260C005C07113081F4CF93DF9313E01A931AE532
:10261C001A9310911806112309F01FEF1A930E94B8
:10262C002A41DF91CF9110915C07133089F4CF933D
:10263C00DF9316E008E61A930A93109118061123FB
:10264C0009F01FEF10741A930E944A2FDF91CF915B
:10265C0008952597A885B98528EE33E0689465F828
:10266C000E94EEE18F01507809F001950C83A8854A
:10267C00B98524E630E0689465F80E94EEE18F019C
:10268C00507809F00195102F0B830AE00E94BDE1F0
:10269C000A8310E0EE81FF811193088519856894F7
:1026AC0062F8A4E8B3E05FEF0E94F3E35523CAF4A9
:1026BC00A7E8B3E055270E94F3E3552392F0EAE133
:1026CC00F0E30A811127E00FF11F1081EE81FF81E9
:1026DC001083E7E7F1E30A811127E00FF11F1FEFE9
:1026EC0025C0689462F8A8EEB3E05FEF0E94F3E3B4
:1026FC005523F2F4A7EEB5E055270E94F3E35523DA
:10270C00BAF008851985085E1340198308831D816A
:10271C00112319F0EAE1FBE102C0EEE0FFE20881CF
:10272C001981E00FF11F1081EE81FF811083F4C13C
:10273C00163029F4003419F410913F06F5CF689443
:10274C0062F8A0EDB7E05FEF0E94F3E3552352F47B
:10275C00A7EEB7E055270E94F3E355231AF0E0E506
:10276C00F6E089C1689462F8A4E3B8E05FEF0E94D8
:10277C00F3E3552352F4A3E7B8E055270E94F3E3A3
:10278C0055231AF0EFE1F1E3A6C1689462F8A8E9C9
:10279C00B8E05FEF0E94F3E3552382F4A7E1B9E0C0
:1027AC0055270E94F3E355234AF0088519850859EB
:1027BC00184019830883EBEAF7E05FC1689462F86C
:1027CC00A4ECB9E05FEF0E94F3E3552382F4A3E499
:1027DC00BAE055270E94F3E355234AF00885198582
:1027EC00045C194019830883E0EBF6E046C1689459
:1027FC0062F8ACE8BAE05FEF0E94F3E3552352F4C1
:10280C00A3EBBAE055270E94F3E355231AF0EFE04F
:10281C00F9E031C1689462F8A0EFBAE05FEF0E9472
:10282C00F3E355238AF4A1E7BBE055270E94F3E3B9
:10283C00552352F008851985005F1A4019830883C7
:10284C000C83EBE8F8E018C1689462F8A8EBBBE0E5
:10285C005FEF0E94F3E355233AF4AFEEBCE055274B
:10286C000E94F3E355230AF458C00885198568942F
:10287C0062F8A8EBBBE05FEF0E94F3E3552352F440
:10288C00A3ECBBE055270E94F3E355231AF0EFEBC2
:10289C00FAE0F1C0689462F8ACE1BCE05FEF0E9432
:1028AC00F3E3552352F4A7E2BCE055270E94F3E36F
:1028BC0055231AF0EBECFAE0DEC0689462F8A0E85D
:1028CC00BCE05FEF0E94F3E3552352F4ABE8BCE0AD
:1028DC0055270E94F3E355231AF0E7EAFAE0CBC040
:1028EC00689462F8A4EEBCE05FEF0E94F3E355231A
:1028FC009AF4AFEEBCE055270E94F3E355230AF49B
:10290C000BC1E3EBFAE00B811127E00FF11F0E94E2
:10291C00F0DCEE81FF811083FFC0689462F8ACEAB2
:10292C00BDE05FEF0E94F3E3552352F4ABE0BEE051
:10293C0055270E94F3E355231AF0E0E3F7E09BC020
:10294C00689462F8A0E1BEE05FEF0E94F3E35523C8
:10295C000AF5AFE1BEE055270E94F3E35523D2F010
:10296C0010E0EE81FF811083CF93DF931B8104E095
:10297C000E94BDE1165A1A931C8104E00E94BDE12D
:10298C000A93E885F985FA93EA930E94FA2ADF9173
:10299C00CF91C2C0689462F8A8E8B3E15FEF0E94DF
:1029AC00F3E3552352F4AFEDB3E155270E94F3E363
:1029BC0055231AF0E7E3F9E05EC0689462F8ACEED8
:1029CC00B3E15FEF0E94F3E3552352F4ABE4B4E1BF
:1029DC0055270E94F3E355231AF0EBE2F8E04BC0C5
:1029EC00689462F8A0E5B4E15FEF0E94F3E355232D
:1029FC0052F4AFEAB4E155270E94F3E355231AF0E1
:102A0C00E7EDFAE038C0689462F8A4EBB4E15FEF4C
:102A1C000E94F3E3552352F4A3EDB4E155270E9431
:102A2C00F3E355231AF0E7E3FBE025C0689462F862
:102A3C00A8E1B5E15FEF0E94F3E3552352F4A7E25E
:102A4C00B5E155270E94F3E355231AF0E7E5FBE0C7
:102A5C0012C0689462F8ACE7B5E15FEF0E94F3E353
:102A6C00552382F4ABE8B5E155270E94F3E35523D7
:102A7C004AF0E7E6FBE00B811127E00FF11F0E9403
:102A8C00F0DC52CE689462F8A0E7B7E15FEF0E94E9
:102A9C00F3E3552372F4A7E3B8E155270E94F3E35F
:102AAC0055233AF0EFE8F9E00885198500571741EE
:102ABC00E4CF689462F8A8E3B8E15FEF0E94F3E317
:102ACC00552362F4A7E4B8E155270E94F3E355239C
:102ADC002AF0E5E1F8E30B81112723CE689462F824
:102AEC00ACE9B8E15FEF0E94F3E3552372F4A3EF76
:102AFC00B8E155270E94F3E355233AF0E2E0FEE2F9
:102B0C000B811127000F111F0CCEA9E9B8E010E0C2
:102B1C000E9442E410E001C01FEF08952397AB819F
:102B2C00BC8124E630E0689465F80E94EEE18F01E8
:102B3C00507809F001950A830B811C81689462F826
:102B4C00A0E0B0E05FEF0E94F3E355235AF4A9EF45
:102B5C00B0E055270E94F3E3552322F00B81102F90
:102B6C000A931BC1103069F40A3F59F4CF93DF93D9
:102B7C0010918908112309F01FEF1A930E9443202A
:102B8C0034C21030B9F40D3FA9F4CF93DF9318E0A1
:102B9C00612A0AE21BED1A930A93E7E2F8E00E941D
:102BAC00A7DE1DE00E9469E11AE00E9469E1DF9155
:102BBC00CF9150C2103069F50E3F59F5E7E0F8E0BF
:102BCC00EF93FF933196FA93EA931FE11A9317EF61
:102BDC0061221FEB6122E2E7FEEC0E949BDE1FE10B
:102BEC000881101BFF91EF9110832396CF93DF93F5
:102BFC0018E0612A0AE21BED1A930A93E7E0F8E069
:102C0C000E94A7DE1DE00E9469E11AE00E9469E1C2
:102C1C00ECC1103079F40F3F69F4CF93DF9310E0DF
:102C2C000FEF1A930A931FEF0FEF1A930A930E9458
:102C3C00B71EDBC1689462F8ACE2B1E05FEF0E94B2
:102C4C00F3E355233AF4AFE9BFE055270E94F3E3D1
:102C5C00552382F4689462F8A8E8B3E15FEF0E9410
:102C6C00F3E3552312F5A3EFB8E155270E94F3E3E4
:102C7C005523DAF0CF93DF930B811C811A930A93BF
:102C8C00E1E8F8E0FA93EA9310918908112309F02E
:102C9C001FEF1A93DEDCDF91CF91112329F0CF9334
:102CAC00DF93109181089EC1C6C1689462F8A0EAB6
:102CBC00BFE05FEF0E94F3E35523BAF5AFE9B2E151
:102CCC0055270E94F3E3552382F10B811C81005A96
:102CDC001F401C830B83EAE9FEE0E00FF11F10811B
:102CEC0010937D08EAE9F1E11C81E00FF11F1081DE
:102CFC0010937E08EAE9F7E11C81E00FF11F1081C7
:102D0C0010937F08EAE9F4E11C81E00FF11F1081B8
:102D1C0010938008CF93DF9300917D0810917E086B
:102D2C0020917F083091800811C1689462F8A0EA64
:102D3C00B2E15FEF0E94F3E35523D2F4AFEBB2E1C3
:102D4C0055270E94F3E355239AF00B811C81005AFE
:102D5C0012411C830B83EAE9FAE1000F111F000FEB
:102D6C00111FE00FF11F019111912191308107C1C9
:102D7C00103269F40A3059F4CF93DF93EEEFFFEE83
:102D8C0001E00BBF079117913327222713C0103294
:102D9C00C1F40B30B1F413E01A930E94AA212196CE
:102DAC0000937D0810937E0820937F083093800851
:102DBC00CF93DF933A932A931A930A930E944B2052
:102DCC0014C1103249F40C3039F400918F08109171
:102DDC00900833272227E4CF113251F4043341F405
:102DEC000E94C5232296CF93DF9310918E08FAC0D0
:102DFC00113251F4053341F40E94C5232296CF932E
:102E0C00DF9310918D08EEC0113251F40E3341F462
:102E1C00CF93DF9313E000EE1A930A930FEF0AC0DF
:102E2C001132B1F40F33A1F4CF93DF9313E003EB22
:102E3C001A930A931A930A930E946026DF91CF91FA
:102E4C0019830883CF93DF931981332722277EC000
:102E5C00113231F4013521F4CF93DF9310E0C2C06D
:102E6C00133269F4083259F4CF93DF9300913B0687
:102E7C0010913C0620913D0630913E0667C01332FE
:102E8C0081F4093271F4CF93DF93009149061091CC
:102E9C004A0617FF03C03FEF2FEF58C033272227F6
:102EAC0055C0689462F8A8E4B6E25FEF0E94F3E3C1
:102EBC00552382F4ABEAB6E255270E94F3E355237F
:102ECC004AF0CF93DF931A811A930E943227DF9135
:102EDC00CF91AEC0163239F40E3A29F4CF93DF936A
:102EEC0010915C077FC0163231F4043D21F4CF936E
:102EFC00DF931AE577C0163299F40E3D89F4E0E1C0
:102F0C00F0E00E94FEDC00937D0810937E08209375
:102F1C007F0830938008CF93DF93E0E1F0E014C09A
:102F2C001632D9F40F3DC9F4E4E1F0E00E94FEDC66
:102F3C0000937D0810937E0820937F0830938008BF
:102F4C00CF93DF93E4E1F0E00E94FEDC3A932A9306
:102F5C001A930A930E94C91F48C01632D9F4003E36
:102F6C00C9F415E30EE71A930A931FE71A930E940C
:102F7C00F33F239612EF1A930E94AA2121960093F5
:102F8C007D0810937E0820937F0830938008CF93A0
:102F9C00DF93DCCF163261F5083E51F5CF93DF930A
:102FAC00CF93DF9326976F92FE01EF93FF933196A9
:102FBC00FA93EA9315E01A9317EF61221FEB612243
:102FCC00EDE8FEEC0E949BDE05E01881011BFF91F1
:102FDC00EF91008323966F901FEF1A930E948B370B
:102FEC00DF91CF911A930E940C20DF91CF9132C0C8
:102FFC00173209F50630F9F4E7E4F8E0EF93FF93A4
:10300C003196FA93EA931FE11A9317EF61221FEBA3
:10301C006122E1E9FEEC0E949BDEE8E2F0E00E9416
:10302C00B0DE0FE11881011BFF91EF910083239615
:10303C000E94A7200FC0CF93DF9310E01A930C814E
:10304C001D811A930A931FEF0FEF1A930A930E9494
:10305C00B61FCBCF089522970D811E811A930A9328
:10306C0010E000E01A930A9311E00FEF1A930A9301
:10307C000E94E3E32696109509F046C11C8110309E
:10308C0010E009F01FEF19831C811A9310E01A93BA
:10309C00E0E4F3EE0F811885E00FF11F11E01BBF88
:1030AC0016911A930E94CEE3239618830D811E81EC
:1030BC00689462F8A0E0B0E05FEF0E94B3E35523A0
:1030CC005AF5ABE0B0E055270E94B3E3552322F14B
:1030DC000091BB331127ACE0B0E0E89465F80E9496
:1030EC00CCE198010D811127020F131FF3E3EBE7DD
:1030FC00E00FF11F1881119310912006112309F094
:10310C001FEF112341F0EDECF3E30D811127E00FDC
:10311C00F11F1881119355C0689462F8A0E1B0E0DA
:10312C005FEF0E94B3E355236AF5ABE1B0E055279E
:10313C000E94B3E3552332F10091BC331127ACE06C
:10314C00B0E0E89465F80E94CCE198010D81005143
:10315C001127020F131FF3E3E3E9E00FF11F1881AE
:10316C00119310912106112309F01FEF112349F13E
:10317C00EDEDF3E30D8100511127E00FF11F1881E4
:10318C0011931FC0103011F4093781F0689462F864
:10319C00A0E8B0E05FEF0E94B3E3552392F4AFEBED
:1031AC00B0E055270E94B3E355235AF019811883D8
:1031BC000D811E81103009F40F3819F41FEF109394
:1031CC0013060D811E811A930A931A811A931D817D
:1031DC001A930E94DC1D249610911A30103041F481
:1031EC00EDECF3E30D811E81E00FF11F18811193BB
:1031FC001B81112309F475C0EAE1FBE10D811E81ED
:10320C00E00FF11F188111930D811E81689462F8F3
:10321C00A0E4B1E05FEF0E94B3E35523D2F4AFE436
:10322C00B1E055270E94B3E355239AF00091A730E3
:10323C001127A0E1B0E0E89465F80E94CCE1980178
:10324C000D811E8100541140020F131FF7E0EBEAB1
:10325C0022C0689462F8A0E5B1E05FEF0E94B3E38E
:10326C00552342F5AFE5B1E055270E94B3E3552352
:10327C000AF10091A8301127A0E1B0E0E89465F8BC
:10328C000E94CCE198010D811E8100551140020F66
:10329C00131FF6E0E0EBE00FF11F18810E94CEDC6B
:1032AC00E0E5F4E00D811E81E00FF11F18810E9412
:1032BC00CEDC17C0689462F8A0EFB1E05FEF0E941B
:1032CC00B3E355236AF7AFEFB1E055270E94B3E3A0
:1032DC00552332F3E0E4F0E00D811E81005F1140D4
:1032EC00E3CF0D811E81113049F4053F39F4CF93A2
:1032FC00DF930E947E74DF91CF9106C0113021F4D0
:10330C00073F11F40E94405E089510915C07113044
:10331C0089F4CF93DF9313E01A931AE51A93109163
:10332C001806112309F01FEF1A930E942A41DF910E
:10333C00CF9115C010915C07133089F4CF93DF93B4
:10334C0016E008E61A930A9310911806112309F057
:10335C001FEF10741A930E944A2FDF91CF9108959A
:10336C0010E010931806D1DF08952897AB85BC8523
:10337C0028EE33E0E89465F80E94EEE1F983E883E7
:10338C000B851C851A930A9313E008EE1A930A9383
:10339C0015E007EE1A930A930E942EE42696112349
:1033AC0081F0CF93DF93088119811A930A931C85BE
:1033BC001A931C851A931C851A934DDEDF91CF91BD
:1033CC0073C718811F83AB85BC8524E630E06894F5
:1033DC0065F80E94EEE18F01507809F00195102FED
:1033EC000E830AE00E94BDE10D831A85103010E0B7
:1033FC0009F01FEF1C830B851C85103031F40A3F3C
:10340C0021F41C81109389084FC7689462F8A4E8D2
:10341C00B3E05FEF0E94F3E3552352F5A7E8B3E066
:10342C0055270E94F3E355231AF1EAE1F0E30D81ED
:10343C001127E00FF11F1A8510831D81103049F4FC
:10344C00CF93DF93FE013A96FA93EA930E944D6371
:10345C00A5C6113019F40E94146626C7123019F44F
:10346C000E945B6621C7133011F40E94A2661CC730
:10347C00133011F4093821F0133019F40B3809F416
:10348C0013C71330D1F50A38C1F510E000E01B83E7
:10349C000A831FE00FEF1A930A93AC81BD81288138
:1034AC003981B31709F4A21709F0D0F4EAE1FDE170
:1034BC000C811D81E00FF11FEF93FF93E0E0F0E032
:1034CC00E00FF11F0E94F0DCFF91EF911083AC81B3
:1034DC00BD811196AC83BD83BB2309F7AA23F9F6F2
:1034EC00229613E009EB1A930A9310E100E01A9369
:1034FC000A930E94E0252596D7C6133051F40C3858
:10350C0041F41A851F70109317301A930E94E35FD1
:10351C00B5C0133051F40D3841F41A851F70109357
:10352C0018301A930E942A5FA9C0163049F400344F
:10353C0039F41A8510933F061FEF1093F107B4C6A8
:10354C00689462F8A5E4B6E05FEF0E94F3E35523BC
:10355C003AF4A8E4B6E055270E94F3E355230AF4A5
:10356C00AFC01D81153009F04EC010911806112303
:10357C0009F01FEF112309F442C041D8CF93DF9318
:10358C0013E41A930E94E636DF91CF91CF93DF9329
:10359C00EAE1F0E3FA93EA930E944D63DF91CF9155
:1035AC00DFDE10915C07133069F5CF93DF9318E0E1
:1035BC00612A0AE21BED1A930A931DE00E9469E14D
:1035CC001AE00E9469E1DF91CF91CF93DF9318E06D
:1035DC00612A0AE21BED1A930A93EBEAFDEC0E94B6
:1035EC009BDEEEE0F1E30E94A7DE12E20E9469E1AD
:1035FC001DE00E9469E11AE00E9469E1CFC511E06B
:10360C001093873251C61630E1F41091180611232D
:10361C0009F01FEF112379F00E9405930E94F063CB
:10362C00CF93DF9315E51A930E94E636DF91CF9185
:10363C000E9414663CC010911B301A930E94CE64F9
:10364C001DC01730E9F410911806112309F01FEF73
:10365C00112379F00E9405930E942864CF93DF9385
:10366C001CE41A930E94E636DF91CF910E945B66B0
:10367C001EC010911C301A930E942665219614C608
:10368C001830E9F410911806112309F01FEF1123DB
:10369C0081F00E9405930E946064CF93DF9310E544
:1036AC001A930E94E636DF91CF910E94A26658DEF3
:1036BC00FBC510911D301A930E947E652196F4C5AE
:1036CC00163011F5093401F51C811123E1F010912C
:1036DC001806112309F01FEF1095109318060E947D
:1036EC00059310E010931A0610911806112309F097
:1036FC001FEF112341F00E941F640E9457640E9427
:10370C00BD640E948862D0C5163009F047C10A34E6
:10371C0009F044C10E94813E1127F89410930301D3
:10372C00109304011093050167FC789413E0109337
:10373C005C07CF93DF9360976F92FE01EF93FF933B
:10374C003196FA93EA931FE01A9317EF61221FEB5D
:10375C006122E9E9FEEC0E949BDE1FE00881101B50
:10376C00FF91EF91108323966F900E947135DF913A
:10377C00CF9110E004E60E94A7DC16E00AE41A934D
:10378C000A931FE71A930E944A2F279613E008EE1C
:10379C000E94A7DC16E00AE41A930A931FE71A9317
:1037AC000E944A2F279616E001E71A930A9310E419
:1037BC001A930E944A2F2796CF93DF9318E0612A21
:1037CC000AE21BED1A930A93E8EAFEEC0E949BDED8
:1037DC001DE00E9469E11AE00E9469E1DF91CF913E
:1037EC0016E002E71A930A9310E01A930E944A2FEC
:1037FC00279610E004E60E94A7DCCF93DF9318E035
:10380C00612A0AE21BED1A930A931DE00E9469E1FA
:10381C001AE00E9469E1DF91CF91CF93DF9318E01A
:10382C00612A0AE21BED1A930A93E2EBFEEC0E946A
:10383C009BDEDF91CF91CF93DF9318E0612A0AE2F0
:10384C001BED1A930A93E1E6F9EC0E949BDEDF91E3
:10385C00CF91CF93DF9318E0612A0AE21BED1A9304
:10386C000A9312E20E9469E11DE00E9469E11AE0EC
:10387C000E9469E1DF91CF91CF93DF9318E0612A29
:10388C000AE21BED1A930A931DE00E9469E11AE00B
:10389C000E9469E1DF91CF91CF93DF9318E0612A09
:1038AC000AE21BED1A930A93E4EDFEEC0E949BDEF8
:1038BC001DE00E9469E11AE00E9469E1DF91CF915D
:1038CC0016E00AE41A930A9310E01A930E944A2F06
:1038DC00279610E004E60E94A7DC0E94892F22960E
:1038EC0011E004EF0E94A7DCCF93DF9318E0612A6C
:1038FC000AE21BED1A930A93E1EFFEEC0E949BDEA9
:10390C001DE00E9469E11AE00E9469E1DF91CF910C
:10391C00CF93DF9318E0612A0AE21BED1A930A9306
:10392C00EEE0FFEC0E949BDE1DE00E9469E11AE0D4
:10393C000E9469E1DF91CF91CF93DF9318E0612A68
:10394C000AE21BED1A930A93EDE1FFEC0E949BDE59
:10395C001DE00E9469E11AE00E9469E1DF91CF91BC
:10396C0010E004E60E94A7DC10E01093040616E0B9
:10397C0001EA1A930A931FE71A930E944A2F27967B
:10398C0011E004EF0E94A7DC16E002E71A930A93F9
:10399C0011E01A930E944A2F279686C4689462F805
:1039AC00A4E5B6E05FEF0E94F3E35523C2F4ABE568
:1039BC00B6E055270E94F3E355238AF01C811123AE
:1039CC0069F00B851C85045915401A930A931FEF57
:1039DC001A931B851A930E94DC1D249665C4689467
:1039EC0062F8ACE5B6E05FEF0E94F3E355239AF47E
:1039FC00A7E6B6E055270E94F3E3552362F01C813D
:103A0C00112341F01E811C511A9319851A930E949F
:103A1C00B385229649C4689462F8AAE6B6E05FEFD3
:103A2C000E94F3E35523C2F4ADE6B6E055270E949D
:103A3C00F3E355238AF01C81112369F00B851C8557
:103A4C00025A15401A930A931FEF1A931B851A9367
:103A5C000E94DC1D249628C4163009F054C002378D
:103A6C0009F051C016E00AE41A930A9310E01A9375
:103A7C000E944A2F27961A85103029F5CF93DF9391
:103A8C0018E0612A0AE21BED1A930A931DE00E94CA
:103A9C0069E11AE00E9469E1DF91CF91CF93DF9346
:103AAC0018E0612A0AE21BED1A930A93E9E2FFEC93
:103ABC000E949BDE1DE00E9469E11AE00E9469E110
:103ACC00DF91CF9143C0113011F0123011F410E09E
:103ADC0005C0133011F0143039F411E01093173085
:103AEC0018851093843232C0153011F0163071F5F0
:103AFC0010911730123050F512E0109317301885D2
:103B0C001093843223C0163021F4033711F410E0E3
:103B1C0018C0163011F4053721F0163021F4063791
:103B2C0011F411E00EC0163011F4073721F01630E5
:103B3C0089F4083779F410911730123008F0B4C3B7
:103B4C0012E0109317301885109384321FEF1093E6
:103B5C000306AAC3163021F4063811F410E005C090
:103B6C00163041F4073831F41FEF109345061093CB
:103B7C005206B5C0163049F40A3839F41C81109538
:103B8C00109345061C811095F2CF163029F50D388F
:103B9C0019F5FE013A96DF010C911FEF00FF11277A
:103BAC0010939B30FE013A96DF010C911FEF01FF41
:103BBC00112710939C30FE013A96DF010C911FEFF8
:103BCC0002FF112710939D30188510930833109322
:103BDC00093310930A3368C3689462F8A0E9B6E01D
:103BEC005FEF0E94F3E355237AF4A5E9B6E055277D
:103BFC000E94F3E3552342F01E81105510931630AA
:103C0C0018851093833250C3163039F4063929F4D1
:103C1C001FEF1093942F10E007C0163069F407398A
:103C2C0059F41FEF1093942F1093952F1885109320
:103C3C0001321093023238C3163021F4083911F4D2
:103C4C0010E005C0163049F4093939F41FEF109310
:103C5C00942F18851093013227C3689462F8AAE94F
:103C6C00B6E05FEF0E94F3E355233AF4AFE9B6E018
:103C7C0055270E94F3E355230AF497C01D81133096
:103C8C0028F4EBE7F1E31885108303C01885109333
:103C9C008B311D81103081F410E01093520610E02E
:103CAC001093BB33AEE0BFE2F3E3EBE72CE030E084
:103CBC000E94BFDC10E011C01130A9F410E0109389
:103CCC00520611E01093BB33AEE0BFE2F3E3E7E83A
:103CDC002CE030E00E94BFDC1FEF109345061885E6
:103CEC001093FB31E1C2123031F510E01093520603
:103CFC001A851A9310E01A9311E01A930E94CEE3DE
:103D0C0023961093BB33103051F4AEE0BFE2F3E3D3
:103D1C00EBE72CE030E00E94BFDC10E009C0AEE025
:103D2C00BFE2F3E3E7E82CE030E00E94BFDC1FEFDA
:103D3C0010934506D4CF133039F410E0109352068B
:103D4C0010E01093BC331FC0143059F410E01093E2
:103D5C00520611E01093BC33AEE1BFE2F3E3EFE99E
:103D6C0016C0153009F510E0109352061A851A93F7
:103D7C0010E01A9311E01A930E94CEE3239610934D
:103D8C00BC33103049F4AEE1BFE2F3E3E3E92CE0DD
:103D9C0030E00E94BFDC88C2AEE1BFE2F3E3EFE9A2
:103DAC002CE030E00E94BFDC7FC2689462F8A4EA89
:103DBC00B6E05FEF0E94F3E355233AF4A3EDB6E0CF
:103DCC0055270E94F3E355230AF461C010E01093C9
:103DDC005206EBE7F3E30E811127E00FF11F1A8572
:103DEC0010831E81103060F01B3009F048F41091E4
:103DFC00BB33103009F058C2EEE0FFE20E810FC069
:103E0C001C30B8F0173109F0A0F41091BB3311300D
:103E1C0008F44AC20E810C500E83EEE0FFE211272B
:103E2C00E00FF11F1A851083EBE7F1E3188510837F
:103E3C003BC21831A0F0133209F088F41091BC3356
:103E4C00103021F50E8108510E83EEE1FFE21127AF
:103E5C00E00FF11F1A851083EBE8F1E3E7CF143282
:103E6C00A8F01F3209F090F41091BC33113008F413
:103E7C001BC20E8104520E83EEE1FFE21127E00F0C
:103E8C00F11F1A851083188510938B310DC268941D
:103E9C0062F8A0EDB7E05FEF0E94F3E35523F2F474
:103EAC00A7EEB7E055270E94F3E35523BAF0EFE5F0
:103EBC00F1E30F811127E00FF11F1A85119319857A
:103ECC00112349F0E0E5F6E00F811127E00FF11F17
:103EDC001A850E94CEDC0E949042E6C1689462F87A
:103EEC00A4E3B8E05FEF0E94F3E35523AAF4A3E741
:103EFC00B8E055270E94F3E3552372F0EFE1F1E3AC
:103F0C000E811127E00FF11F1A8510830E94504279
:103F1C000E945F802296C8C1689462F8A4ECB9E054
:103F2C005FEF0E94F3E355233AF5A3E4BAE055277B
:103F3C000E94F3E3552302F11B850C85145C0940A8
:103F4C000B831A831F83EEE5F0E300E10E94BDE1D1
:103F5C001127E00FF11F1A8510831985112349F0E1
:103F6C00E0EBF6E00F811127E00FF11F1A850E949C
:103F7C00CEDCEBECF2E35ACF689462F8A8EBBBE032
:103F8C005FEF0E94F3E355233AF4AFEEBCE0552704
:103F9C000E94F3E355230AF462C01985112309F436
:103FAC0083C10B851C85689462F8A8EBBBE05FEFBE
:103FBC000E94F3E3552352F4A3ECBBE055270E9477
:103FCC00F3E355231AF0EFEBFAE025C0689462F89E
:103FDC00ACE1BCE05FEF0E94F3E3552352F4A7E29F
:103FEC00BCE055270E94F3E355231AF0EBECFAE002
:103FFC0012C0689462F8A0E8BCE05FEF0E94F3E3A3
:10400C0055238AF4ABE8BCE055270E94F3E3552313
:10401C0052F0E7EAFAE00E811127E00FF11F1A8542
:10402C000E94CEDC19C0689462F8A4EEBCE05FEF8D
:10403C000E94F3E3552382F4AFEEBCE055270E94B7
:10404C00F3E355234AF0E3EBFAE00E811127E00F7E
:10405C00F11F1A850E94CEDC0E94104D25C1689478
:10406C0062F8ACEABDE05FEF0E94F3E355232AF55A
:10407C00ABE0BEE055270E94F3E35523F2F019851F
:10408C00112349F0E0E3F7E00E811127E00FF11F57
:10409C001A850E94CEDCCF93DF931E8108E10E942B
:1040AC00BDE1165A1A931F8108E10E94BDE10A93E3
:1040BC001C851A930E941D2B71C0689462F8A8E8A5
:1040CC00B3E15FEF0E94F3E35523DAF4AFEDB3E114
:1040DC0055270E94F3E35523A2F01E811A931B85EA
:1040EC001A930E94175E22961985112349F0E7E373
:1040FC00F9E00E811127E00FF11F1A850E94CEDC2A
:10410C00D3C0689462F8ACEEB3E15FEF0E94F3E3C6
:10411C005523E2F4ABE4B4E155270E94F3E35523B5
:10412C00AAF0E2E2FDE20E811127E00FF11F1A85E1
:10413C0010831985112371F1EBE2F8E00E81112740
:10414C00E00FF11F1A850E94CEDC24C0689462F83F
:10415C00A0E5B4E15FEF0E94F3E3552312F5AFEA5B
:10416C00B4E155270E94F3E35523DAF0E2E8FDE2CF
:10417C000E811127E00FF11F1C811083198511236B
:10418C0049F0E7EDFAE00E811127E00FF11F1C81D9
:10419C000E94CEDCCF93DF930E947E74DF91CF918F
:1041AC0083C0689462F8A4EBB4E15FEF0E94F3E380
:1041BC005523E2F4A3EDB4E155270E94F3E3552314
:1041CC00AAF0E2EEFDE20E811127E00FF11F1A8535
:1041DC0010831985112349F0E7E3FBE00E811127C9
:1041EC00E00FF11F1A850E94CEDC5EC0689462F865
:1041FC00A8E1B5E15FEF0E94F3E35523A2F4A7E237
:10420C00B5E155270E94F3E355236AF01985112374
:10421C0049F0E7E5FBE00E811127E00FF11F1A854D
:10422C000E94CEDC41C0689462F8ACE7B5E15FEF68
:10423C000E94F3E3552392F4ABE8B5E155270E94B5
:10424C00F3E355235AF01985112371F1E7E6FBE0EE
:10425C000E811127E00FF11F1A851CC0689462F8BB
:10426C00A0E7B7E15FEF0E94F3E35523B2F4A7E3B5
:10427C00B8E155270E94F3E355237AF019851123F1
:10428C0099F0EFE8F9E00B851C8500571741E00F1A
:10429C00F11F1C810E94CEDC07C0A9E9B8E010E038
:1042AC000E9442E410E001C01FEF08952797A885F3
:1042BC00B98524E630E0689465F80E94EEE18F0140
:1042CC00507809F00195102F0E830AE00E94BDE191
:1042DC000D8310918108103010E009F01FEF1A8344
:1042EC00A9E9B8E010E00E944FE4088519856894AC
:1042FC0062F8A0E0B0E05FEF0E94F3E35523B2F464
:10430C00AFEEB0E055270E94F3E355237AF01FE09F
:10431C001093000800917A0810917B081A930A9365
:10432C001A851A930E9420220C943FAA689462F872
:10433C00A0EFB0E05FEF0E94F3E35523D2F4A9EFB6
:10434C00B0E055270E94F3E355239AF000917D08C5
:10435C0010917E0820917F08309180083A932A931F
:10436C001A930A931C851A930E94332225960C9457
:10437C005AAA103039F40A3F29F41A81109389088B
:10438C000C945AAA689462F8ACE2B1E05FEF0E9418
:10439C00F3E355233AF4AFE9BFE055270E94F3E36A
:1043AC00552382F4689462F8A8E8B3E15FEF0E94A9
:1043BC00F3E355230AF5A7E3B8E155270E94F3E38D
:1043CC005523D2F0CF93DF93088519851A930A935E
:1043DC00109181081A9310918908112309F01FEF8D
:1043EC001A9318E01A930E94BB99DF91CF91109504
:1043FC0009F0D7C70C945AAA689462F8A0EABFE0F7
:10440C005FEF0E94F3E355233AF4AFE9B2E155278D
:10441C000E94F3E355230AF436C008851985005A27
:10442C001F4019870887EAE9FEE0E00FF11F1091A1
:10443C007D081083EAE9F1E11985E00FF11F109175
:10444C007E0810831985A0E81A27123809F40F3E4C
:10445C0008F091F4EAE9F7E108851985E00FF11FFE
:10446C0010917F081083EAE9F4E108851985E00FC3
:10447C00F11F1091800810830E94152C24960E9425
:10448C002C3E0C945AAA689462F8A0EAB2E15FEF51
:10449C000E94F3E355231AF5AFEBB2E155270E94C6
:1044AC00F3E35523E2F008851985005A1241198768
:1044BC000887EAE9FAE1000F111F000F111FE00F46
:1044CC00F11F00917D0810917E0820917F0830919A
:1044DC00800801931193219330830C945AAA689409
:1044EC0062F8A0ECB2E15FEF0E94F3E35523AAF46B
:1044FC00AFECB2E155270E94F3E3552372F01A8119
:10450C00112351F0CF93DF931E811A930E948C2CB0
:10451C00DF91CF910E942C3EC7C7689462F8A4E249
:10452C00B3E15FEF0E94F3E355233AF5A3E3B3E164
:10453C0055270E94F3E3552302F11A81112309F444
:10454C00B3C70E81112700561C4F1A930A931DE016
:10455C0000E01A930A930E94F1282596109509F011
:10456C0057C4AAE9BEE0FDE1EAE120E83CE00E9484
:10457C00BFDC1E81109380307FCF1331B1F4083330
:10458C00A1F41A81112381F0AAE9BEE0FDE1EAE170
:10459C0020E83CE00E94BFDC19E0109380300E94C0
:1045AC00152C24960E942C3E7FC7133171F40933CD
:1045BC0061F41A81112341F0AAE1BDE1FEE0EAE9C0
:1045CC0020E83CE00E94BFDC6FC71F3109F040C0FF
:1045DC00003409F03DC010917C08112309F01FEF45
:1045EC001123A9F10E944C3710910308112309F0F3
:1045FC001FEF112339F1CF93DF9310E000E01A93F2
:10460C000A9360976F92FE01EF93FF933196FA93A2
:10461C00EA931FE01A9317EF61221FEB6122E7E088
:10462C00F8E00E94A7DE1FE00881101BFF91EF91BC
:10463C00108323966F900E942D38DF91CF9110300C
:10464C0029F0E6C3CF93DF9311E04EC22DC7A9C664
:10465C001032D9F40830C9F41A811F930E944C37D8
:10466C000F91102389F0CF93DF931FEF1A931A93B6
:10467C000E94543CDF91CF9110918A08112309F0CC
:10468C001FEF112309F02DC20FC71032E1F40930CE
:10469C00D1F41A811F930E944C370F91102391F083
:1046AC00CF93DF9310E01A931FEF1A930E94543CA0
:1046BC00DF91CF9110918A08112309F01FEF11237C
:1046CC0009F00FC2F1C6103289F50A3079F51A815A
:1046DC001F930E944C370F91102339F1CF93DF9326
:1046EC001FEF1A9310E01A930E94543CDF91CF9164
:1046FC0010918A08112309F01FEF112329F0A9E961
:10470C00B8E013E00E9442E4CF93DF931FEF1A93BB
:10471C000E944C22DF91CF911091CF35112309F0DB
:10472C001FEF112309F016C673C3BEC61032B1F5C4
:10473C000B30A1F51A811F930E944C370F91102357
:10474C0009F4B2C6CF93DF9313E000EB1A930A93EC
:10475C0060976F92FE01EF93FF933196FA93EA9371
:10476C001FE01A9317EF61221FEB6122E8E5FCECC6
:10477C000E949BDE1FE00881101BFF91EF911083BC
:10478C0023966F900E942D38DF91CF9110301FEF40
:10479C0009F010E011F008F03BC3DCC5103209F051
:1047AC005AC00C3009F057C01A811F930E944C3725
:1047BC000F91102309F478C6CF93DF9313E003EB2A
:1047CC001A930A9360976F92FE01EF93FF933196C1
:1047DC00FA93EA931FE01A9317EF61221FEB612201
:1047EC00E1E9FCEC0E949BDE1FE00881101BFF91AD
:1047FC00EF91108323966F900E942D38DF91CF910B
:10480C0010301FEF09F010E029F5EEE4F0E00E9403
:10481C00F0DC1F3138F010E009E01A930A9314E031
:10482C0000E006C010E009E01A930A9310E000E5DE
:10483C001A930A930E949E2726961AE5EEE4F0E05E
:10484C000E94CEDCF8941FE7612204B7037F04BFFB
:10485C000C9472D746C1103209F09AC00D3009F091
:10486C0097C01A811F930E944C370F91102309F4A3
:10487C001BC6CF93DF9313E003EB1A930A93609755
:10488C006F92FE01EF93FF933196FA93EA931FE038
:10489C001A9317EF61221FEB6122E9E3FFEC0E94F0
:1048AC009BDE1FE00881101BFF91EF911083239674
:1048BC006F900E942D38DF91CF91CF93DF9313E04F
:1048CC0000E11A930A9360976F92FE01EF93FF93A6
:1048DC003196FA93EA931FE01A9317EF61221FEBBC
:1048EC006122EDE6FCEC0E949BDE1FE00881101BB0
:1048FC00FF91EF91108323966F900E942D38DF91DA
:10490C00CF91CF93DF9313E000E01A930A93609753
:10491C006F92FE01EF93FF933196FA93EA931FE0A7
:10492C001A9317EF61221FEB6122E8E7FCEC0E945F
:10493C009BDE1FE00881101BFF91EF9110832396E3
:10494C006F900E942D38DF91CF91CF93DF9313E0BE
:10495C0000E21A930A9360976F92FE01EF93FF9314
:10496C003196FA93EA931FE01A9317EF61221FEB2B
:10497C006122E5E8FCEC0E949BDE1FE00881101B25
:10498C00FF91EF91108323966F900E942D387EC07B
:10499C00103299F40E3089F41A811F930E944C370F
:1049AC000F91102349F0CF93DF930E94BD3ADF9112
:1049BC00CF91103009F095C077C5103299F40F30B3
:1049CC0089F41A811F930E944C370F91102349F0E0
:1049DC00CF93DF930E94203BDF91CF91103009F0F1
:1049EC0080C062C5103241F4003131F41A811123B8
:1049FC0011F00E94DF3358C5103209F04AC0013162
:104A0C0009F047C01A811123E9F011E01A9316EF4F
:104A1C001A930E94BF21229610E004E60E94A7DCA4
:104A2C0010E01A9316EF1A930E94BF212296CF938F
:104A3C00DF9318E0612A0AE21BED1A930A93E6E46D
:104A4C00FFEC1CC012E01A9316EF1A930E94BF21C0
:104A5C00229610E004E60E94A7DC10E01A9316EFF1
:104A6C001A930E94BF212296CF93DF9318E0612AFC
:104A7C000AE21BED1A930A93E2E6FFEC0E949BDE1E
:104A8C001DE00E9469E11AE00E9469E1DF91CF917B
:104A9C000BC5103299F4023189F41A811F930E94CC
:104AAC004C370F91102349F0CF93DF930E94F03BCA
:104ABC00DF91CF91103009F014C0F6C4103219F503
:104ACC00033109F51A811F930E944C370F91102363
:104ADC00C9F0CF93DF930E94843BDF91CF911030CC
:104AEC0089F0CF93DF9315E01A9309851A851A93F1
:104AFC000A931FEF0FEF1A930A930E94B61FDF91D0
:104B0C00CF91D2C4D1C41032E1F40B36D1F41A8156
:104B1C001123B1F00E94E4240E943125109571F00C
:104B2C000E94F1241FEF10938A08A9E9B8E013E062
:104B3C000E9442E4CF93DF9313E0D6CF0E94F1247E
:104B4C00B3C4103291F50C3681F510917C08112309
:104B5C0009F01FEF112341F10E944C37112319F179
:104B6C00CF93DF932D976F92FE01EF93FF933196C6
:104B7C00FA93EA931CE01A9317EF61221FEB612260
:104B8C00E7E0F8E00E94A7DEE9E7FFEC0E949BDE7D
:104B9C000CE01881011BFF91EF91008323966F901D
:104BAC000E9423AE73CF80C4FCC3113209F03CC009
:104BBC000433D1F5CF93DF9313E000EE1A930A93ED
:104BCC000FEF1A930A930E946026DF91CF911C83FA
:104BDC000B83980110917E0800917D08131709F43E
:104BEC000217A9F4CF93DF9318E0612A0AE21BEDB8
:104BFC001A930A93EEE7FFEC0E949BDE1DE00E94E5
:104C0C0069E11AE00E9469E1DF91CF917CC00E94BA
:104C1C00DB20CF93DF9318E0612A0AE21BED1A9395
:104C2C000A93EFE8FFEC49C0113209F068C0053374
:104C3C0009F065C0CF93DF9313E009EB1A930A9345
:104C4C001A930A930E946026DF91CF911C830B83E9
:104C5C00980110917E0800917D08131709F4021732
:104C6C0001F5CF93DF9318E0612A0AE21BED1A934A
:104C7C000A93E4EAFFEC0E949BDE1DE00E9469E1CE
:104C8C001AE00E9469E1DF91CF9113E009EB1A93CE
:104C9C000A9314E000E01A930A930E949E2726962A
:104CAC0040C00E94DB20CF93DF9318E0612A0AE218
:104CBC001BED1A930A93E9EBFFEC0E949BDE0D812E
:104CCC001E81CF93DF931A930A9310E01A9310E08E
:104CDC001A9310E21A93689463F8E89465F8E894D0
:104CEC0074F875F80E94EAE0DF91CF911DE00E9404
:104CFC0069E11AE00E9469E1DF91CF9189C011321C
:104D0C0039F40E3329F40E94DF330E94D627CCC32A
:104D1C00113251F40F3341F41FEFEFE0F0E00E9439
:104D2C00CEDC0E94DF33C0C3113211F5083901F516
:104D3C0000917A0810917B08A0E81A27103809F422
:104D4C00003230F410E100E000937A0810937B08F5
:104D5C0016E00E942ADB00917A0810917B081A93C6
:104D6C000A930E9450282A96109509F051C09CC3B2
:104D7C001132F9F40939E9F4CF93DF9300917A08F1
:104D8C0010917B081A930A930E94642EDF91CF91A5
:104D9C0000917A0810917B081A930A9310E100E0B5
:104DAC001A930A930E94F1282596109509F030C0A9
:104DBC007BC31132C1F40D39B1F41A81112391F076
:104DCC00CF93DF930E940560DF91CF910E948F29D2
:104DDC001FEF1093030610931B0610E010930706A9
:104DEC001093050661C31132C1F40E39B1F4009170
:104DFC007A0810917B08005E1C4F1A930A9312E0FC
:104E0C0000E01A930A930E94F1282596109521F040
:104E1C00CF93DF9314E068CE47C3113281F40C3F7B
:104E2C0071F400917A0810917B081A930A9310E19F
:104E3C0000E01A930A930E940226249630C0113285
:104E4C00B1F50D3FA1F510E000E01C830B831FE0D2
:104E5C000FEF1A930A93AD81BE8128813981B31764
:104E6C0009F4A21709F0D0F4EAE1FDE10D811E81ED
:104E7C00E00FF11FEF93FF93E0E0F0E0E00FF11F84
:104E8C000E94F0DCFF91EF911083AD81BE811196F1
:104E9C00AD83BE83BB2309F7AA23F9F6229610E152
:104EAC0000E01A930A930E94D92D2796FDC2113265
:104EBC0081F40E3F71F400917A0810917B081A93DB
:104ECC000A9312E000E01A930A930E940226249699
:104EDC0024C0113221F50F3F11F5EEECFFE2EF93F8
:104EEC00FF933196FA93EA931FE01A9317EF61221E
:104EFC001FEB6122EEE0F1E30E94A7DE1FE00881C8
:104F0C00101BFF91EF9110832396AAE1BDE1FFE204
:104F1C00EEE020E032E00E94BFDC12E0C1CF1232A2
:104F2C0069F4003059F4AAE1BDE1FEE0EAE920E8B9
:104F3C003CE00E94BFDC1CE000E8B3CF123261F40D
:104F4C00003651F41A81112331F0CF93DF930E9474
:104F5C00F662DF91CF91A8C2689462F8A4ECB2E239
:104F6C005FEF0E94F3E355233AF4A3EDB2E2552729
:104F7C000E94F3E355230AF4A7C01E81103019F0E8
:104F8C00123009F03FC01E811A930E941A242196F8
:104F9C0010E000E01C830B8300917A0810917B08D1
:104FAC00015010401A930A93AD81BE81288139813A
:104FBC00B31709F4A21709F0D8F40E9406DB10937A
:104FCC00D1350E9406DB1093D2350E9406DB10937C
:104FDC00D3350E9406DB1093D4350E947421AD8129
:104FEC00BE811196AD83BE83BB2301F7AA23F1F6D4
:104FFC0022961E811A930E940A2421960E94C52390
:10500C00229652C2113011F0133051F51E811A93B1
:10501C000E941A24219610E000E01C830B8300915F
:10502C007A0810917B08015010401A930A93AD81B5
:10503C00BE8128813981B31709F4A21709F0E8F56C
:10504C000E9406DB1093DD350E945321AD81BE8199
:10505C001196AD83BE83BB2361F7AA2351F72DC0F4
:10506C001E811A930E941A24219610E000E01C83E2
:10507C000B8300917A0810917B08015010401A9311
:10508C000A93AD81BE8128813981B31709F4A21727
:10509C0009F098F40E9406DB1093D9350E9406DBC8
:1050AC001093DA350E945F21AD81BE811196AD83DC
:1050BC00BE83BB2341F7AA2331F722961E811A9394
:1050CC000E940A242196F0C1133211F40C3821F0FD
:1050DC00133279F50D3869F510917C08112309F01C
:1050EC001FEF112329F110E01A9310E01A93188581
:1050FC001A930E94BCD92396CF93DF9318E0612AB0
:10510C0008EA19ED1A930A93E7E0F8E00E94A7DE8B
:10511C00DF91CF9110E00E94DCD913E008EEE0EFB4
:10512C00F5E0B2E00E945AE31091070610930406D2
:10513C00BBC1689462F8A8E4B6E25FEF0E94F3E3A7
:10514C0055233AF4ABEAB6E255270E94F3E3552314
:10515C000AF459C010917C08112309F01FEF112398
:10516C0009F41FC1EEE0F1E3EF93FF933196FA934C
:10517C00EA931FE01A9317EF61221FEB6122E7E01D
:10518C00F8E00E94A7DE1FE00881101BFF91EF9151
:10519C00108323961E81103091F10E811127005E31
:1051AC001C4F1A930A9312E000E01A930A930E9480
:1051BC0002262496EAEDFDE1EF93FF933196FA93E4
:1051CC00EA931FE01A9317EF61221FEB6122E7E0CD
:1051DC00F8E00E94A7DE1FE00881101BFF91EF9101
:1051EC00108323960E811127005E1C4F1A930A938D
:1051FC0012E000E01A930A930E94E02525961FEF17
:10520C001093030651C1163211F40C3A21F01632E8
:10521C00B9F40D3AA9F41091F407112309F01FEF1A
:10522C00112319F014E010935C071091F50711236A
:10523C0009F01FEF112319F012E010935C0734C131
:10524C00163239F40E3A29F41091810810935C0748
:10525C002BC11632B9F4043DA9F41A81112371F053
:10526C0010E0109399080E941A5815E30EE71A9350
:10527C000A931FE71A930E94F33F23960E945E2D18
:10528C00249612C1163211F40E3D21F01632C9F5D6
:10529C000F3DB9F508851985A0E81A27163A09F4C7
:1052AC000E3D91F400917D0810917E0820917F08AD
:1052BC0030918008E0E1F0E0D8010E94E4DC10912C
:1052CC007E08E8E1F0E011C000917D0810917E08A5
:1052DC0020917F0830918008E4E1F0E0D8010E9431
:1052EC00E4DC10917E08ECE1F0E0D8010E94E4DCF3
:1052FC000E944C4F11E004EF0E94A7DC0E941A5848
:10530C00D3C0163211F40C3F21F0163231F50D3F9B
:10531C0021F51E81103599F4EEE4F0E00E94F0DCEA
:10532C001F3130F010E009E01A930A9314E00CC01E
:10533C0010E009E01A930A9310E000E506C010E0B3
:10534C0009E01A930A9310E000E01A930A930E9462
:10535C009E2726960E94F28CA7C0173231F5063094
:10536C0021F510917C08112309F01FEF1123C9F0CE
:10537C00E8E2F0E0EF93FF933196FA93EA9317E1AA
:10538C001A9317EF612210E4612AE7E0F8E00E941B
:10539C00A7DE17E10881101BFF91EF910E94CEDC74
:1053AC0068C0CF93DF9310E09FCB173231F40A30F3
:1053BC0021F41A811093EE0777C0173299F40B3051
:1053CC0089F41A811095E894112309F0689418B1A6
:1053DC0015F918B91A81109521F010E00AEF0E9406
:1053EC00A7DC62C0173239F50D3029F51A8111236B
:1053FC0009F1AEE0BFE210E0E0E3F0E0319600002E
:10540C00319711F01D93FCCF469A1FEF1093CF35B7
:10541C000E94F28C10E0109303080E944C370E94FB
:10542C001A5815E30EE71A930A931FE71A930E9472
:10543C00F33F239639C01732F1F40E30E1F41A81A0
:10544C00112391F110E010930308CF93DF931FEF1A
:10545C001A930E944C22DF91CF910E946B370E94CD
:10546C00F28C15E30EE71A930A931FE71A930E9426
:10547C00F33F239619C0173231F40F3021F41A81FF
:10548C00112391F0DFC9CF93DF9310E01A930985B4
:10549C001A851A930A9300917A0810917B081A9333
:1054AC000A930E94B61FF2CA08952197E7E0F8E02C
:1054BC00EF93FF933196FA93EA931FE11A9317EF48
:1054CC0061221FEB6122E7E0F8E00E947ADE1FE127
:1054DC000881101BFF91EF911083239610E0188325
:1054EC001C31D0F408811127A4E0B0E0E89465F8F1
:1054FC000E94CCE1FDEEEEEBE00FF11FB8E0A7E06F
:10550C00689464F80E9440E111F4188106C0188177
:10551C0013951883112321F71CE108952297E7E0D6
:10552C00F8E0EF93FF933196FA93EA931FE11A9305
:10553C0017EF61221FEB61221FE10881101BFF9105
:10554C00EF911083239610E010937C081883E7E208
:10555C00F8E0009178081127E00FF11F108110324C
:10556C0031F410917808139510937808F0CFE7E296
:10557C00F8E0009178081127E00FF11F1081193322
:10558C0021F018F41A3208F0189409F03EC01FEFFD
:10559C001883ECE0F0E0FA93EA931091780810830A
:1055AC00EF93FF93E7E2F8E01081FF91EF911A93EC
:1055BC0010810881011740F1E7E2F8E01127EC0DAA
:1055CC00F11F10811C83193321F018F41A3208F0E2
:1055DC00189491F41C811A9311E01A93FE01EF9325
:1055EC00FF93E7E0F8E0EF93FF931FE11F9390E048
:1055FC000E9447DD229601C03EC0E981FA811081EC
:10560C00139510831123A9F65FC0ECE0F0E0FA9338
:10561C00EA93109178081083EF93FF93E7E2F8E098
:10562C001081FF91EF911A9310810881011708F4F2
:10563C004BC0E7E2F8E01127EC0DF11F10811C8341
:10564C00123221F41FEF10937C0836C01C811134E8
:10565C0010E008F01FEF1F9310917C08112309F044
:10566C001FEF0F91102B21F11C81113219F01F33F8
:10567C0009F0143229F4C09278081B81239626C0B5
:10568C001C811A9311E01A93FE01EF93FF93E7E04C
:10569C00F8E0EF93FF931FE11F9390E00E9447DD2A
:1056AC0022961D81112341F01FEF10937C0804C03A
:1056BC00C09278081B810AC0E981FA811081139588
:1056CC001083112309F0B1CF2396188108952797E1
:1056DC00A7E2B8E0ECE5F9EC689464F80E9440E1CC
:1056EC0009F4A4C011E2012FE7E2F8E061E00E94A6
:1056FC0064DE103010E009F01FEF18831DE3012F5A
:10570C00E7E2F8E061E00E9464DE1E83103010E0F6
:10571C0009F41FEF198311E010937808CF93DF93EE
:10572C0010E01A93FBDEDF91CF91112329F010E0EA
:10573C0000E01B830A8330C0CF93DF93B6DEDF918A
:10574C00CF91109379081C3189F4CF93DF9310E03B
:10575C001A930D811E811A930A931FEF0FEF1A9360
:10576C000A930E94B61FDF91CF9160C0EEE2FEEE6D
:10577C00009179081127000F111FE00FF11F01E0B4
:10578C000BBF079116911B830A83CF93DF9310E015
:10579C001A93C4DEDF91CF91E7E0F8E01FEB6122B2
:1057AC00E89461F800E00E94BFDD98010A811B813A
:1057BC00020F131F1D830C831981112349F0CF9302
:1057CC00DF930C811D811A930A930E9494952CC02F
:1057DC001E811F5F10937808CF93DF931FEF1A93EE
:1057EC009DDEDF91CF91112319F00E94ED9212C032
:1057FC0000E010E020E030E000937D0810937E087C
:10580C0020937F083093800800937A0810937B08CC
:10581C0010938108CF93DF930C811D811A930A9307
:10582C001A811A930E945CA1DF91CF910895289759
:10583C001BE110938208E3E8F8E0FA93EA931AE08C
:10584C001A930E94F3DA239610918308143021F4F2
:10585C0016E00E942ADB4DC1E4E8F8E0FA93EA93E3
:10586C001AE01A930E94F3DA2396E5E8F8E0FA932B
:10587C00EA931AE01A930E94F3DA2396E6E8F8E02A
:10588C00FA93EA931AE01A930E94F3DA2396109390
:10589C0088081091820800918308010F10918408E8
:1058AC00100F012F10918508100F012F10918608F1
:1058BC00100F1E8310918808112309F01FEF11237C
:1058CC0009F409C110918308113009F090C0ECE083
:1058DC00F0E0FA93EA9310E01083109186081150CF
:1058EC001A9310810881011700F1EEE0F0E0FA93B1
:1058FC00EA931AE01A930E94F3DA2396109521F09A
:10590C0010E01093880811C0EAE1FAE21127EC0DBF
:10591C00F11FE08209851E2D100F1987E981FA818C
:10592C001081139510831123E9F62396E7E8F8E02C
:10593C00FA93EA931AE01A930E94F3DA23961091E1
:10594C008808112309F01FEF1F93009187081E810F
:10595C00011710E009F41FEF0F9110231093880822
:10596C00112309F01FEF112309F43DC0ECE0F0E026
:10597C00FA93EA9310E010831091860811501A9351
:10598C0010810881011760F12091840830918508FD
:10599C000C2D1127020F131F1F830E83EAE1FAE26D
:1059AC001127EC0DF11F11911887CF93DF930E8106
:1059BC001F811A930A931A851A931091890811233F
:1059CC0009F01FEF1A9318E01A930E94BB99DF910C
:1059DC00CF91E981FA81108113951083112389F6F7
:1059EC00239616E001C015E10E942ADB74C01091C9
:1059FC008308123009F06FC0E7E8F8E0FA93EA93F5
:105A0C001AE01A930E94F3DA239610918808112356
:105A1C0009F01FEF1F93009187081E81011710E0FA
:105A2C0009F41FEF0F91102310938808112309F02C
:105A3C001FEF112309F44CC016E00E942ADB12E080
:105A4C001A9300918408109185081A930A930E9466
:105A5C004C2E24961E83109186080E942ADB0E8100
:105A6C00100F1E8300918408109185081C830B83F2
:105A7C00ECE0F0E0FA93EA9310E0108310918608C2
:105A8C0011501A93108108810117F8F00E811F81B3
:105A9C001A930A93FE013A96FA93EA9310E01A933A
:105AAC000E942F932A9618850E942ADB0985100FD5
:105ABC001987AE81BF811196AE83BF83E981FA81CC
:105ACC001081139510831123F1F623961E8101C0CA
:105ADC0015E10E942ADB10918808112309F01FEFB1
:105AEC00109539F00E9423DB112319F00E9406DB7C
:105AFC00F9CFE7E2F8E0EF93FF933196FA93EA934C
:105B0C001FE11A9317EF61221FEB61221FE108813D
:105B1C00101BFF91EF9110832396089521970E94FB
:105B2C0023DB112309F481C00E9406DB1883183093
:105B3C0069F410912708103041F0E7E2F8E0108189
:105B4C0011501F3108F01FE1108372C01D3009F095
:105B5C003FC010912708103010E009F01FEF1F9381
:105B6C00109128081F3210E009F01FEF0F9110233D
:105B7C00B9F00E94052110E01093F5071FEF109368
:105B8C00F407CF93DF93A3DDDF91CF910E9423DB4A
:105B9C00112319F00E9406DBF9CF10E01093F407E3
:105BAC001EE30E942ADBE7E2F8E0EF93FF933196C5
:105BBC00FA93EA931FE11A9317EF61221FEB61220C
:105BCC001FE10881101BFF91EF911083239630C0C9
:105BDC001B3189F410E0109389081093F5071FEF1F
:105BEC001093F407CF93DF9322DEDF91CF9110E077
:105BFC001093F4071DC018811A3721F018F41032D5
:105C0C0008F01894A9F418811A9311E01A93FE0164
:105C1C00EF93FF93E7E2F8E0EF93FF931FE11F93FD
:105C2C0090E00E9447DD229603C01AE00E94B6DC89
:105C3C00082D027009F45A9A0895249710910706BA
:105C4C00109304060E944C37109511F010E0E0C13F
:105C5C0010E01B8310938A0810930408CF93DF93F2
:105C6C002D976F92FE01EF93FF933196FA93EA937F
:105C7C001CE01A9317EF61221FEB61221CE50E94B6
:105C8C0069E10CE01881011BFF91EF9100832396D1
:105C9C006F902D976F92FE01EF93FF933196FA93CD
:105CAC00EA931CE01A9317EF61221FEB6122FE01AD
:105CBC00B1960E94A7DE0CE01881011BFF91EF91B9
:105CCC00008323966F9017E21A930E948414DF913D
:105CDC00CF91112309F47AC1CF93DF9318E0612A95
:105CEC000AE21BED1A930A93E2EDFFEC0E949BDE95
:105CFC00FE0136960E94A7DE12E20E9469E11DE0C9
:105D0C000E9469E11AE00E9469E1DF91CF91109144
:105D1C000A2F112309F01FEF112361F110E00E94EB
:105D2C00D4D9CF93DF9318E0612A08EA19ED1A93BE
:105D3C000A93E5EEFFEC0E949BDEDF91CF9110E021
:105D4C001A9310E01A9311E01A930E94BCD923966F
:105D5C00CF93DF9318E0612A08EA19ED1A930A939E
:105D6C00FE0136960E94A7DEDF91CF9111E004EF81
:105D7C000E94A7DCCF93DF93E5E0F8E0FA93EA9377
:105D8C002D976F92FE01EF93FF933196FA93EA935E
:105D9C001CE01A9317EF61221FEB61220CE01881B3
:105DAC00011BFF91EF91008323966F902D976F92BB
:105DBC00FE01EF93FF933196FA93EA931CE01A934A
:105DCC0017EF61221FEB6122FE01B3960E94A7DE42
:105DDC001CE00881101BFF91EF91108323966F90AC
:105DEC0010E001E00093CC011093CD010E949912B8
:105DFC00DF91CF91112309F4CAC0009105081091CD
:105E0C0006081A930A930E94D0172296112309F4BC
:105E1C00BAC01FEF109304081B8300910508109162
:105E2C0006081A930A930E94C4192296109509F435
:105E3C00AAC0E7E2F8E0EF93FF933196FA93EA9366
:105E4C001FE11A9317EF61221FEB61221FE10881FA
:105E5C00101BFF91EF911083239600910508109170
:105E6C0006081A930A930E94C4192296109509F4F5
:105E7C0042C000910508109106081A930A93FE017E
:105E8C003496FA93EA9310E001E01A930A93FE0118
:105E9C003696FA93EA930E94FA192A961A811032CE
:105EAC00D8F0E7E2F8E0EF93FF933196FA93EA9398
:105EBC001FE11A9317EF61221FEB6122E7E2F8E072
:105ECC000E94A7DE1D810E9469E11FE10881101B61
:105EDC00FF91EF91108323961A811A3010E009F488
:105EEC001FEF1F931A811D3010E009F41FEF0F9163
:105EFC00102B09F4B2CFCF93DF9318E0612A0AE29A
:105F0C001BED1A930A93E7E2F8E00E94A7DE1DE06E
:105F1C000E9469E11AE00E9469E1DF91CF91109132
:105F2C002708103079F1109128081F3209F475CF29
:105F3C0010910A2F112309F01FEF1123F1F010E03B
:105F4C001A9310E01A9311E01A930E94BCD923966D
:105F5C00CF93DF9318E0612A08EA19ED1A930A939C
:105F6C00E7E2F8E00E94A7DEDF91CF9110E00E94FB
:105F7C00DCD910E009E10E94A7DCCF93DF93A7DB0B
:105F8C00DF91CF914ACF10E009E10E94A7DCE7E254
:105F9C00F8E0EF93FF933196FA93EA931FE11A938B
:105FAC0017EF61221FEB61221FE10881101BFF918B
:105FBC00EF9110832396E5E0F8E0FA93EA930E94C0
:105FCC006D19249610E01093040821C010E0109372
:105FDC001E310E94DB20CF93DF9318E0612A0AE286
:105FEC001BED1A930A93E2EFFFEC0E949BDEFE017D
:105FFC0036960E94A7DEEEEFFFEC0E949BDE1DE0C2
:10600C000E9469E11AE00E9469E1DF91CF911B8146
:10601C000895229710910A2F112309F01FEF1123D5
:10602C0009F4D1C000913906D0903806D02A10E07E
:10603C001A9310E01A9311E01A930E94BCD923967C
:10604C00CF93DF9318E0612A08EA19ED1A930A93AB
:10605C00EAE0F0ED0E949BDEDF91CF91CF93DF93CE
:10606C0018E0612A08EA19ED1A930A93689463F808
:10607C004D2D0E945DE1DF91CF910E941531CF93A0
:10608C00DF9318E0612A08EA19ED1A930A934091FC
:10609C003606689463F80E945DE1DF91CF91109110
:1060AC003806103C10E009F41FEF1F931091863056
:1060BC00112309F01FEF10950F91102321F010E020
:1060CC001093040612C00E941531CF93DF9318E091
:1060DC00612A08EA19ED1A930A93409137066894DD
:1060EC0063F80E945DE1DF91CF9110E00E94DCD952
:1060FC000E941D2110913806103B09F064C00091DC
:10610C0039061127A0E8B0E0E89465F80E94CCE1CC
:10611C009801009136061127020F131F000F111F53
:10612C00FAE0EAE9E00FF11F01911081198308836D
:10613C001FEFD12E19811A930A9313E008EE1A93CC
:10614C000A9315E007EE1A930A930E942EE4269602
:10615C00112349F0EAE9F8E008811981085E13403F
:10616C00E00FF11FD0801D2D1F3F19F51091070670
:10617C0010930406CF93DF9360976F92FE01EF9319
:10618C00FF933196FA93EA931FE01A9317EF61226B
:10619C001FEB6122E2E1F0ED0E949BDE1FE0088123
:1061AC00101BFF91EF91108323966F900E94713515
:1061BC0008C01D2DD0920406CF93DF931A930E9432
:1061CC009535DF91CF91089508811981A0E81A27A0
:1061DC00153809F40B3410E009F41FEF1F930881F4
:1061EC001981A0E81A27153809F4033710E009F4CF
:1061FC001FEF0F91102B29F01091370610541093AC
:10620C00370608811981A0E81A27153809F40F36CA
:10621C0031F4109137061054195F10933706089516
:10622C002D970D851E851A930A9313E008EE1A9389
:10623C000A9316E007ED1A930A930E942EE4269611
:10624C00112309F440C20E9405210D851E85085EAC
:10625C0013401E830D83EAE9F1E1E00FF11F108179
:10626C001C87EAE9FEE01E81E00FF11F11911B87EC
:10627C000D851E85689462F8A8EBB4E05FEF0E9470
:10628C00F3E355233AF4AAEBB4E055270E94F3E369
:10629C0055230AF47FC01091370609E00E94BDE136
:1062AC0008831091370609E00E94BDE11A8318811A
:1062BC001A931EE91A931AE01A930E9489DC23960A
:1062CC0019830D851E85143011F5083B01F51A81D3
:1062DC001A9310E01A9318E01A930E94D8E32396AD
:1062EC00112381F0EEE0FFE20A811127E00FF11F8C
:1062FC0019811083EBE7F1E30A811127E00FF11FFD
:10630C0010E11083109137061093DE2FDCC114308E
:10631C0011F5093B01F51A811A9310E01A9318E054
:10632C001A930E94D8E32396112381F0EEE1FFE249
:10633C000A811127E00FF11F19811083EBE8F1E3BB
:10634C000A811127E00FF11F10E11083109137061D
:10635C001093DF2FB8C11430E1F40A3BD1F410E0F4
:10636C00109308311A81103039F419811093562F7B
:10637C0010E11093C33109C01A81113031F4198125
:10638C001093582F10E11093C531109137061093CC
:10639C00E02F99C1143009F043C00B3B09F040C009
:1063AC00109116301170E12E10913706103011F447
:1063BC0010E022C0113011F412E01EC0123011F4A2
:1063CC0014E01AC0133011F411E016C0143011F49B
:1063DC0013E012C0153011F415E00EC0103219F490
:1063EC001E2D105009C0103419F41E2D1E5F04C050
:1063FC00103629F41E2D1C5F1093163007C01F3762
:10640C0029F4109116301160109316300E948F29C8
:10641C00109137061093E12F10E11093833253C182
:10642C0010E01B831C8512951F701C83EAE9F4E1B4
:10643C000D811E81E00FF11F10811A87EAE9F7E147
:10644C000D811E81E00FF11F019109871A85100F34
:10645C00169518871C81103099F4109137061A93F1
:10646C001B851A931B851A930E94CEE323961093D7
:10647C0037060D851E851A930A93A6DE2296B9C09F
:10648C00113081F4E9840A85E01A109137061A93C9
:10649C00EA921FE71A930E9489DC2396012F1A8532
:1064AC00100FA5C01230F1F4109137061A931B850A
:1064BC001A931B851A930E94D8E32396112389F013
:1064CC00CF93DF930D851E851A930A93109137068F
:1064DC001A9310E01A9310E11A930E94BB99DF9162
:1064EC00CF9171C01330A9F4109137061A931B8504
:1064FC001A931B851A930E94CEE3239610933706AA
:10650C0019850A85010F10913706011B0093370678
:10651C0070C01430D1F410913706103408F4A1C0B7
:10652C00EEE0FFE20D811E81E00FF11FE1901A8574
:10653C00E11621F018F01A85109337061985E1162B
:10654C0018F419851093370654C0153061F4009176
:10655C0037061885011719F010F01FE701C010E07D
:10656C001093370646C0163061F400913706188533
:10657C00011719F010F010E001C01FE71093370657
:10658C0038C0173019F5109137061A931B851A93DA
:10659C001B851A930E94D8E323961123A1F01FE7C1
:1065AC0010933706CF93DF930D851E851A930A93AC
:1065BC00109137061A9310E01A9310E11A930E9467
:1065CC00BB99DF91CF911FEF1B834BC0183019F58E
:1065DC001A85103011F411E01A87109137061A93AE
:1065EC001A851A931C851A930E9489DC23961093A2
:1065FC003706CF93DF930D851E851A930A9310915E
:10660C0037061A9310E01A9310E11A930E94BB9963
:10661C00DF91CF9126C0193021F5109137061A93CE
:10662C001B851A931B851A930E94D8E3239611237A
:10663C0011F01FE701C010E010933706CF93DF93E2
:10664C000D851E851A930A93109137061A9310E044
:10665C001A9310E11A930E94BB99DF91CF911FEF0F
:10666C001B831B81112359F1AD85BE851197AD8715
:10667C00BE87AD81BE811197AD83BE83DC84EB8474
:10668C00EAE9F1E10A2FEA0FFB1F10811C87EAE906
:10669C00FEE0E00FFB1F10811B871C8512951F70FD
:1066AC001C830C850D1510E009F41FEF1F930B854F
:1066BC000E1510E009F41FEF0F9110231B831B81A3
:1066CC00109509F4AFCE08950091360610918230E2
:1066DC00011741F41091370610935E2F10E11093BF
:1066EC00CB310DC00091360610918130011749F461
:1066FC001091370610933F061FEF1093F1071FEF11
:10670C0001C010E0089510911806112309F01FEF35
:10671C00112361F013E01A931AE51A9310E01A93FF
:10672C000E942A41239610E010931806089527978B
:10673C0010913806103B10E009F41FEF012F109157
:10674C0039061A9310917E301A931D5F1A930E948A
:10675C00D8E32396102309F490C010913606163016
:10676C0010E009F41FEF1F9310914C06173010E046
:10677C0009F41FEF0F91102309F453C010E0188394
:10678C00103208F07AC008811127A4E0B0E0E89438
:10679C0065F80E94CCE1FAE1EAE9E00FF11F3296CC
:1067AC002191308110914A0600914906A0E81A27E0
:1067BC003A27131709F4021769F508811127A4E089
:1067CC00B0E0E89465F80E94CCE1FAE1EAE9E00F68
:1067DC00F11F0191108108511C4F1A8309831A93E0
:1067EC000A9313E008EE1A930A9316E007ED1A9336
:1067FC000A930E942EE42696112359F0CF93DF932F
:10680C0009811A811A930A930BDDDF91CF910E94B3
:10681C00112133C0188113951883112309F0B0CFBF
:10682C002CC00091390610917E30011B1127A0E875
:10683C00B0E0E89465F80E94CCE19801009136062E
:10684C001127020F131F000F111FFAE0EAE9E00FE6
:10685C00F11F019110811A830983CF93DF931A8161
:10686C001A930A93DDDCDF91CF91009139061091D8
:10687C007E301D5F011708F446DF0895009139063C
:10688C0010917E30011710E009F41FEF1F93109147
:10689C003806103B10E009F41FEF0F91102319F08C
:1068AC000E94052111DF089523970091390610915C
:1068BC007E30011709F03EC010913806103C10E0F4
:1068CC0009F41FEF1F9310918630112309F01FEF6D
:1068DC0010950F91102349F1109136061A9310E080
:1068EC001A931BE01A930E94D8E32396112341F0CC
:1068FC001091360610931B3010E1109388321AC099
:10690C00109136061A931CE01A9317E11A930E9401
:10691C00D8E32396112371F0109136061C50109376
:10692C001C3010E11093893205C0CF93DF93FFDE4A
:10693C00DF91CF910091390610917E301F5F0117C6
:10694C0029F4CF93DF93F3DEDF91CF9100913906D9
:10695C0010917E301E5F011729F4CF93DF93E7DE91
:10696C00DF91CF9108952397ED81FE8100811181F4
:10697C001A930A930E94E7412496EB81FC810081D3
:10698C0011811A930A930E94E741249610E01A830E
:10699C0000E019830883FE01FA93EA93FE01349612
:1069AC00FA93EA930E9494412596EB81FC81208115
:1069BC00318119810881A0E81A273A27131709F4A5
:1069CC00021748F31A811F771A930E94AF40229640
:1069DC000E94AA4008951FEF1093F50710E0109342
:1069EC00F40710917F30103029F010E010937F30B5
:1069FC000E94C74E08956197009154061091550658
:106A0C00A0E81A27113C09F4003F09F01EC11091AF
:106A1C008730112309F01FEF112309F4B4C510912D
:106A2C0058061A3110E009F41FEF1F931091590604
:106A3C00123110E009F41FEF0F9110231F930091F6
:106A4C005A0610915B06103009F4013010E009F47D
:106A5C001FEF0F91102309F490C010915E061030B7
:106A6C0010E009F01FEF1C8300915C0610915D068D
:106A7C00103049F4003539F41C811093922F10E238
:106A8C001093FF317AC0113049F4003539F41C8170
:106A9C001093932F10E2109300326FC01230A1F4B8
:106AAC00003591F4E6E6FEEE00915E061127E00F4C
:106ABC00F11F11E01BBF16911093163010E21093CA
:106ACC0083320E948F2959C01B3049F4003539F4A8
:106ADC001C811093972F10E2109304324EC019337F
:106AEC0089F4003479F41C81112329F0E3E9F4E0F2
:106AFC000E94F0DC01C010E01093512F10E21093B3
:106B0C00BE313BC01B3371F4003461F41FEF1093A2
:106B1C009A2F1C8110939B2F10E210930732109325
:106B2C0008322BC0173049F4003439F41C8110930F
:106B3C008E2F10E21093FB3120C0183049F4003432
:106B4C0039F41C811093912F10E21093FE3115C073
:106B5C00193049F4003439F41C8110938F2F10E252
:106B6C001093FC310AC01A3041F4003431F41C810A
:106B7C001093902F10E21093FD311091580618309D
:106B8C0010E009F41FEF1F9310915906123110E019
:106B9C0009F41FEF0F9110231F9300915A061091C7
:106BAC005B06103009F4043010E009F41FEF0F916C
:106BBC00102309F4E8C410915E06103010E009F0BF
:106BCC001FEF1C8310915D06113139F41C81109359
:106BDC008E2F10E21093FB31D6C4123139F41C8184
:106BEC001093912F10E21093FE31CDC4133139F470
:106BFC001C8110938F2F10E21093FC31C4C41631FA
:106C0C0039F41C811093902F10E21093FD31BBC40A
:106C1C00193339F41C811093922F10E21093FF3129
:106C2C00B2C41A3389F4E6E6FEEE00915E06112733
:106C3C00E00FF11F11E01BBF16911093163010E2FC
:106C4C00109383320E948F299EC400915406109198
:106C5C005506209156063091570640E834273438B3
:106C6C0029F4203219F4103009F4003F09F08BC4D8
:106C7C0016E018870091580610915906A0E81A27BB
:106C8C00103809F4003009F082C0A5DE0E94724071
:106C9C0010E01A930E94AF40229611E01A930E94C2
:106CAC00AF40229613E31A930E94AF402296ECE079
:106CBC00F0E0FA93EA9311E0108318E11A93108133
:106CCC000881011798F0E7E6F9EC1127EC0DF11F9C
:106CDC0011E01BBF16911A930E94E0402196E981A6
:106CEC00FA81108113951083112351F7239613E029
:106CFC001A930E94AA212196E7E0F8E0EF93FF9304
:106D0C003196FA93EA931FE11A9317EF61221FEB66
:106D1C0061220091D5351091D6352091D73530911F
:106D2C00D835B801C901492F0E945DE1482F0E9456
:106D3C005DE1472F0E945DE1462F0E945DE11FE15E
:106D4C000881101BFF91EF9110832396ECE0F0E08B
:106D5C00FA93EA9311E0108318E01A9310810881DA
:106D6C00011788F0E7E0F8E01127EC0DF11F108116
:106D7C001A930E94E0402196E981FA8110811395C3
:106D8C001083112361F723960E94AA40FCC3109133
:106D9C005806133309F0F7C3109159061B831730AB
:106DAC00C1F519DEFE013896FA93EA93FE0171964D
:106DBC00FA93EA93E9D32696109551F5FE0138968D
:106DCC00FA93EA93FE013F96FA93EA93DDD3269663
:106DDC001095F1F4CF93DF930F8518891A930A93CA
:106DEC001F851A9310918908112309F01FEF1A932C
:106DFC0010E21A930E94BB99DF91CF91109529F064
:106E0C00A9E9B8E010E00E9442E410E0112351F22D
:106E1C0050C21B81133009F05EC0DDDDE7E2F8E003
:106E2C00EF93FF933196FA93EA931FE11A9317EFBE
:106E3C0061221FEB61221FE10881101BFF91EF9172
:106E4C0010832396E4E5F6E008851127E00FF11F87
:106E5C00D0801D2D173F21F11D2D1032D8F0E7E207
:106E6C00F8E0EF93FF933196FA93EA931FE11A93AC
:106E7C0017EF61221FEB6122E7E2F8E00E94A7DE28
:106E8C001D2D0E9469E11FE10881101BFF91EF91FC
:106E9C001083239618851395188710E0112391F20F
:106EAC00CF93DF930E946DABDF91CF91E7E2F8E0D7
:106EBC00EF93FF933196FA93EA931FE11A9317EF2E
:106ECC0061221FEB61221FE10881101BFF91EF91E2
:106EDC0010832396EEC11B811731F9F47CDD10E091
:106EEC001D83FE013896FA93EA93FE017196FA938C
:106EFC00EA934AD32696109509F01CC3CF93DF93DF
:106F0C000F8518891A930A930E949495DF91CF915B
:106F1C0018E11A939CD3219636C31B81153041F589
:106F2C005ADD10E01D83FE013896FA93EA93FE01B8
:106F3C007196FA93EA9328D32696109509F0FAC223
:106F4C000F8518891A930A93EEE0F0E0FA93EA930E
:106F5C0010E01A930E942F932A960F8518891A9382
:106F6C000A9311271A93EA920E94194024960BC394
:106F7C001B81193010E009F41FEF1F931B8119328C
:106F8C0010E009F41FEF0F91102B09F492C023DDD0
:106F9C0010E01D83FE013896FA93EA93FE01719678
:106FAC00FA93EA93F1D22696112309F47CC0FE01E0
:106FBC003896FA93EA93FE013D96FA93EA93E4D25B
:106FCC002696112309F46FC01B81193211F41AE2B1
:106FDC0001C01AE01A930E949C4021960F851889D3
:106FEC001A930A930E94E74124960F851889100F73
:106FFC0018831B81193259F40B851C851A930A933B
:10700C000E94E74124960B851C85100F188310E015
:10701C0018871B8511501A9319850881011788F15F
:10702C00088919891A930A93EDE0F0E0FA93EA9330
:10703C0010E01A930E942F932A96112321F0112706
:10704C001F87DE8609C010E000E01F870E87A9E9C4
:10705C00B8E010E00E9442E4A889B9891196A88B87
:10706C00B98B0E851F851A930A930E94E7412496CB
:10707C000E851F85100F19831985139519871123F8
:10708C0061F621961B81193259F410E01A930E9473
:10709C00AF40229618811F771A930E94AF40229618
:1070AC000E94AA4070C2CF93DF93C6D2DF91CF91DA
:1070BC006AC21B81103209F0BEC010915A061A83A5
:1070CC000E94112117E018870A811127A0E2B0E075
:1070DC00689465F80E94CCE11A87098710E0188340
:1070EC001885163219F010F013E001C016E0E12EED
:1070FC00ECE0F0E0FA93EA9310E01083EA9210814E
:10710C0008810117D8F0E4E5F6E00B851127E00FB4
:10711C00F11FD0800B811D2D100F1B83E4E5F7E0D0
:10712C001127EC0DF11FD0821B8513951B87E9816C
:10713C00FA81108113951083112311F72396E4E53E
:10714C00F6E008851127E00FF11F10811F831885C9
:10715C001395188708811F81100F1883ECE0F0E05D
:10716C00FA93EA93E08210E01A93108108810117D8
:10717C0009F0F0F4E4E5F7E01127EC0DF11FD080F5
:10718C00FE013A96DF010C9100FF08C0E4E5F7E040
:10719C001127EC0DF11F1D2D106810831A85169503
:1071AC001A87E981FA8110811A9510831F3FF1F635
:1071BC002396ECE0F0E0FA93EA9310E01083EA9265
:1071CC00108108810117E8F0EAE1FDE10C851D85CD
:1071DC00E00FF11FEF93FF93E4E5F7E01127EC0DBF
:1071EC00F11F1081FF91EF911083AC85BD85119635
:1071FC00AC87BD87E981FA81108113951083112327
:10720C0001F7239618851B3209F008F469CFE4E5E1
:10721C00F6E008851127E00FF11F10811983188102
:10722C001F7718830981011729F0A9E9B8E013E049
:10723C000E9442E43EC01B81113209F03EC016E0B0
:10724C001887FE013896FA93EA93FE017196FA9329
:10725C00EA939AD12696112339F1FE013896FA93C6
:10726C00EA93FE013F96FA93EA938ED12696112368
:10727C0001F1CF93DF930F8518891A930A930E941B
:10728C00642EDF91CF910F8518891A930A930F857D
:10729C0018891A930A930E94F1282596109549F0A3
:1072AC00A9E9B8E013E003C0A9E9B8E010E00E9436
:1072BC0042E4CF93DF93A0D1F9CE1B811A9310E156
:1072CC001A9316E11A930E94D8E32396112309F41A
:1072DC0082C016E01887E7E4F8E0EF93FF9331964D
:1072EC00FA93EA931FE11A9317EF61221FEB6122C5
:1072FC001FE10881101BFF91EF9110832396E4E5A9
:10730C00F6E008851127E00FF11FD0801D2D173FE7
:10731C0010E009F41FEF1F931D2D103010E009F43D
:10732C001FEF0F91102B51F51D2D1032E1F0D8F0FD
:10733C00E7E4F8E0EF93FF933196FA93EA931FE1B9
:10734C001A9317EF61221FEB6122E7E4F8E00E9429
:10735C00A7DE1D2D0E9469E11FE10881101BFF9122
:10736C00EF9110832396188513951887143110E02C
:10737C0011F008F01FEF106009F4C1CF1B81105100
:10738C00C12E0C2D1127A0E1B0E0E89465F80E9405
:10739C00CCE1F7E0EEE6E00FF11FEF93FF933196AF
:1073AC00FA93EA931FE01A9317EF61221FEB612205
:1073BC00E7E4F8E00E94A7DE1FE00881101BFF91B4
:1073CC00EF9110832396E6E6F7E01127EC0DF11F01
:1073DC001FEF10830BC01B811F3071F410915A06E4
:1073EC001093900810915B0610938F08A9E9B8E0F0
:1073FC0010E00E944FE4C7C01B811A3139F5FE0121
:10740C003896FA93EA93FE017196FA93EA93BCD0FC
:10741C002696109509F08EC0FE013896FA93EA93E1
:10742C00FE013D96FA93EA93AFD02696109509F09B
:10743C0081C00F8518891A930A930D851E851A939E
:10744C000A930E94022624961BE183C01B811E31E5
:10745C0009F055C0FE013896FA93EA93FE01719635
:10746C00FA93EA9391D02696109509F063C0FE0129
:10747C003896FA93EA93FE013D96FA93EA9384D0F8
:10748C002696109509F056C0EEECFFE2EF93FF93B1
:10749C003196FA93EA931FE01A9317EF61221FEBD0
:1074AC006122EEE0F1E30E94A7DE1FE00881101BD1
:1074BC00FF91EF9110832396AAE1BDE1FFE2EEE08C
:1074CC0020E032E00E94BFDC1FE11A930E949C4036
:1074DC002196FE013F96FA93EA93FE013D96FA93AC
:1074EC00EA9341DA2796AEECBFE210E0E0E1F0E07F
:1074FC0031960000319711F01D93FCCF44C01B81D5
:10750C001033B1F5FE013896FA93EA93FE017196A9
:10751C00FA93EA9339D02696109561F4FE013896C9
:10752C00FA93EA93FE013D96FA93EA932DD02696B0
:10753C00109531F0CF93DF937FD0DF91CF9123C0A3
:10754C00AAE1BDE1FEE0EAE920E83CE00E94BFDCF4
:10755C0011E31A930E949C402196FE013F96FA93E8
:10756C00EA93FE013D96FA93EA93FDD927960BC058
:10757C001B81113041F4CF93DF933ED0DF91CF913B
:10758C0010E0109399080895229710E000E0EA812A
:10759C00FB8101931083EC81FD8100811127F6E0C2
:1075AC00E4E5E00FF11F10811983173F89F0EC819E
:1075BC00FD81108113951083EC81FD8100811127D1
:1075CC00F6E0E4E5E00FF11F10811883173F11F48A
:1075DC0010E011C0EC81FD8110811395108319818D
:1075EC001A9319811A930E94DC412296EA81FB813D
:1075FC00019310831FEF089512E01A930E949C4090
:10760C00219610915106112309F01FEF112321F03F
:10761C0010919908106403C0109199081F7310936E
:10762C0099081F771A930E94AF4022960E94AA4095
:10763C0010E0109399080895A9E9B8E010E00E94B1
:10764C0042E4CF93DF93D8DFDF91CF910895188177
:10765C001A930E949C402196ECE0F0E0FA93EA9396
:10766C0011E01083EF93FF93E7E0F8E01081FF91B6
:10767C00EF911A9310810881011788F0E7E0F8E088
:10768C001127EC0DF11F10811A930E94E0402196F6
:10769C00E981FA81108113951083112361F72396E8
:1076AC0010E01A930E94AF4022960E94AA400895BF
:1076BC0010913706103F49F410E010938B081FEF20
:1076CC0010938C0819E11093F30510918C08112379
:1076DC0009F01FEF112391F0E4E5F6E000918B081F
:1076EC001127E00FF11F188111937FEF071718F482
:1076FC00039500938B0819E11093F305109137064D
:10770C00173F59F4CF93DF9376D9DF91CF9110E0E7
:10771C0010938B0810E010938C0808952197198111
:10772C0012301FEF10F009F011271F9310911D0656
:10773C00112309F01FEF0F91102319F1EEE2F6E07F
:10774C0009811127E00FF11F1081112309F01FEFA0
:10775C001883E2E3F6E009811127E00FF11F18818D
:10776C001083EBE9F0E309811127E00FF11F188179
:10777C001083E8E0F3E309811127E00FF11F11E01A
:10778C0010830895239710918030183009F0459A92
:10779C001091CF35112309F01FEF112309F41BC3EE
:1077AC001A9919C312E01A930E94AA2121961091DA
:1077BC00D7351A9310E81A931FEE1A930E94D8E348
:1077CC002396109569F71091D535109337061091C3
:1077DC00D635109336061091D735107F1093380696
:1077EC001091D7351F7010933906109137061F333F
:1077FC0010E011F008F01FEF10933A0610913906C3
:10780C001A9310917E301A931D5F1A930E94D8E33D
:10781C0023961A831091D735103B09F03DC0109177
:10782C0036061637B9F410911D06112309F01FEF17
:10783C00109591F1109137061A9310E01A9315E0F8
:10784C001A930E94CEE323961093703012E010939B
:10785C00DD32A6CF1737B9F410911D06112309F0AC
:10786C001FEF1095C9F0109137061A931BE01A936D
:10787C0011E31A930E94CEE3239610936F3012E01B
:10788C001093DC328DCF183739F4CF93DF931091EE
:10789C0037061A930DDF99C21A81109509F080CF23
:1078AC001091390600917E30101B19831091380607
:1078BC00103B10E009F41FEF1F93198113301FEFD9
:1078CC0010F009F011270F91102309F45FC01091EB
:1078DC003606103069F5EEE2F6E009811127E00F6B
:1078EC00F11FEF93FF93109137061F3310E009F44B
:1078FC001FEF1F93EAE2F6E009811127E00FF11F59
:10790C001081183710E009F41FEF0F911023FF912D
:10791C00EF911083E6E2F6E009811127E00FF11FE9
:10792C0010913706108319811A93F8DE22962EC017
:10793C00103261F5EEE2F6E009811127E00FF11F3C
:10794C00EF93FF9310913706183710E009F41FEFEF
:10795C001F93E6E2F6E009811127E00FF11F108179
:10796C001F3310E009F41FEF0F911023FF91EF91DB
:10797C001083EAE2F6E009811127E00FF11F109164
:10798C003706108319811A93C9DE2296E2E3F6E0DA
:10799C0009811127E00FF11F1191112309F01FEF3D
:1079AC00109509F0FDCE10913806103C10E009F44A
:1079BC001FEF1F9310918630112309F01FEF1095C4
:1079CC000F91102309F4A6C0EEE2F6E0098111270D
:1079DC00E00FF11F1191112309F01FEF112381F01A
:1079EC00109137061A9310E01A9313E61A930E941B
:1079FC00CEE3239610931A3010E110938732D0CE39
:107A0C0010918030103009F485C00091D53510915B
:107A1C00D6352091D7353091D8350F7F1F7F2F7FEA
:107A2C00307000933B0610933C0620933D06309338
:107A3C003E0610918530112309F01FEF112331F010
:107A4C00CF93DF930E940FB0DF91CF9110918030D4
:107A5C00113010E009F41FEF1F93009139061091BB
:107A6C007E301F5F01171FEF10F009F011270F91E7
:107A7C00102359F010913606103011F410E00FC09D
:107A8C00009136061BE0101B02C0109136061A93AB
:107A9C0010E01A931FE01A930E94CEE323961883EA
:107AAC000091390610917E30011781F418811093E2
:107ABC001B3010918030173031F410911B30109323
:107ACC00783110E001C010E1109388320091390632
:107ADC0010917E301F5F011781F4188110931C30B8
:107AEC0010918030173031F410911C301093793193
:107AFC0010E001C010E11093893200913906109109
:107B0C007E301E5F011731F4188110931D3010E187
:107B1C0010938A3210913806103B09F039C100914C
:107B2C00D5351091D6352091D7353091D8350F7F7A
:107B3C001F7F2F7F307000933B0610933C062093E1
:107B4C003D0630933E0610918530112309F01FEF4E
:107B5C00112331F0CF93DF930E940FB0DF91CF91BF
:107B6C000E946AB3112309F01BCE10913606163011
:107B7C0061F41091370610934606ABE4B6E012E0C0
:107B8C000E9442E4ACE412E02DC0123651F4109184
:107B9C0037061093490610E010934B06ACE4B6E0A0
:107BAC0021C01336A1F41091370610934A0610E049
:107BBC0010934B06ACE4B6E011E00E9442E4109145
:107BCC0037061F3739F510E010934C0623C01436D6
:107BDC0061F41091370610934D0610E010934C068B
:107BEC00ABE4B6E00E9442E415C0153699F410914E
:107BFC00370610934E0610E010934C06ABE4B6E03B
:107C0C0011E00E9442E4109137061F3719F410E07E
:107C1C0010934B0610914B061730A9F400914D06AA
:107C2C0010914E06A0E81A27103809F4023041F4DE
:107C3C001091460610541093993010E110930633AE
:107C4C0010E010934B06009136061091843001170A
:107C5C0010E009F41FEF1F931091370614361FEF35
:107C6C0008F011270F9110231F93109180301730BB
:107C7C0010E009F01FEF0F91102341F0109137061F
:107C8C0010931A3010E110938732C7C0109136064A
:107C9C001C3709F07DC011E010935C0710E01093C5
:107CAC004506109137061A9310E01A931AE01A93AE
:107CBC000E94D8E32396112309F467C0109137066C
:107CCC0010938030CF93DF931A930E948C2CDF910A
:107CDC00CF910E942C3E10918030183009F055C085
:107CEC00459810E010937F300E94C74E11E010931E
:107CFC00083110E01A931CE71A931FE71A930E949D
:107D0C00E640239613E01A9313E61A931FE71A938F
:107D1C000E94E640239610E01093992F10E01093E8
:107D2C00133010E11093803210E01093173010E1F3
:107D3C0010938432ECE0F0E0FA93EA9310E01083B5
:107D4C0013E01A9310810881011770F0E6EAFFE244
:107D5C001127EC0DF11F10E01083E981FA811081DD
:107D6C0013951083112379F723960E94B53F239620
:107D7C0010E004E60E94A7DC13E01A9317E61A93AE
:107D8C001FE71A930E94E640239610E01093ED3201
:107D9C0010918030103041F410E010934506CF93D1
:107DAC00DF930E945AB411C0113011F0123021F43B
:107DBC0010E01093450605C0133050F01A3009F04E
:107DCC0038F4CF93DF930E949DB3DF91CF91E8CC31
:107DDC000E9444B4E5CC10918C08112309F01FEFDC
:107DEC001F931FEF0091F305002309F010950F91DD
:107DFC00102399F0A9E9B8E016E00E9442E4CF9371
:107E0C00DF93FADBDF91CF9116E00E944FE410E094
:107E1C0010938C0810E010938B080895229710E0B3
:107E2C001983173008F019C11981133009F40FC1E7
:107E3C00E6E6F7E009811127E00FF11F108111230D
:107E4C0009F01FEF112309F402C1E6E6F7E00981FE
:107E5C001127E00FF11F10E01083E7E4F8E0EF9337
:107E6C00FF933196FA93EA931FE11A9317EF61226D
:107E7C001FEB61220C811127A0E1B0E0E89465F8BA
:107E8C000E94CCE1F7E0EEE6E00FF11F0E94A7DEC6
:107E9C001FE10881101BFF91EF9110832396109125
:107EAC005C07133009F068C0CF93DF9318E0612AA8
:107EBC000AE21BED1A930A931DE00E9469E11AE095
:107ECC000E9469E1DF91CF91CF93DF9318E0612A93
:107EDC000AE21BED1A930A93E2E2F0ED0E949BDE9C
:107EEC00DF91CF9118E0612A0AE21BED1A930A93F5
:107EFC001B81CF93DF931A9310E01A9310E01A931F
:107F0C0010E21A93689463F80E94BBDEDF91CF9164
:107F1C002296CF93DF9318E0612A0AE21BED1A93A5
:107F2C000A93EDE2F0ED0E949BDEDF91CF91CF93AF
:107F3C00DF9318E0612A0AE21BED1A930A93E7E437
:107F4C00F8E00E94A7DEDF91CF91CF93DF9318E08A
:107F5C00612A0AE21BED1A930A9312E20E9469E16C
:107F6C001DE00E9469E11AE00E9469E1DF91CF9166
:107F7C0010E00AE00E94A7DCEEE5F7E0098111278A
:107F8C00E00FF11F1081112309F01FEF112309F4E9
:107F9C005EC010910A2F112309F01FEF112309F471
:107FAC004EC010E01A9310E01A9311E01A930E943D
:107FBC00BCD92396E7E4F8E0EF93FF933196FA935C
:107FCC00EA931FE11A9317EF61221FEB6122E7E49A
:107FDC00F8E010E21A931FE00981101708F0102F37
:107FEC000081101B08F411271F9319911F93102F58
:107FFC0001E00E9488DE1F91EF91EE2321F00E9498
:10800C0069E1EA95E1F71FE10881101BFF91EF91FF
:10801C0010832396E7E4F8E01DE01F3108F01FE120
:10802C001083CF93DF9318E0612A08EA19ED1A93B5
:10803C000A93E7E4F8E00E94A7DEDF91CF91EEE52A
:10804C00F7E009811127E00FF11F10E0108319816F
:10805C0013951983112309F0E4CE08952397112762
:10806C000091000877E0071720F4039500930008AF
:10807C001FEF109519F010E01093000810910008F4
:10808C00103009F06DC010910531103041F0CF93D4
:10809C00DF9310E01A930E940C74DF91CF91009142
:1080AC001B3010910731011710E009F41FEF1093EA
:1080BC001E06112309F01FEF1F9310911B30103077
:1080CC0010E009F41FEF0F91102B10932006009174
:1080DC001C3010910731011710E009F41FEF1093B9
:1080EC001F06112309F01FEF1F9310911C30103045
:1080FC0010E009F41FEF0F91102B10932106109133
:10810C001E06112309F01FEF1F9310910531123039
:10811C0010E009F41FEF0F91102310932206109119
:10812C001F06112309F01FEF1F9310910531123018
:10813C0010E009F41FEF0F911023109323061091F8
:10814C000531123029F010E0109324061093250607
:10815C000E94F55825960E94FA550E94872B7DC2E5
:10816C00113021F40E94615A229677C21230A9F480
:10817C0010910531103081F0CF93DF9311E01A93F9
:10818C000E940C74DF91CF91CF93DF9312E01A937E
:10819C000E940C74DF91CF9160C2133009F51091DD
:1081AC0005311030B1F0CF93DF9313E01A930E9496
:1081BC000C74DF91CF91CF93DF9314E01A930E944C
:1081CC000C74DF91CF91CF93DF930E94B069DF9154
:1081DC00CF91109153061A930E94514121963DC2A2
:1081EC00143009F0A7C010910531103009F49CC06F
:1081FC00CF93DF9315E01A930E940C74DF91CF910B
:10820C000E94DA7521960E94CE5B27961091C73199
:10821C00103091F110915A2F1C3480F000915A2F8C
:10822C000F931FE7101B1A931CE01A9310E41A9378
:10823C000E9489DC2396EF90E11A15C010915A2FF9
:10824C00143308F071F410915A2F1F931A931CE0F9
:10825C001A9310E41A930E9489DC23960F91100F45
:10826C0001C010E4E12E10E01A93EA920E9408413A
:10827C00229610E01093C7311091C831103031F1B3
:10828C0010915B2F103671F068F01091952F11231F
:10829C0009F01FEF109531F012E0109302321FEF2E
:1082AC001093952F10915B2F103268F41091952F2D
:1082BC00112309F01FEF112331F012E01093023259
:1082CC0010E01093952F10E01093C8311091C93124
:1082DC00103069F010E01A9311E01A9310915C2F92
:1082EC001A930E94E640239610E01093C931109126
:1082FC00CA311030C9F010915D2F103410E008F025
:10830C001FEF1A831091942F112309F01FEF012FE7
:10831C001A81011731F01A811093942F12E01093E7
:10832C00013210E01093CA31CF93DF9377DDDF91E8
:10833C00CF9193C1153021F40E94F98524968DC1FB
:10834C00163049F4CF93DF930E94B58ADF91CF9119
:10835C000E94FA5582C1173009F07FC11091530663
:10836C001A930E945141219610910531103009F455
:10837C001DC10091043105FF0AC0112734991FEF6C
:10838C0010951093022F112732991FEF09C0112756
:10839C0032991FEF10951093022F112734991FEF6C
:1083AC0010951093032F0091043100FF81C01091A0
:1083BC00052F112309F01FEF1F931091022F11238A
:1083CC0009F01FEF0F91011799F11091022F112352
:1083DC0009F01FEF1093952F10E4109302321091B7
:1083EC00022F112309F01FEF1093052F0091043178
:1083FC0001FF1BC01091022F112309F01FEF112355
:10840C0039F01FEF1093942F10E4109301320DC02C
:10841C001091032F112309F01FEF109531F010E08C
:10842C001093942F10E4109301320E9451792196ED
:10843C001091062F112309F01FEF1F931091032F9A
:10844C00112309F01FEF0F91011709F4AFC0109120
:10845C00032F112309F01FEF1093942F10E41093A6
:10846C0001321091032F112309F01FEF1093062FE7
:10847C000091043101FF18C01091022F112309F053
:10848C001FEF10951F931091032F112309F01FEF6D
:10849C0010950F91102341F010E01093942F10932E
:1084AC00952F10E4109301320E94517921967EC0D1
:1084BC001091022F112309F01FEF112349F00091A5
:1084CC00072F75E0071760F403950093072F08C07A
:1084DC000091072F70E0701718F40A950093072F7E
:1084EC001091072F153010E008F01FEF1093022F9A
:1084FC00112309F01FEF1F931091052F112309F081
:10850C001FEF10950F91102359F01091952F1123F7
:10851C0009F01FEF10951093952F10E41093023271
:10852C001091022F112309F01FEF1093052F1091BA
:10853C00032F112309F01FEF112349F00091082F8D
:10854C0075E0071760F403950093082F08C000919D
:10855C00082F70E0701718F40A950093082F1091EB
:10856C00082F153010E008F01FEF1093032F112384
:10857C0009F01FEF1F931091062F112309F01FEF25
:10858C0010950F91102359F01091942F112309F08D
:10859C001FEF10951093942F10E41093013210914B
:1085AC00032F112309F01FEF1093062F10911A06B9
:1085BC00139510931A061F3009F008F448C010E008
:1085CC0010931A0610911906112309F01FEF10953C
:1085DC001093190610915C07113081F4CF93DF933F
:1085EC0013E01A931BE51A9310911906112309F045
:1085FC001FEF1A930E942A41DF91CF911091180618
:10860C00112309F01FEF112311F110915C071330A6
:10861C0051F416E008E61A930A9310E41A930E9498
:10862C004A2F279614C010915C07113081F4CF9318
:10863C00DF9313E01A931AE51A931091190611237C
:10864C0009F01FEF1A930E942A41DF91CF910091FC
:10865C00F205002311F40E944E8608951091F40542
:10866C00103061F4CF93DF930E9494ADDF91CF91E2
:10867C00CF93DF9387D8DF91CF91F0CF1091110674
:10868C00139510931106A1E1B6E00C911FEF07FFB3
:10869C00112710930F060091F40570E0701718F471
:1086AC000A950093F4050E944257CF93DF93D6DCD2
:1086BC00DF91CF910E941D5D22960E94EA7C60960C
:1086CC00082D027011F45A9A5B9A0895A7ECB1E345
:1086DC0010E0E4E0F0E031960000319711F01D93CA
:1086EC00FCCF10E410935A2F10935B2F109105318F
:1086FC00103010E009F01FEF1F93009104311FEFB1
:10870C0000FF11270F91102399F1112732991FEFB8
:10871C0010951093022F112734991FEF1095109379
:10872C00032F112309F01FEF112349F01FEF1093B2
:10873C00942F10E4109301321FEF1093062F109119
:10874C00022F112309F01FEF112391F01FEF10934B
:10875C00952F10E4109302321FEF1093052F009108
:10876C00043101FF05C01093942F10E410930132D3
:10877C00089518E0612A08EA19ED1A930A931A81F0
:10878C00CF93DF931A9312E01A9310E300E00A934D
:10879C001A93689463F80E94BBDEDF91CF91229606
:1087AC00089510E00AE01A930A930E94503322961F
:1087BC00112331F053DF10E00AE00E94A7DCF1CF67
:1087CC000895229710E0198310E0188310E00AE056
:1087DC001A930A930E9450332296012F18811095F8
:1087EC00102369F03BDFFE0131967A811127098154
:1087FC00071718F4039500831FEF1095E6CF10911F
:10880C00FD05103010E009F01FEF1093FC051881E6
:10881C0008952597E4E5F5ED0D811127000F111F43
:10882C00E00FF11F01E00BBF07911691198308832C
:10883C0010E01A8319811A930A9313E008EE1A9325
:10884C000A9315E007EE1A930A930E942EE42696DB
:10885C00112319F1E0E4F7EE08811981085E134049
:10886C00000F111FE00FF11F01E00BBF07911691D4
:10887C001C830B831F701A83173078F42B813C8177
:10888C00009100311127022313230F7F1070103039
:10889C0009F4003011F419E01A83EEEFF0ED0A81BF
:1088AC001127E00FF11F11E01BBF1691089517E07F
:1088BC000E94A8D910E00E94DCD90895CF93DF93D1
:1088CC0018811A930E94F935DF91CF91F0DF08954A
:1088DC0018E0612A08EA19ED1A930A931A81CF93CA
:1088EC00DF931A9313E01A9300E00A9310E21A93A1
:1088FC00689463F80E94BBDEDF91CF912296D7DF9C
:10890C0008951881103031F4CF93DF9310E01A934F
:10891C00D5DF05C0CF93DF9318811A93D9DFDF9190
:10892C00CF9108951881183040F4CF93DF9310E065
:10893C001A93C4DFDF91CF9163C0CF93DF931FEF06
:10894C001A930E94F935DF91CF91DE01088102FF65
:10895C000BC0CF93DF9318E0612A08EA19ED1A9344
:10896C000A93E0E3F0ED0AC0CF93DF9318E0612A9D
:10897C0008EA19ED1A930A93E5E3F0ED0E949BDEE9
:10898C00DF91CF91DE01088101FF0BC0CF93DF9304
:10899C0018E0612A08EA19ED1A930A93EAE3F0ED5C
:1089AC000AC0CF93DF9318E0612A08EA19ED1A93F5
:1089BC000A93EFE3F0ED0E949BDEDF91CF911091D3
:1089CC001330113010E008F01FEF1F930091F207E5
:1089DC001091F307103009F4003010E009F01FEF8C
:1089EC000F91102321F018E40E94A8D908C0088127
:1089FC0000FF02C013E301C012E30E94A8D957DFA5
:108A0C000895CF93DF931A811A930E94F935DF9161
:108A1C00CF910E941531CF93DF9319811A930E9445
:108A2C00F935DF91CF910E941531188111701130F9
:108A3C0011F413E401C016E50E94A8D9188116950B
:108A4C001F5C0E94A8D910E00E94DCD908951881FF
:108A5C001C5F1A931AE01A9315E91A930E9489DC89
:108A6C002396089521970E949F311981169516958A
:108A7C001695198316951883198111701130C1F44C
:108A8C00ECE0F0E0FA93EA9310E010831A811A9369
:108A9C0010810881011750F010E00E94A8D9E981DB
:108AAC00FA81108113951083112399F723961AC01C
:108ABC00ECE0F0E0FA93EA9311E010831A811A9338
:108ACC0010810881011750F010E00E94A8D9E981AB
:108ADC00FA81108113951083112399F7239611E0D5
:108AEC000E94A8D9ECE0F0E0FA93EA931A81108383
:108AFC0016E01A9310810881011750F013E00E94C0
:108B0C00A8D9E981FA81108113951083112399F763
:108B1C00239612E00E94A8D9CADE08952297EB8111
:108B2C00FC8111E01BBF07910883AA81BB270F5F53
:108B3C001127E89465F80E94CCE13C812B81020F4F
:108B4C00131F1C830B83ECE0F0E0FA93EA9310E024
:108B5C0010831A8111501A9310810881011790F01B
:108B6C00AE81BF811196AE83BF83FD0111E01BBFA7
:108B7C0017910E94A8D9E981FA811081139510836D
:108B8C00112359F7239693DE089522970D8111270F
:108B9C0019830883D801E89465F80E94CCE12C81F4
:108BAC000E940CE398010A811B81020F131F198389
:108BBC00088318E0612A08EA19ED1A930A930A81CE
:108BCC001B81CF93DF931A930A9314E01A9300E05E
:108BDC000A9310E21A93689463F8E89465F8E894A1
:108BEC0074F875F80E94EAE0DF91CF912296CF934A
:108BFC00DF9318E0612A08EA19ED1A930A93E4E46A
:108C0C00F0ED0E949BDEDF91CF9151DE089521970C
:108C1C0010E01A9310E01A9310E01A930E94BCD93A
:108C2C00239610911B06112309F01FEF1123A9F1B4
:108C3C0010E01A9310E01A9310E01A930E94BCD91A
:108C4C002396CF93DF9318E0612A08EA19ED1A9363
:108C5C000A93E8E4F0ED0E949BDEDF91CF9110E0E7
:108C6C000E94DCD910E01A9310E01A9311E01A93C9
:108C7C000E94BCD92396CF93DF9318E0612A08EAAF
:108C8C0019ED1A930A93EEE0F1E30E94A7DEDF914F
:108C9C00CF9110E00E94DCD96BC119811B3009F017
:108CAC0042C0CF93DF9318E0612A08EA19ED1A93BA
:108CBC000A93E7E5F0ED0E949BDEDF91CF91ECE0AB
:108CCC00F0E0FA93EA9310E010831BE01A93108102
:108CDC000881011738F1EEE0FFE21127EC0DF11FCE
:108CEC0010811A93B4DE21961B831091133010302F
:108CFC0010E009F41FEF1F931C2D183010E011F039
:108D0C0008F01FEF0F91102311F01DE202C01B8120
:108D1C00105D0E94A8D9E981FA8110811395108306
:108D2C001123B1F689C01C3009F042C0CF93DF93F8
:108D3C0018E0612A08EA19ED1A930A93E7E5F0EDB9
:108D4C000E949BDEDF91CF91ECE0F0E0FA93EA9386
:108D5C0010E010831BE01A9310810881011738F181
:108D6C00EEE1FFE21127EC0DF11F10811A936FDE7B
:108D7C0021961B8310911330103010E009F41FEF73
:108D8C001F931C2D183010E011F008F01FEF0F91FD
:108D9C00102311F01DE202C01B81105D0E94A8D9A6
:108DAC00E981FA811081139510831123B1F644C027
:108DBC001D3009F043C0CF93DF9318E0612A08EA15
:108DCC0019ED1A930A93E7E5F0ED0E949BDEDF9113
:108DDC00CF91ECE0F0E0FA93EA9310E010831BE003
:108DEC001A9310810881011738F1EEE2FFE2112786
:108DFC00EC0DF11F10811A932ADE21961B83109122
:108E0C001330103010E009F41FEF1F931C2D183095
:108E1C0010E011F008F01FEF0F91102311F01DE27C
:108E2C0002C01B81105D0E94A8D9E981FA811081D2
:108E3C00139510831123B1F6239629C0CF93DF939A
:108E4C0018E0612A08EA19ED1A930A93E4E8F6EDA2
:108E5C000E949BDEDF91CF9110E01A931BE01A93D6
:108E6C0010E01A930E94BCD92396CF93DF931091F4
:108E7C001A301A937EDCDF91CF91109107061030D7
:108E8C0021F417E00E94A8D902C00E94153110E00D
:108E9C000E94DCD910E01A9310E01A9311E01A9397
:108EAC000E94BCD9239619811A3010E009F41FEFE7
:108EBC001F9310911A30103010E009F01FEF0F9132
:108ECC00102391F0CF93DF9318E0612A08EA19ED93
:108EDC001A930A93EEE0F1E30E94A7DEDF91CF91A3
:108EEC0010E00E94DCD944C015E50E94A8D9CF93AC
:108EFC00DF9310911B301A933CDCDF91CF911981D9
:108F0C001B3021F417E00E94A8D902C00E94153131
:108F1C000E9415311CE40E94A8D9CF93DF931091C5
:108F2C001C301A9326DCDF91CF9119811C3021F46F
:108F3C0017E00E94A8D902C00E9415310E94153179
:108F4C0010E50E94A8D9CF93DF9310911D301A938E
:108F5C0010DCDF91CF9119811D3021F417E00E94B4
:108F6C00A8D902C00E9415310E9415310E941531FA
:108F7C00089510E01A931EE01A9311E01A930E94C0
:108F8C00BCD923961881112321F01AE20E94A8D98A
:108F9C0002C00E94153108952397EE81FF81008154
:108FAC0011270F931F930B8100230AF41FEF3F919E
:108FBC002F91020F131F1A83098310E018832D8140
:108FCC0033271A81A0E81A273A27131709F4021736
:108FDC0018F412E018830EC02C8133271A810981F2
:108FEC00A0E81A273A27131709F4021719F010F002
:108FFC0011E0188309811A811A930A930F811127A2
:10900C001A930A93088511271A930A930E941BE45A
:10901C0026961A830983EE81FF81008318810895B7
:10902C0063971C8913951C8B00910E3111270F5FD0
:10903C001F4F19830883FE013296DF0110E2E0E135
:10904C00F0E031960000319711F01D93FCCFFE013A
:10905C00329608811981DF01F1E3EEE098010E945C
:10906C00BFDC1EE01A831B8920E812271038E1F0C0
:10907C00FE0132960C891127E00FF11F10811A8B1B
:10908C00FE017296FA93EA9310E21A931FE71A9371
:10909C001F891A9381DF2896FE0132960C891127BD
:1090AC00E00FF11F1A891083FE013296AEE0B1E396
:1090BC0020E130E00E94BFDCEEE0F1E3EF93FF93A0
:1090CC003196FA93EA931FE01A9317EF61221FEB84
:1090DC006122EEE0F1E3EF93FF93008121E033276F
:1090EC00E00FF31F002331F010813197103211F48F
:1090FC000A95F8CF102F022FFF91EF910E9488DE76
:10910C001FE00881101BFF91EF911083239610E054
:10911C001A9310E01A9311E01A930E94BCD923966B
:10912C00CF93DF9318E0612A08EA19ED1A930A939A
:10913C00EEE0F1E30E94A7DEDF91CF9110E00E94F8
:10914C00DCD910910E31089521970E9428311A8193
:10915C00112371F0AD81BE811B810E945FE4012F50
:10916C001A8110271883AD81BE810B810E9487E480
:10917C0010E01A9310E01A9311E01A930E94BCD9D4
:10918C002396ECE0F0E0FA93EA9310E010831E8152
:10919C001A9310810881011780F11C811F931C2DDB
:1091AC00123029F0133019F0153009F0183010E096
:1091BC0009F41FEF0F91102B69F0A885B9851C2DB0
:1091CC000E945FE4112311F011E001C010E00E9435
:1091DC00A8D90CC0A885B9851C2D0E945FE4112369
:1091EC0011F013E001C012E00E94A8D9E981FA81C4
:1091FC00108113951083112369F6239608956197B6
:10920C001B8920E81227103810E009F01FEF1C878B
:10921C001989112321F010E01C8710E01B8BECEB5B
:10922C00F4ED009107061127E00FF11F11E01BBFB1
:10923C001691188B109107061A930E94D03224961F
:10924C001F83109107061A93E4DA26961883E4E537
:10925C00F5ED009107061127000F111FE00FF11F0C
:10926C0001E00BBF079116911B870A8718891D30E7
:10927C0039F028F41A3018F040E0189401C041E09D
:10928C0051F51C851123D1F008890A500D83EAE1B0
:10929C00F0E31127E00FF11FFA93EA9310E01A9311
:1092AC001A851A931F891A9377DE2896E7E8F2E35A
:1092BC000D811127E00FF11F10E81193CF93DF936D
:1092CC0018891A93A4DCDF91CF9110E01093FE055E
:1092DC000E94D63481C51A89112349F0CF93DF93AC
:1092EC00109107061A930E949535DF91CF9110913A
:1092FC0007061A930E9469332496113008F021F561
:10930C00CF93DF9360976F92FE01EF93FF933196AB
:10931C00FA93EA931FE01A9317EF61221FEB612275
:10932C00EBE5F0ED0E949BDE1FE00881101BFF9126
:10933C00EF91108323966F900E94E135DF91CF91CE
:10934C0010E00E94DCD948C518891E3011F40E9427
:10935C00412918891A3219F410E01E830DC00A85B0
:10936C001B851A930A93FE013896FA93EA9310E040
:10937C001A930E942F932A961E81103010E009F048
:10938C001FEF1D871C85112311F11B8920E8122763
:10939C00103821F018F01FEF1D8707C01B8920E83B
:1093AC001227103810F410E01D871889153119F4A4
:1093BC001D851E830CC0FE013696FA93EA9310E0CD
:1093CC001A931A851A931F891A93E6DD289610E0D2
:1093DC001A931EE01A9310E01A930E94BCD923969C
:1093EC0018810E94A8D910E01A9310E01A9311E08A
:1093FC001A930E94BCD9239610E000E01F870E87B9
:10940C001889123029F41E811A932CDB229697C4EA
:10941C001330D0F1193009F0B8F518891350E12E3A
:10942C0010E01A9310E01A9311E01A930E94BCD921
:10943C0023961B8920E812271038D9F4CF93DF9399
:10944C0018E0612A08EA19ED1A930A930E2D1127D8
:10945C00A0E1B0E0E89465F80E94CCE1F7E0EEE61C
:10946C00E00FF11F0E94A7DEDF91CF9110E00E9468
:10947C00DCD9EEE5F7E01127EE0DF11F1FEF10839D
:10948C0010E01A931DE0B4C1183209F0B4C0109169
:10949C0013301130B9F410E01A9310E01A9310E065
:1094AC001A930E94BCD92396CF93DF9318E0612ABC
:1094BC0008EA19ED1A930A93E5E6F0ED0E949BDE9B
:1094CC00DF91CF9110E01A9317E01A9310E01A93E2
:1094DC000E94BCD92396CF93DF9318E0612A08EA47
:1094EC0019ED1A930A93109101060BE0011B112739
:1094FC00A7E0B0E0E89465F80E94CCE1F1EEE4EE70
:10950C00E00FF11F0E949BDEDF91CF9110E20E94D1
:10951C00A8D9FE013396EF93FF9310E21A930E94A1
:10952C00511E2396FF91EF911083FE013496EF9319
:10953C00FF9318E21A930E94511E2396FF91EF910C
:10954C0010830B811C811A830983FE013396FA93D5
:10955C00EA93109102061A93109101061A931D8931
:10956C001A9310E01A93F0DD27961B811A9310E2E0
:10957C001A930E947F1E22961C811A9318E21A934A
:10958C000E947F1E229610911330113099F50B8199
:10959C001C810E949FE41F9309811A810E949FE401
:1095AC000F91011789F080F0CF93DF9310E000E862
:1095BC001A930A931FEF1A9310E01A9310E81A9358
:1095CC000E943198DF91CF910B811C81103009F4EE
:1095DC00003081F4CF93DF9310E000E81A930A93E4
:1095EC0010E01A9310E01A9310E81A930E94319825
:1095FC00DF91CF91B5C0193209F068C010E01A9311
:10960C0010E01A9310E01A930E94BCD92396CF93C2
:10961C00DF9318E0612A08EA19ED1A930A93EDE634
:10962C00F0ED0E949BDEDF91CF91CF93DF9318E09A
:10963C00612A08EA19ED1A930A93109101060BE0BE
:10964C00011B1127A7E0B0E0E89465F80E94CCE17B
:10965C00F1EEE4EEE00FF11F0E949BDEDF91CF9163
:10966C0010E20E94A8D9FE013396EF93FF9310E30A
:10967C001A930E94511E2396FF91EF911083FE01C5
:10968C003496EF93FF9318E31A930E94511E23967E
:10969C00FF91EF911083FE013396FA93EA931091A8
:1096AC0002061A93109101061A931D891A9310E061
:1096BC001A934ADD27961B811A9310E31A930E9482
:1096CC007F1E22961C811A9318E346C0173209F0AC
:1096DC0049C010E01A9314E01A9310E01A930E94F8
:1096EC00BCD92396CF93DF9318E0612A08EA19EDD1
:1096FC001A930A93009101061127A9E0B0E0E894AF
:10970C0065F80E94CCE1F1EEECE9E00FF11F0E944C
:10971C009BDEDF91CF9110E20E94A8D9FE01339617
:10972C00EF93FF9310E11A930E94511E2396FF9121
:10973C00EF911083FE013396FA93EA9317E01A9394
:10974C00109101061A931D891A931FEF1A93FCDCD2
:10975C0027961B811A9310E11A930E947F1E229662
:10976C00A6D8EDC21A3179F4CF93DF93109101068C
:10977C001A931C891A9354DCDF91CF9110E01E834D
:10978C0010E01C87DCC21F3039F4CF93DF931091AB
:10979C0015301A93B6D8D1C21E3039F4CF93DF935B
:1097AC00109114301A93BED8C8C2103141F5CF9322
:1097BC00DF931091922F112309F01FEF1A93109140
:1097CC00932F112309F01FEF1A9318851A9319D9A7
:1097DC00DF91CF9110E01A931FE01A9310E01A93C7
:1097EC000E94BCD923960E94153110E01A931AE0FE
:1097FC001A9311E01A930E94BCD92396B1CF113160
:10980C00B1F4CF93DF931D851A931091932F1123ED
:10981C0009F01FEF1A93109116301A93F2D8DF91BA
:10982C00CF911D851E8310E01A9313E017C01231DF
:10983C00F9F4CF93DF931091922F112309F01FEFBE
:10984C001A931E851A93109116301A93DAD8DF9159
:10985C00CF911D851E8310E01A9317E01A9311E027
:10986C001A930E94BCD9239617E00E94A8D967C20C
:10987C00183109F04CC00A851B851A930A93FE0116
:10988C003896FA93EA9310E01A930E942F932A9633
:10989C001E81185ED12EEDE0F0E0FA93EA9310E011
:1098AC001A931A851A931F891A9376DB28961D2D05
:1098BC0018511E830E9415311E81103868F01DE26C
:1098CC000E94A8D918E0612A08EA19ED1A930A93A4
:1098DC0008851127101B0AC01BE20E94A8D918E0AA
:1098EC00612A08EA19ED1A930A931885CF93DF932E
:1098FC001A9310E01A9310E01A9310E21A936894DA
:10990C0063F80E94BBDEDF91CF912296F9C01A3228
:10991C0029F5CF93DF9360976F92FE01EF93FF933E
:10992C003196FA93EA931FE01A9317EF61221FEB1B
:10993C006122E5E7F0ED0E949BDE1FE00881101B21
:10994C00FF91EF91108323966F900E94E135DF9188
:10995C00CF910E9415310E944735F1C1153139F470
:10996C00CF93DF931D851A930E9464C4E6C1163110
:10997C0069F4CF93DF931E811F5F1A930E946EC40C
:10998C00DF91CF9110E010935C07D9C11B3249F4E1
:10999C00CF93DF931E811A9313E01A9310E000E229
:1099AC0015C01C3249F4CF93DF931E811A9312E039
:1099BC001A9310E000E80AC01D3261F4CF93DF93D4
:1099CC001E811A9311E01A9312E000E01A930A9385
:1099DC00DCD8B3C1173109F04EC01E811730B0F07E
:1099EC00CF93DF9318E0612A08EA19ED1A930A93D2
:1099FC001BE20E9469E1DF91CF9118E0612A08EA2D
:109A0C0019ED1A930A931885175016C0CF93DF934C
:109A1C0018E0612A08EA19ED1A930A931DE20E94D4
:109A2C0069E1DF91CF9118E0612A08EA19ED1A93E8
:109A3C000A93088517E0101BCF93DF931A9310E05D
:109A4C001A9310E01A9310E21A93689463F80E9428
:109A5C00BBDEDF91CF912296CF93DF9318E0612A82
:109A6C0008EA19ED1A930A93E4E4F0ED0E949BDEE8
:109A7C00DF91CF9145C0143219F400E611EE78C095
:109A8C001B3119F40CE61FED73C01D3119F408E3FA
:109A9C0012EE6EC01C3119F404EB1FED69C01F31BE
:109AAC0091F51E8110938030CF93DF931A930E940F
:109ABC008C2CDF91CF910E942C3E10E01093ED3254
:109ACC00CF93DF9360976F92FE01EF93FF933196E4
:109ADC00FA93EA931FE01A9317EF61221FEB6122AE
:109AEC00EAE8FAE10E94A7DE1FE00881101BFF9153
:109AFC00EF91108323966F900E94E135DF91CF9107
:109B0C000E945DC41CC11E3119F400EE12EE30C06F
:109B1C00103219F408E912EE2BC01532A1F4109191
:109B2C000108112309F01FEF109551F01E811A93B3
:109B3C0010E01A9313E01A930E94CEE323961E832F
:109B4C0000EE1FED15C01632B1F41091010811236F
:109B5C0009F01FEF109551F01E811A9310E01A9323
:109B6C0015E01A930E94CEE323961E8300EA10EEB2
:109B7C001F870E87E4C01E3209F0A0C01A8911237A
:109B8C0009F447C0CF93DF9360976F92FE01EF9378
:109B9C00FF933196FA93EA931FE01A9317EF612221
:109BAC001FEB6122E4E8F0ED0E949BDE0FE01881D0
:109BBC00011BFF91EF91008323966F900E94E1357A
:109BCC00DF91CF91CF93DF9326976F92FE01EF93A6
:109BDC00FF933196FA93EA9315E01A9317EF6122EB
:109BEC001FEB6122ECE8F0ED0E949BDE05E0188192
:109BFC00011BFF91EF91008323966F9010E01A9355
:109C0C000E948B37DF91CF9110930E0610E01093CA
:109C1C001E3110910E06103071F1EEE1F1E3FA9362
:109C2C00EA9310E01A9310910E0611501A931F89A3
:109C3C001A93B2D92896CF93DF9360976F92FE0157
:109C4C00EF93FF933196FA93EA931FE01A9317EF71
:109C5C0061221FEB612200911E311127A0E1B0E0BF
:109C6C00E89465F80E94CCE1FBE2EAE1E00FF11F19
:109C7C000E94A7DE14C0CF93DF9360976F92FE0112
:109C8C00EF93FF933196FA93EA931FE01A9317EF31
:109C9C0061221FEB6122E2E9F0ED0E949BDE1FE0E6
:109CAC000881101BFF91EF91108323966F900E94F7
:109CBC00E135DF91CF910E94153136C0113331F06F
:109CCC00123321F01F3211F0103389F510E01A9382
:109CDC001EE01A9310E01A930E94BCD923960E949E
:109CEC001531CF93DF9360976F92FE01EF93FF9343
:109CFC003196FA93EA931FE01A9317EF61221FEB48
:109D0C006122E5E7F0ED0E949BDE1FE00881101B4D
:109D1C00FF91EF91108323966F900E94E135DF91B4
:109D2C00CF9110E0109309060E94473555C0CF9390
:109D3C00DF931E811A930E946EC4DF91CF910E8522
:109D4C001F85103009F4003049F00E851F851A93D9
:109D5C000A9318851A930E9494C525960A851B852B
:109D6C001A930A93EDE0F0E0FA93EA931FEF1A933B
:109D7C000E942F932A961C851123B1F0CF93DF9369
:109D8C000A851B851A930A9318851A9310E01A9367
:109D9C0010E81A930E94BB99DF91CF910E810D159B
:109DAC0019F01FEF109314061889193221F018F4CA
:109DBC00173208F0189429F41C851A93DAD82196D6
:109DCC000BC0CF93DF930E810D1510E009F01FEF40
:109DDC001A93CFD8DF91CF91089521971B811883C7
:109DEC00CF93DF9319811A930E947A36DF91CF912A
:109DFC000E94D7C310E01A9314E01A9311E01A933F
:109E0C000E94BCD92396CF93DF9318811A930E949A
:109E1C00BFC3DF91CF9117E00E94A8D90E9434C331
:109E2C000E94FD322396FE01FA93EA9310E01A93F6
:109E3C001D811A9310910C061A93AED8289610E037
:109E4C000AE01A930A930E9450332296112391F23E
:109E5C001881089522971B811983CF93DF931A8160
:109E6C001A930E947A36DF91CF910E94D7C310E0EB
:109E7C001A9310E01A9311E01A930E94BCD92396FE
:109E8C001FE018831A811F3409F03CC0109101089F
:109E9C00112309F01FEF109551F018811A9310E05F
:109EAC001A9313E01A930E94CEE323961883CF9350
:109EBC00DF9360976F92FE01EF93FF933196FA93C5
:109ECC00EA931FE01A9317EF61221FEB61220C89B2
:109EDC001127ACE0B0E0E89465F80E94CCE1FFED0E
:109EEC00E0EEE00FF11F0E949BDE1FE00881101BCB
:109EFC00FF91EF91108323966F900E94E135DF91D3
:109F0C00CF913EC01A811235D9F510910108112359
:109F1C0009F01FEF109551F018811A9310E01A9365
:109F2C0015E01A930E94CEE323961883CF93DF9308
:109F3C0060976F92FE01EF93FF933196FA93EA9339
:109F4C001FE01A9317EF61221FEB61220C89112776
:109F5C00ACE0B0E0E89465F80E94CCE1F0EEE0EA09
:109F6C00E00FF11F0E949BDE1FE00881101BFF9188
:109F7C00EF91108323966F900E94E135DF91CF9182
:109F8C0017E00E94A8D90E9434C30E94FD32239688
:109F9C00FE013196FA93EA9310E01A931B811A93FF
:109FAC0010910C061A930E94D2C7289610E00AE072
:109FBC001A930A930E9450332296112309F457CF17
:109FCC00198108952597CF93DF9314E61A930E9475
:109FDC00E7C3DF91CF91112309F448C2ECEBF4ED08
:109FEC00009107061127E00FF11F11E01BBF16911E
:109FFC001883109107061A930E940FC426961B8390
:10A00C0018811A3011F413E40BC01B3011F415E550
:10A01C0007C01C3011F41CE403C01D3019F410E50A
:10A02C001B836BC11E3209F04BC010910E06103011
:10A03C0009F453C2E7E2F8E0EF93FF933196FA93F9
:10A04C00EA931FE11A9317EF61221FEB6122009133
:10A05C001E311127A0E1B0E0E89465F80E94CCE134
:10A06C00FBE2EAE1E00FF11F0E94A7DE0FE118818D
:10A07C00011BFF91EF9100832396CF93DF932D97D4
:10A08C006F92FE01EF93FF933196FA93EA931CE0E3
:10A09C001A9317EF61221FEB6122E7E2F8E00E94AE
:10A0AC00A7DE0CE01881011BFF91EF910083239632
:10A0BC006F900E9423AEDF91CF910E94D7C318C13D
:10A0CC001F3209F057C016E002EA1A930A931FE7F1
:10A0DC001A930E944A2F279610E002E30E94A7DCF5
:10A0EC0016E003EA1A930A931FE71A930E944A2F69
:10A0FC002796CF93DF9360976F92FE01EF93FF93B8
:10A10C003196FA93EA931FE01A9317EF61221FEB33
:10A11C006122EAE9F0ED0E949BDE0FE01881011B41
:10A12C00FF91EF91008323966F900E947135DF9120
:10A13C00CF91CF93DF9360976F92FE01EF93FF93D4
:10A14C003196FA93EA931FE01A9317EF61221FEBF3
:10A15C006122E9EAF0ED0E949BDE1FE00881101BF2
:10A16C00FF91EF91108323966F900E94E135DF9160
:10A17C00CF91B6C01233A9F511E010938108CF939B
:10A18C00DF9310E201E11A930A9310E01A930E94F4
:10A19C005CA1DF91CF9110E00E94D4D9CF93DF93D3
:10A1AC0060976F92FE01EF93FF933196FA93EA93C7
:10A1BC001FE01A9317EF61221FEB6122E9EBF0ED20
:10A1CC000E949BDE1FE00881101BFF91EF91108312
:10A1DC0023966F900E947135DF91CF910E94D7C367
:10A1EC007CC1103309F089C00E94C02C229610E06B
:10A1FC000E94D4D9CF93DF9360976F92FE01EF93B7
:10A20C00FF933196FA93EA931FE01A9317EF6122AA
:10A21C001FEB6122E3ECF0ED0E949BDE0FE0188156
:10A22C00011BFF91EF91008323966F900E94713573
:10A23C00DF91CF91CF93DF9360976F92FE01EF93F5
:10A24C00FF933196FA93EA931FE01A9317EF61226A
:10A25C001FEB6122E1EDF0ED0E949BDE1FE0088117
:10A26C00101BFF91EF91108323966F900E94E135A4
:10A27C00DF91CF91ECE0F0E0FA93EA9310E01083D9
:10A28C001FEF1A9310810881011770F0EBE7F1E3CF
:10A29C001127EC0DF11F11E01083E981FA81108177
:10A2AC0013951083112379F72396ECE0F0E0FA93E1
:10A2BC00EA9310E010831FEF1A93108108810117A5
:10A2CC0070F0EBE7F2E31127EC0DF11F11E01083B6
:10A2DC00E981FA81108113951083112379F7239664
:10A2EC0015E01A930E943021219610E00E94D4D9D7
:10A2FC001091070610930406F0C01B81103209F46C
:10A30C00ECC01B811334F9F41FEF10931806CF9394
:10A31C00DF93109177311A9313E61A931D811A93D8
:10A32C005CDDDF91CF9110931A30CF93DF93EAE18C
:10A33C00F0E3FA93EA930E944D63DF91CF9110E022
:10A34C00109387328AC0153589F4CF93DF9310911F
:10A35C001B301A931FE01A931D811A933EDDDF9177
:10A36C00CF9110931B300E94146677C01C3489F473
:10A37C00CF93DF9310911C301A931FE01A931D8119
:10A38C001A932BDDDF91CF9110931C300E945B66EA
:10A39C0064C0103589F4CF93DF9310911D301A935C
:10A3AC001FE01A931D811A9318DDDF91CF91109342
:10A3BC001D300E94A26651C01F3481F4CF93DF93ED
:10A3CC00109117301A931FE41A9344DDDF91CF914B
:10A3DC00109317301A930E94E35F11C0123589F461
:10A3EC00CF93DF93109118301A9312E51A9332DD44
:10A3FC00DF91CF91109318301A930E942A5F219607
:10A40C002CC0143451F5E4E5F5ED00910706112745
:10A41C00000F111FE00FF11F01E00BBF0791169108
:10A42C001A8309831A930A93FE013696FA93EA93D8
:10A43C0010E01A930E942F932A96CF93DF930981F1
:10A44C001A811A930A931E811A931FEF1A9310E024
:10A45C001A930E94BB99DF91CF91CF93DF931B810D
:10A46C001A930E94E636DF91CF9137C0082D027007
:10A47C0081F410910906112309F01FEF1095109328
:10A48C00090610E008ECE0EFF5E0B2E00E945AE3B8
:10A49C000AC010E010931B061093090610930706D0
:10A4AC001FEF109300061091F807112309F01FEF0E
:10A4BC00112399F010E010938108CF93DF9310E2F1
:10A4CC0001E11A930A9310E01A930E945CA1DF91A8
:10A4DC00CF911091070610930406089521971091BF
:10A4EC000A2F112309F01FEF109509F01CC21091CF
:10A4FC000B2F112309F01FEF112399F110E01A9380
:10A50C000E94511E23960FEF1027D12E1091942FDD
:10A51C00112309F01FEF112359F01091100611238C
:10A52C0009F01FEF112339F01D2D00E4102702C094
:10A53C001D2D1064D12E1091F607112309F01FEF79
:10A54C001F9310918E2F112309F01FEF10950F916F
:10A55C00102B19F01D2D1F60D12E1D2D4AE331E05B
:10A56C0069D70E94FD3223960E944E350091FD055D
:10A57C0003FF2CC01091FE05112309F01FEF1123CE
:10A58C0041F0CF93DF9310E01A9310E01A931FEF72
:10A59C0016C0CF93DF9316DDDF91CF910E94D7C306
:10A5AC000E94C33210E010930C060E94383421969E
:10A5BC00CF93DF9310E01A931FEF1A9310E01A93C6
:10A5CC000E9405C9DF91CF910E94D6341091FC05F1
:10A5DC00112309F01FEF112309F4B1C010E01A93F5
:10A5EC001BE71A931FE71A930E94E640239611E08B
:10A5FC001A931BE71A931FE71A930E94E6402396BF
:10A60C0012E01A931BE71A931FE71A930E94E64075
:10A61C00239610E010931C0610910B0620E81227CD
:10A62C00103810E011F008F01FEF1F931091000686
:10A63C00112309F01FEF0F91102311F010E015C03A
:10A64C0010910B0620E81227103810E011F008F0DA
:10A65C001FEF1F9310910006112309F01FEF1095A7
:10A66C000F91102329F010910806109307064EC085
:10A67C0010910B0620E8122710381FEF08F0112755
:10A68C001F9310910006112309F01FEF0F91102357
:10A69C00B9F00091070600930806E6EAF4ED1127DD
:10A6AC00E00FF11F11E01BBF16911093070610E08D
:10A6BC001A930E948934269610E01093010626C046
:10A6CC0010910B0620E8122710381FEF08F0112705
:10A6DC001F9310910006112309F01FEF10950F9195
:10A6EC001023A1F0E6EAF4ED009108061127E00F23
:10A6FC00F11F11E01BBF16911093070610E01A937F
:10A70C000E948934269610E01093010610E01093F5
:10A71C0009060E9438342196CF93DF9310E01A93E8
:10A72C001FEF1A9310E01A930E9405C9DF91CF9185
:10A73C000E94D6340E94D7C310E010930C061091DF
:10A74C00FB05112309F01FEF112309F46EC01091C2
:10A75C000906112309F01FEF112341F0CF93DF936A
:10A76C0010910C061A9310E01A9353C01091FF0528
:10A77C00112309F01FEF1F931091FE05112309F00F
:10A78C001FEF0F91102BE9F0E1E0F6E0FA93EA935A
:10A79C0010E01A93109102061A9310910C061A935A
:10A7AC000E94D2C728961883113011F411E004C00E
:10A7BC001881123021F51FEF1A930E9489342696C6
:10A7CC001EC010910C061A930E94893426960E9482
:10A7DC003834219610910C0620E81227103829F0F5
:10A7EC0020F010E0109301060AC010910C0620E82E
:10A7FC001227103820F410910206109301060E94C3
:10A80C0038342196CF93DF9310E01A931FEF1A93ED
:10A81C0010E01A930E9405C9DF91CF910E94D634A3
:10A82C00E0EFF5E00DEF0E9444E3A3E0B1E30C91FF
:10A83C001FEF07FF11271F93109106061F3F10E013
:10A84C0009F01FEF0F91102339F0109106061093A9
:10A85C0005061FEF10930606109105061F3F29F100
:10A86C001091070610930406109105061093070625
:10A87C000E9438342196CF93DF9310E01A931FEF88
:10A88C001A9310E01A930E9405C9DF91CF9111E041
:10A89C0004EFE0EFF5E0B2E00E945AE310910406F9
:10A8AC00109307061FEF10930506082D0270D9F5BB
:10A8BC00109104061F3FC9F010910406109307066F
:10A8CC000E9438342196CF93DF9310E01A931FEF38
:10A8DC001A9310E01A930E9405C9DF91CF911FEFD4
:10A8EC00109304061FEF1093030610910306112317
:10A8FC0009F01FEF1123B9F0CF93DF9310E01A93F7
:10A90C0010E01A931A930E9405C9DF91CF910E940F
:10A91C00D63410E002E3E0EFF5E0B2E00E945AE337
:10A92C0010E010930306089500B103700093F50531
:10A93C001091F605011799F11091F505103039F5C4
:10A94C001091F705133019F51091F605113071F4CB
:10A95C001091F80513951093F8051091F9051395BE
:10A96C001093F9051FEF1093FA0511C01091F6051D
:10A97C00123069F41091F8051A951093F80510919E
:10A98C00F9051A951093F9051FEF1093FA0510911C
:10A99C00F6051093F7051091F5051093F605109137
:10A9AC00F40513951093F4050895CF93DF930E944B
:10A9BC00AB8FDF91CF910E946CC3CF93DF930E943A
:10A9CC00EC73DF91CF9115E010935C07CF93DF937D
:10A9DC000E94B58ADF91CF910E946B3710910308CA
:10A9EC00112309F01FEF112309F450C2CF93DF9309
:10A9FC002D976F92FE01EF93FF933196FA93EA93A2
:10AA0C001CE01A9317EF61221FEB61221CE50E94D8
:10AA1C0069E10CE01881011BFF91EF9100832396F3
:10AA2C006F902D976F92FE01EF93FF933196FA93EF
:10AA3C00EA931CE01A9317EF61221FEB6122E3EB00
:10AA4C00F9EC0E949BDE0CE01881011BFF91EF9149
:10AA5C00008323966F9017E21A930E948414DF915F
:10AA6C00CF91112309F4EAC0CF93DF932D976F9206
:10AA7C00FE01EF93FF933196FA93EA931CE01A933D
:10AA8C0017EF61221FEB61221CE50E9469E10CE0CB
:10AA9C001881011BFF91EF91008323966F902D97E6
:10AAAC006F92FE01EF93FF933196FA93EA931CE0B9
:10AABC001A9317EF61221FEB6122EAECF9EC0E946A
:10AACC009BDE0CE01881011BFF91EF910083239614
:10AADC006F9017E21A930E948414DF91CF91112387
:10AAEC00C9F1CF93DF932D976F92FE01EF93FF93F4
:10AAFC003196FA93EA931CE01A9317EF61221FEB3D
:10AB0C0061221CE50E9469E10CE01881011BFF9198
:10AB1C00EF91008323966F902D976F92FE01EF9328
:10AB2C00FF933196FA93EA931CE01A9317EF612284
:10AB3C001FEB6122EAECF9EC0E949BDE0CE0188121
:10AB4C00011BFF91EF91008323966F900E94731766
:10AB5C00DF91CF91CF93DF932D976F92FE01EF93FF
:10AB6C00FF933196FA93EA931CE01A9317EF612244
:10AB7C001FEB61221CE50E9469E10CE01881011BAE
:10AB8C00FF91EF91008323966F902D976F92FE01AA
:10AB9C00EF93FF933196FA93EA931CE01A9317EF15
:10ABAC0061221FEB6122E3EBF9EC0E949BDE0CE0CF
:10ABBC001881011BFF91EF91008323966F902D97C5
:10ABCC006F92FE01EF93FF933196FA93EA931CE098
:10ABDC001A9317EF61221FEB6122EAECF9EC0E9449
:10ABEC009BDE0CE01881011B102FFF91EF9100836D
:10ABFC0023966F900E940E13DF91CF91CF93DF932A
:10AC0C002D976F92FE01EF93FF933196FA93EA938F
:10AC1C001CE01A9317EF61221FEB6122EAECF9ECAE
:10AC2C000E949BDE0CE01881011BFF91EF910083C9
:10AC3C0023966F900E9423AEDF91CF91CF93DF9339
:10AC4C002D976F92FE01EF93FF933196FA93EA934F
:10AC5C001CE01A9317EF61221FEB61221CE50E9486
:10AC6C0069E10CE01881011BFF91EF9100832396A1
:10AC7C006F902D976F92FE01EF93FF933196FA939D
:10AC8C00EA931CE01A9317EF61221FEB6122EFEBA2
:10AC9C00F9EC0E949BDE0CE01881011BFF91EF91F7
:10ACAC00008323966F9017E21A930E948414DF910D
:10ACBC00CF91112309F4EAC0CF93DF932D976F92B4
:10ACCC00FE01EF93FF933196FA93EA931CE01A93EB
:10ACDC0017EF61221FEB6122EFEBF9EC0E949BDE78
:10ACEC000CE01881011B102FFF91EF91008323962C
:10ACFC006F900E9423AEDF91CF91112309F4C6C04F
:10AD0C00CF93DF932D976F92FE01EF93FF933196C4
:10AD1C00FA93EA931CE01A9317EF61221FEB61225E
:10AD2C001CE50E9469E10CE01881011BFF91EF9179
:10AD3C00008323966F902D976F92FE01EF93FF93F4
:10AD4C003196FA93EA931CE01A9317EF61221FEBEA
:10AD5C006122E7EDF9ECE9D70CE01881011BFF91BA
:10AD6C00EF91008323966F9017E21A930E9484143C
:10AD7C00DF91CF911123C1F1CF93DF932D976F9278
:10AD8C00FE01EF93FF933196FA93EA931CE01A932A
:10AD9C0017EF61221FEB61221CE50E9469E10CE0B8
:10ADAC001881011BFF91EF91008323966F902D97D3
:10ADBC006F92FE01EF93FF933196FA93EA931CE0A6
:10ADCC001A9317EF61221FEB6122E7EDF9ECADD777
:10ADDC000CE01881011BFF91EF91008323966F907B
:10ADEC000E947317DF91CF91CF93DF932D976F92C2
:10ADFC00FE01EF93FF933196FA93EA931CE01A93BA
:10AE0C0017EF61221FEB61221CE50E9469E10CE047
:10AE1C001881011BFF91EF91008323966F902D9762
:10AE2C006F92FE01EF93FF933196FA93EA931CE035
:10AE3C001A9317EF61221FEB6122EFEBF9EC75D738
:10AE4C000CE01881011BFF91EF91008323966F900A
:10AE5C002D976F92FE01EF93FF933196FA93EA933D
:10AE6C001CE01A9317EF61221FEB6122E7EDF9EC5E
:10AE7C005CD70CE01881011B102FFF91EF91008320
:10AE8C0023966F900E940E13DF91CF9110E01093D8
:10AE9C00990810935C07E3E0F1E0F8941193119397
:10AEAC00108367FC78941EE3CFD30E9434C31091B7
:10AEBC0000081730D1F710910A2F112309F01FEF5A
:10AECC00112331F0CF93DF9309DBDF91CF91EDCFDD
:10AEDC0010E001E036D5E9CF11E01BBFF8941BE37D
:10AEEC000CE41EBF0DBF1127E0E1F0E0A0E0B0E0E4
:10AEFC0031960000319711F01D93FCCFA0E0B1E02A
:10AF0C00E0E0F0E410E031960000319711F01D9371
:10AF1C00FCCFCFE9DCE3F8941FE76122AAEEB5E39E
:10AF2C00E0E5FBEE28E030E001D009C011E01BBFEA
:10AF3C002150304018F017911D93FACF089513E863
:10AF4C001093010116BD14E015BD11E010936E00B5
:10AF5C0018E11093C10010E11093C40010E010939D
:10AF6C00C50010E010930301109304011093050128
:10AF7C001091C10010681093C10010E01093A6014D
:10AF8C001093A7011093A80116E01093C200109122
:10AF9C00C6002C9A2E9A279A259A249A0000000013
:10AFAC00000010E51CBD00000000000000000000C7
:10AFBC000000000000000DB50EB51CE01093B800A9
:10AFCC001FEF1093CB0112E31093CA016624772470
:10AFDC000E94D41DEACCEF93FF930F931F931FB7DE
:10AFEC001F931091010106B5100F16BD1FE76122CA
:10AFFC009BDC0091C901002319F00A950093C9014B
:10B00C0010910201112319F01A9510930201E0918D
:10B01C00C705F091C805FF2311F4EE2331F03197E9
:10B02C00E093C705F093C80519F4182D1E7F812EE7
:10B03C00E091F005F091F105FF2311F4EE2331F0CE
:10B04C003197E093F005F093F10519F4182D1D7F5D
:10B05C00812E1091F205112319F011501093F20565
:10B06C001091F305112319F011501093F305109161
:10B07C000A36112319F0115010930A3610912F36FD
:10B08C00112319F0115010932F36109130361123D3
:10B09C0019F011501093303610913136112319F0EC
:10B0AC0011501093313610E8612A1F911FBF1F9168
:10B0BC000F91FF91EF911895EF93FF930F931F93BF
:10B0CC001FB71F931091A801112331F41091C100E7
:10B0DC001F7D1093C10020C00091A7011127E9EA40
:10B0EC00F1E0E00FF11F10811093C6001091A80140
:10B0FC001A951093A80129F41091C1001F7D10938B
:10B10C00C1001091C00010641093C0000395003270
:10B11C0009F400270093A7011F911FBF1F910F91E6
:10B12C00FF91EF911895EF93FF930F931F931FB718
:10B13C001F9310910501103A19F40091C6001BC021
:10B14C001091C6001F93112700910301E6E0F1E076
:10B15C00E00FF11F1F9110831091050113951093AF
:10B16C0005010395003A09F40027009303010091AF
:10B17C00C00007FDDECF1F911FBF1F910F91FF91E4
:10B18C00EF911895409100014062A2E0B0E032E0EE
:10B19C00E6E1F0E060E070E0E89460F850E0ECD1BB
:10B1AC00409100014062A2E0B0E034E0E6E1F0E062
:10B1BC0060E070E050E0E0D1409100014062A2E01C
:10B1CC00B0E036E0E6E1F0E060E078EF50E0D4D1BA
:10B1DC000895409100014062A1E0B0E033E0E6E167
:10B1EC00F0E0E89460F850E0C7D140910001406273
:10B1FC00A1E0B0E033E0E6E1F0E060E050E0BCD18B
:10B20C0008956F93212F60E0E4DF6F916F9362706C
:10B21C0061F0409100014062A1E0B0E036E0E6E16F
:10B22C00F0E06FEF50E0A8D116C0409100014062F1
:10B23C00A1E0B0E036E0E6E1F0E060E050E09CD167
:10B24C00409100014062A1E0B0E036E0E6E1F0E0C0
:10B25C00622F50E091D1409100014062A1E0B0E03A
:10B26C0033E0E6E1F0E06F916F9350E085D14091CF
:10B27C0000014062A1E0B0E033E0E6E1F0E06F9164
:10B28C006F93616050E078D16F91627041F04091A2
:10B29C0000014062A0E0B0E030E050E06DD10895D4
:10B2AC0062E0AFDF409100014062A1E0B0E0E6E176
:10B2BC00F0E054D16F9362E08CDF1F910895E0E8C9
:10B2CC00F2E0EEDF11232AF43197D9F7002711278A
:10B2DC000895012F1FEF08951F93F1DF112311F42F
:10B2EC000F9108951F9160E08CDF60E072DF1FEF1B
:10B2FC00089564E086DF64E06CDF1FEF089510931F
:10B30C000001106222D1112309F408953BDF00E102
:10B31C00112717D310E3E7DF05E0112712D310E351
:10B32C00E2DF01E011270DD310E3DDDF01E011278F
:10B33C0008D318E3D1DF18E0CFDF11E0CDDF16E042
:10B34C00D2DF0895D6CF1981109300011881C4CF94
:10B35C001A811093000118810981112311F41CE04A
:10B36C0001C01DE0002309F01260B6CF1A811093C2
:10B37C00000118810981103011F410E80DC0113052
:10B38C0011F410EC09C0123011F410E905C013309F
:10B39C0011F410ED01C010E8100FA5CF10930001AF
:10B3AC0011E09ADF05E01127CCD20895109300012B
:10B3BC0086DF76DF10681F931F7000E1011B0F936F
:10B3CC0010E297DF0F910A95D1F71F9185CF10935B
:10B3DC00000112E081CF19851093000118851F70B0
:10B3EC00110F110F110F106477DF1F8182DF1E8187
:10B3FC0080DF1D817EDF1C817CDF1B817ADF1A815F
:10B40C0078DF198176DF188174DF10E865CF412F62
:10B41C0040624F93A0E0B0E031E050E0ADD04F91EE
:10B42C00A1E0B0E0E6E1F0E099D0162F187F089586
:10B43C008CD00895A1E0B0E0E6E1F0E0612F50E09F
:10B44C009BD008954F93A0E0B0E050E095D04F9181
:10B45C00A1E0B0E0E6E1F0E081D0162F089510E015
:10B46C001093CB011091B9001C7F103019F410E926
:10B47C001093BC0014EA1093BC001091CA011093F5
:10B48C00C9011091BC00107839F41091C901112335
:10B49C00C1F71093BC004FC01091B9001C7F18303D
:10B4AC0009F449C046C077FA8EF01091B9001C7FA0
:10B4BC00183FD9F3103021F410E91093BC000000B0
:10B4CC0004E90093BC001FEF1093CB010895409347
:10B4DC00BB0014E81093BC001091CA011093C90171
:10B4EC001091BC00107829F41091C9011123C1F7F7
:10B4FC0022C01091B9001C7F1832D9F01831C9F054
:10B50C001034B9F018C014EC11976AF209F414E86D
:10B51C001093BC001091BC0017FFFCCF1091B90028
:10B52C001C7F183511F0103531F41091BB001193BC
:10B53C00EACF1FEF08951091B9001C7F103019F459
:10B54C0010E91093BC0010E00895412F88DF889417
:10B55C00441FBDDFB12FA7DF1B2F089580DF089498
:10B56C00441FB5DF112319F0CEDF112311F7E3DFF0
:10B57C000FEF0093CB01089572DF8894441FA7DF6F
:10B58C001123F1F0432FA3DF1123D1F060FA26F43D
:10B59C00422F9DDF1123A1F0AA2311F4BB2371F0DC
:10B5AC00552311F4419108C0513021F491E09BBF17
:10B5BC00479102C02AD231961197EBCF74DFB9CFE5
:10B5CC00BADF0FEF0093CB011127089506D011239A
:10B5DC0009F408951197D1F7089518811093020179
:10B5EC002CD0112329F4109102011123C9F70895CD
:10B5FC0007D0E981FA811193FA83E9831FEF08954B
:10B60C00109105011123E1F3009104011127E6E0EB
:10B61C00F1E0E00FF11F1081F894E0910501EA953B
:10B62C00E093050167FC7894009104010395003ABE
:10B63C0009F40027009304010895112700910501D6
:10B64C00002309F0109508950091A8010032E1F350
:10B65C00F8940091A601E9EAF1E0E00F0027F01F51
:10B66C0010830091A80103950093A8010091A601F5
:10B67C000395003209F400270093A6010091C10044
:10B68C0000620093C10067FC7894089500E0009379
:10B69C00CE010A811B812C813D81E7E2F5E06081BE
:10B6AC00061759F46181161741F46281261729F4A3
:10B6BC006381361711F41FEF0895019311932193B1
:10B6CC00319340918D05442341F4000F111F221F2B
:10B6DC0033273A830B831C832D8300E00F93A6D072
:10B6EC000F91112379F40A95C9F7112359F40FEF2F
:10B6FC00E7E2F5E0019301930193019305E00093D8
:10B70C00CE0108951FEF089500E00093CE010A8149
:10B71C001B812C813D8140918D05442341F4000F08
:10B72C00111F221F33273A830B831C832D8300E0C8
:10B73C000F93B3D00F91112339F40A95C9F7112344
:10B74C0019F406E00093CE010FEFE7E2F5E0019368
:10B75C00019301930193089523E030E0E5E2F4E0D6
:10B76C00619171913617370799F43297122F1A9508
:10B77C0004E5F9D5A12F102F0A2F055D1B4F01935E
:10B78C001083F80124E530E031932A95E9F7089508
:10B79C002A9531F710E000E008950881198123E023
:10B7AC00E5E2F4E0619171910617170731F43297D5
:10B7BC0010E0119311931FEF08952A9599F710E05B
:10B7CC00089500E00093CE0128813981222339F4B9
:10B7DC00332329F404E00093CE0110E0089503E034
:10B7EC00E5E2F4E0619171912617370711F41FEF30
:10B7FC0008950A95B9F704E00093CE0110E008957E
:10B80C0010E51CBD00000000000000000EB50895FE
:10B81C0002E50CBD0F931EBD00000DB506FDFBCF60
:10B82C000DB507FFFDCF1EB50F9108952C981FEF96
:10B83C00F1DF11E5EFDF1D81EDDF1C81EBDF1B81FB
:10B84C00E9DF1A81E7DF08EC1FEFE4DF103029F0A5
:10B85C000A95D1F72C9A11270895A0E0B0E21FEFBA
:10B86C00D9DF1E3F29F01197D1F72C9A1127089593
:10B87C00A0E0B2E0E881F98100271FEFCBDF119344
:10B88C00012B1197D1F71FEFC5DF1FEFC3DF2C9AE8
:10B89C0000950093CF031FEF08952C981FEFBADF8C
:10B8AC0018E5B8DF1D81B6DF1C81B4DF1B81B2DF68
:10B8BC001A81B0DF00E21FEFADDF103029F00A95DE
:10B8CC00D1F72C9A112708951FEFA4DF1FEFA2DFE9
:10B8DC001EEFA0DFA0E0B2E0E881F98111919ADFC0
:10B8EC001197E1F71FEF96DF1FEF94DF7FEF1FEF4C
:10B8FC0091DF712F1FEF8EDF1F3FE1F72C9A1FEFA7
:10B90C0089DF1FEF08951A8109812DD5B02FA12F42
:10B91C00288130E0E89465F85BD5102F0895112349
:10B92C0019F4E89465F802C0689465F80C811D81DF
:10B93C00AA81BB812BD5A801BF01A881B98115D6DD
:10B94C000895A80111274117510749F00AE71CE097
:10B95C00015010400000E1F741505040B9F70895F4
:10B96C00112331F006E20A950000E9F71A95D1F798
:10B97C0008952150304018F011911D93FACF08957D
:10B98C0067FC7894F999FCCFF894F999F9CF08955C
:10B99C00F7DF4F93E1BDF2BDF89A000040B51417E4
:10B9AC0019F010BDFA9AF99A4F9167FC78940895A2
:10B9BC00122FEEDF132F3196EBDF08951A2FE8DFED
:10B9CC001B2F3196E5DF122F3196E2DF132F3196C4
:10B9DC00DFDF0895D5DFE1BDF2BDF89A000010B5A8
:10B9EC0067FC78940895F6DF012F3196F3DF089504
:10B9FC00F1DF012F3196EEDFA12F3196EBDF212FF6
:10BA0C003196E8DF312F1A2F0895BADFE1BDF2BD70
:10BA1C00F89A000040B567FC78940895312FFF9197
:10BA2C00EF910F91BF91AF91EF93FF930023C9F06A
:10BA3C00FD01772311F4108101C0CCDF112389F0B3
:10BA4C00332379F0101768F02227E00FF21F232F11
:10BA5C00200F422F211B30F029F0021B772311F409
:10BA6C000C930895131B772309F41C933327A40F0D
:10BA7C00B31F2195239577231D9111932A95E1F7F7
:10BA8C0008953F912F910F91BF91AF91FF91EF913D
:10BA9C002F933F93892F80711C91139509C03F916F
:10BAAC002F910F91BF91AF91FF91EF912F933F93F6
:10BABC00892F837061F0869531F41F938BDF312FC2
:10BACC001F91319605C031E03BBF379101C03191D8
:10BADC00332329F0892F80712C91011708F40895D4
:10BAEC00402F411B542F431B50F1211730F4632F6F
:10BAFC00620F061720F1062F22C0AF93BF93EF936E
:10BB0C00FF93522F511B541708F4452F5527A10FA3
:10BB1C00B51FA40FB51F1196FD01E30FF51F542F90
:10BB2C005395892F80710E9002925A95E1F7FF91EF
:10BB3C00EF91BF91AF91012F030F040F11F4340F4C
:10BB4C003395892F80710C932227A10FB21F892F57
:10BB5C00837041F0869521F43DDF012E319603C0B0
:10BB6C00079001C00190892F80710D923A9579F759
:10BB7C00089533272227BB27AA2766FA1EF42ADF4B
:10BB8C00319601C01191112319F411270027089542
:10BB9C00512F002311F053956DC066FA1EF41ADF75
:10BBAC00319601C01191E89462F81D3259F45A95FE
:10BBBC0061F3689462F866FA1EF40CDF319612C0D9
:10BBCC00119110C01B3259F45A95F9F2E89462F8AD
:10BBDC0066FA1EF4FFDE319605C0119103C01432D3
:10BBEC0009F448C0052F0A9582F255277727992723
:10BBFC0088270F9307C00F9366FA1EF4EBDE31967D
:10BC0C0001C01191103310F11A3300F51053412F6C
:10BC1C008D01000F111F771F991F000F111F771F28
:10BC2C00991F0A0F1B1F781F981F720F931F000F6D
:10BC3C00111F771F991F040F151F781F981FD8010C
:10BC4C00272F392F0F910A954AF0D5CF0F91689471
:10BC5C0061F8112700273327222708958D0162FAF6
:10BC6C0046F40150104020403040209530951095FE
:10BC7C0000950895E89462F85A95D9F3593038F73D
:10BC8C0066FA1EF4A7DE319601C01191113608F048
:10BC9C0010521033E0F21A3328F01134C0F217347A
:10BCAC00B0F6175F1F7004E0AA0FBB1F221F331FD3
:10BCBC000A95D1F7A12B5A9519F7D0CF1127B0813E
:10BCCC00BB2389F0662309F46395B61760F0E60F81
:10BCDC00F11F6A95B61B162F1395A1910A1719F02F
:10BCEC00BA95D1F7112708951191112351F0B12F65
:10BCFC001191113618F01B3708F41F7DE4D2BA9558
:10BD0C00B9F70895112381F0B081BB2369F0B01B02
:10BD1C0058F0B395AA27E00FFA1FB11708F0B12F0E
:10BD2C001191D1D2BA95E1F70895B1E0BBBFB791AB
:10BD3C00BB2331F011E01BBF1791C5D2BA95D1F7D7
:10BD4C0008951191112329F0B12F1191BCD2BA95FC
:10BD5C00E1F708953FDE3196112331F0B12F3ADE31
:10BD6C003196B1D2BA95D9F70895CF93DF93269730
:10BD7C000985112798010F7022952F70B901660F54
:10BD8C00771F660F771FA801461B570B4451504075
:10BD9C0048835983A901440F551F465250404A838A
:10BDAC005B8344E04C831D83FE0112E08081918112
:10BDBC00A281B38199231AF40A961197FBCF819330
:10BDCC009193CD011A9519F0A281B381F3CF819390
:10BDDC00908328853F814E8153E080E0FE01DE0197
:10BDEC001A962FD1DF91CF910895CF93DF936C9753
:10BDFC00DE015496FE0174FA16F07F9601C0B396DC
:10BE0C00882765FA9EF43381332382F48DE22281F4
:10BE1C001181008101501040204030400095109558
:10BE2C0020953095008311832283338362FA0EF4BC
:10BE3C008DE224E08F9300810F700D930191029598
:10BE4C000F700D932A95B9F7B0E0FE0174966181DD
:10BE5C0070E04281640F7B1F4381640F7B1F448120
:10BE6C00640F7B1F4581640F7B1F4681640F7B1F12
:10BE7C004781640F7B1F660F771F660F771F40810A
:10BE8C005527461B570B44515040488359836181B9
:10BE9C0077274681640F7B1F660F771F22810781EE
:10BEAC001127020F1B1F74D1600F711F448155277E
:10BEBC00440F551F440F551F640F751F0581112723
:10BECC007CD1600F711F6C5A71406A837B836281D5
:10BEDC0077274681640F7B1F660F771F4381640FA2
:10BEEC007B1F048111274581040F1B1F49D1600F53
:10BEFC00711F47815527440F551F440F551F640F61
:10BF0C00751F6F5171406C837D8363817727660F3A
:10BF1C00771F660F771F048111274781040F1B1FA2
:10BF2C002FD1600F711F0581112747D1600F711F31
:10BF3C000681112735D1600F711F655B71406E83CF
:10BF4C007F8365817727660F771F660F771F0481C4
:10BF5C0011271ED1600F711F0681112721D1600F8F
:10BF6C00711F0781112706D1600F711F6F5271402D
:10BF7C006887798767817727660F771F660F771F2A
:10BF8C00068111270DD1600F711F655A70406A87A9
:10BF9C007B876581772706811127FAD0600F711F87
:10BFAC00078111270AD1600F711F665E70406C8784
:10BFBC007D876681772707811127EAD0600F711F73
:10BFCC00695670406E877F8767817727660F771F6A
:10BFDC0065527040688B798B65E070E06A8B7B8B67
:10BFEC00FE0119E080819181A281B38199231AF419
:10BFFC000A961197FBCF81939193CD011A9519F065
:10C00C00A281B381F3CF819390838F91FE01DE01E6
:10C01C0074FA36F42E8D30E04C8D5AE097960DC0A4
:10C02C0075FA36F429E030E040E35AE0979605C003
:10C03C002E8D3D8D4C8D5AE0939603D0DF91CF9190
:10C04C000895AF93BF931D910D916C91DF016A938D
:10C05C000A931A93882319F0222309F02A95652F45
:10C06C00752F770F7A950027A70FB01F1E911123FC
:10C07C0019F411976A95D1F7662311F4119663950B
:10C08C001296332321F4222309F040C051C02223FD
:10C09C0009F02A950027DF01351780F4732F770FED
:10C0AC00A70FB01F1EE21E93361710F0632F639577
:10C0BC00762F770FDF01A70FB01F28C0A70FB01F77
:10C0CC001196732F7E5F271720F0022F071B039505
:10C0DC0001C00027202F002321F0142FF4D00A9543
:10C0EC00FACF732F751B652F270F882321F0182F7C
:10C0FC00EAD0882723952E5F10E3E5D01EE2E3D02B
:10C10C0010E37723A9F0DFD07A95FBCF621710F0FC
:10C11C0022270EC0261B022F75FA36F468A1601771
:10C12C0008F4061B601B68A3142FCDD00A95E1F709
:10C13C0075FA1EF468A1662369F0882311F0182F94
:10C14C00C2D01E91112309F0BED01E911063BBD03A
:10C15C006A95B9F774FA2EF418A1112311F01EE2A6
:10C16C00B2D0BF91AF9118811D9319811D931A8183
:10C17C001D9308959801000F111F020F131F0895AE
:10C18C009801000F111F000F111F020F131F0895AC
:10C19C00000F111F9801000F111F020F131F08959C
:10C1AC009801A801000F111F000F111F220F331F40
:10C1BC00020F131F040F151F0895000F111F000FFE
:10C1CC00111F000F111F0895CF93DF932A97AD8590
:10C1DC00BE85882765FA3EF4BB232AF48DE2A15074
:10C1EC00B040A095B0958F938B2F82958F70805116
:10C1FC00382F380F8E51282F8E5C082F8B2F8F7075
:10C20C00280F280F080F8751182F180F180F8A2F77
:10C21C0082958F70180F080F111F001F00958894BE
:10C22C00001F8A2F8F70080F331F87E0482F8AE07A
:10C23C00080F1A95E8F7180F2A95E8F7280F3A9582
:10C24C00E8F7380F4A95E8F7DE01FF27E0E195E0C3
:10C25C0070E081918D937D939A95D9F72C853B85D0
:10C26C004A8555E08F91FE01DE011F96EADEDF91D3
:10C27C00CF9108950D9164FC02C0019003C011E0B0
:10C28C001BBF0790001511F098940895002311F42A
:10C29C00189408950A951D9164FC02C0019003C086
:10C2AC0091E09BBF0790101589F398940895B2E024
:10C2BC004295142F1F701A3008F0195F105D03D0CF
:10C2CC00BA95B1F70895EF93FF9363FAD6F01F93E5
:10C2DC00E981FA811881112331F41F91689461F876
:10C2EC00FF91EF9108951A9518831F9166FA16F035
:10C2FC00119302C04DDB3196FA83E983FF91EF91E4
:10C30C000895E881F9811F930F932F933F93AF9377
:10C31C00BF936F937F934F935F938F939F930995E5
:10C32C009F918F915F914F917F916F91BF91AF9141
:10C33C003F912F910F911F91FF91EF91089522231F
:10C34C0039F0283010F011270895110F2A95E9F7CC
:10C35C000895222339F0283010F0112708951695EE
:10C36C002A95E9F70895109F102D012D0895332774
:10C37C0029E0111F2A9511F4032F0895331F301B48
:10C38C0018F4300F8894F5CF0894F3CF9801442714
:10C39C0065FA86F4BD013702F001269F8001360351
:10C3AC00F40B100DE11DF41F7203F40B100DE11DC5
:10C3BC00F41F08953B9FF0012A9F80013A9F100DB6
:10C3CC00E11DF41F2B9F100DE11DF41F0895980122
:10C3DC00552765FA96F45B2F432F4B27E89447FFBC
:10C3EC0065F837FF04C0219509F43A953095B7FFED
:10C3FC0004C0A19509F4BA95B095EE27FF1B11E185
:10C40C00AA1FBB1F1A9541F48D0165FA26F40195FC
:10C41C0009F41A9510950895EE1FFF1FE21BF30BFC
:10C42C0020F4E20FF31F8894EBCF0894E9CFD801E6
:10C43C00F9011F910F917F916F915F914F910F9324
:10C44C001F9302C0D801F90165FACEF48F2F87270C
:10C45C00E89487FF65F8F7FF08C0A095B095E095C4
:10C46C00F095AF5FBF4FEF4FFF4F77FF08C0409580
:10C47C005095609570954F5F5F4F6F4F7F4F992729
:10C48C0088271124002410E27695679557954795D7
:10C49C0020F48A0F9B1F0E1E1F1E1794079497954E
:10C4AC00879577956795579547951A9589F78A01DA
:10C4BC009B01A00165FA86F40150104020403040E9
:10C4CC00804090404040504020953095109500950C
:10C4DC0080959095409550950895112765FAD6F45E
:10C4EC00172F8F2F8727E89487FF65F8F7FF08C071
:10C4FC00A095B095E095F095AF5FBF4FEF4FFF4F14
:10C50C0077FF08C040955095609570954F5F5F4FD1
:10C51C006F4F7F4F1F93882799270024112411E216
:10C52C00441F551F661F771F1A9571F48A019B01D2
:10C53C0065FA46F40150104020403040209530956B
:10C54C00109500955F910895881F991F001C111C70
:10C55C008A1B9B0B0E0A1F0A30F48A0F9B1F0E1EA0
:10C56C001F1E8894DDCF0894DBCF65FA1EF0E0E047
:10C57C00F0E021C0BB231AF4EFEFFFEF02C0E0E0C4
:10C58C00F0E0172F8F2F8727E89487FF65F8F7FFC8
:10C59C0008C0A095B095E095F095AF5FBF4FEF4FF9
:10C5AC00FF4F77FF08C040955095609570954F5F91
:10C5BC005F4F6F4F7F4F1F938827992700240027C9
:10C5CC0011E2441F551F661F771F1A9571F48A01DB
:10C5DC009B0165FA46F401501040204030402095F4
:10C5EC003095109500955F910895881F991F001C38
:10C5FC00001F8A1B9B0B0E0A0F0B30F48A0F9B1F1C
:10C60C000E1E0F1F8894DDCF0894DBCF222349F038
:10C61C00203118F0112700270895169507952A95B3
:10C62C00E1F70895EE2369F0E03228F01127002796
:10C63C002227332708953695279517950795EA9560
:10C64C00D1F70895222349F0203118F01127002743
:10C65C000895000F111F2A95E1F70895EE2369F054
:10C66C00E03228F011270027222733270895000FE6
:10C67C00111F221F331FEA95D1F70895F894112743
:10C68C0011931193182D1023812E67FC7894089523
:10C69C00EF93FF93BF93D80110E002E0E89465F8A4
:10C6AC0096DEBF91FF91EF91F89401931193A82D11
:10C6BC00112341F4002331F4B095AB238A2E67FC8F
:10C6CC0078940895AB2B8A2E67FC78940895012FEB
:10C6DC00F5E5F123169515751F0FF3E3F123169568
:10C6EC00169513731F0FFFE0F12312951F701F7027
:10C6FC001F0F117009F01FEF0895992031F4AA2033
:10C70C0021F413EB912E10E4A12E192D107DDFDFF7
:10C71C0093FC1095111F991CAA1C092D1A2D089514
:10C72C00ECDF2A813B81A881B981A217B307A1F064
:10C73C0020F4AA81BB8128813981FD01E21BF30B16
:10C74C000217130718F40E0F1F1FF7CFA017B1070E
:10C75C0018F40E1B1F0BFACF08951B1728F049F481
:10C76C000A1710F031F406C0539562FA1EF08D01D1
:10C77C0001C05A950895EA81FB8100812981021735
:10C78C0018F01FEF088102C003951127008308954C
:10C79C001A812981121720F02881211708F0089599
:10C7AC00122F08951A812981121728F02881211738
:10C7BC0010F01FEF0895112708950C811D81AA8197
:10C7CC00BB810A171B0738F0A881B981A017B107E4
:10C7DC0010F01FEF0895112708951B172CF049F442
:10C7EC000A1710F031F406C0539562FA1EF08D0151
:10C7FC0001C05A9508950C811D8160E81627288187
:10C80C003981AA81BB81A21BB30BB6270A171B0760
:10C81C0050F04A815B81420F531F56274017510736
:10C82C0010F01FEF0895112708950C811D8160E809
:10C83C0016274A815B8156270417150730F048816B
:10C84C00598156274017510708F48A011627089575
:10C85C000C811D8160E816274A815B8156270417DD
:10C86C00150740F04881598156274017510710F0A1
:10C87C001FEF0895112708951770E4E5F9EC0024D3
:10C88C00E10FF01D11E01BBFD8951C9110291C93D2
:10C89C0008951770E4E5F9EC0024E10FF01D11E0A8
:10C8AC001BBFD89500941C9110211C9308951770F0
:10C8BC0005C01F70183010F011961850E4E5F9EC13
:10C8CC000024E10FF01D11E01BBFD89511270C912E
:10C8DC00202F002101131FEF08950770E4E5F9ECF8
:10C8EC000024E00FF01D01E00BBFD895112329F4B3
:10C8FC0000941C9110211C9303C01C9110291C93B3
:10C90C0008950F70083010F011960850E4E5F9EC1A
:10C91C000024E00FF01D01E00BBFD895112329F482
:10C92C0000941C9110211C9303C01C9110291C9382
:10C93C000895E0E1F0E0000F111F08F4F395EA957B
:10C94C00D1F71F2F0895189501020408102040807C
:10C95C0000015C012005352E383430164858332E32
:10C96C003520547275654F7267616E2023352E38F1
:10C97C00343009485833206D6B352C2009547275AE
:10C98C00654F7267616E0C4858332E352023352E57
:10C99C003834300C537461727475702F4C69766531
:10C9AC0006286E6F6E65290B6175746F72756E2E2D
:10C9BC00696E690A636F6E6669672E696E690C5FD2
:10C9CC006175746F72756E2E696E690B5F636F6E35
:10C9DC006669672E696E690630205B4F4B20062016
:10C9EC005B4552523A03205B240330205B092F2015
:10C9FC004552524F523A200B2F205741524E494E1E
:10CA0C00473A201B2F205741524E494E473A204659
:10CA1C00504741206F7574206F66206461746517F0
:10CA2C002F204552524F523A204650474120636FB7
:10CA3C00727275707465642B2F204552524F523AA6
:10CA4C0020465047415F444F4E45206661696C65F6
:10CA5C0064206F7220434F4E46444953204A502065
:10CA6C007365740A46504741204641554C5406465E
:10CA7C0050474120230F4765742044462043686586
:10CA8C00636B73756D0928756E6E616D6564290F26
:10CA9C00557064617465204669726D776172653B8F
:10CAAC002F202844462920496E766F6B6520426FF3
:10CABC006F746C6F616465722C20666C6173682096
:10CACC00415652204669726D7761726520524F4D06
:10CADC002066726F6D2044462E2E2E0E436F707999
:10CAEC0020736861646F7720444607436F756E74DA
:10CAFC003A2003204F4B05204641494C10445350DB
:10CB0C00205570646174652028444655291072754F
:10CB1C006E6E696E672E2E2E202020202020122F64
:10CB2C00204446552055706461746520656E6465BB
:10CB3C00640B434320696E76616C6964210D44611A
:10CB4C00746120726563656976656407426C6F6316
:10CB5C006B2023064552524F523A084547204472E7
:10CB6C00792020034F4E20034F46460650726573C2
:10CB7C006574055570706572054C6F77657205505C
:10CB8C006564616C0844656661756C7473054F72FD
:10CB9C0067616E06526F7461727905536176652018
:10CBAC000320746F08536176656420746F04204F02
:10CBBC004B210D5344206E6F7420666F756E64218B
:10CBCC00022F20085344204C6F61643A0E45726169
:10CBDC007365204661696C656421200F5772697416
:10CBEC0065204661696C65642120200E5344204306
:10CBFC00617264204572726F722109534420466938
:10CC0C006C6520220C22206E6F7420666F756E642A
:10CC1C00200F46696C65206E6F7420666F756E64AC
:10CC2C003A056363736574042E64617407776176E7
:10CC3C0065736574042E62696E0574617065720C9F
:10CC4C006878335F6D61696E2E62696E087363611B
:10CC5C006E2E6461740B6669725F636F652E64611E
:10CC6C00740A6F7267616E732E6461740C737065F5
:10CC7C00616B6572732E6461740B7072657365748D
:10CC8C00732E6461740A656570726F6D2E62696EC5
:10CC9C000C6669726D776172652E62696E172F2052
:10CCAC004669726D7761726520636F706965642087
:10CCBC00746F2044461A2F204F7665727772697410
:10CCCC006520454550524F4D2066726F6D2044468D
:10CCDC00172F2052657461696E20454550524F4D97
:10CCEC0020636F6E74656E740928756E6B6E6F774A
:10CCFC006E290E494E56414C4944205052455345DD
:10CD0C0054142F204F6E626F6172642050616E65F7
:10CD1C006C3136202332152F2050726573657431B7
:10CD2C00362F457874656E64313620230620666F85
:10CD3C00756E64112F205842322070616E656C2024
:10CD4C00666F756E64072F706172616D2F072F63AC
:10CD5C006F6C6F723D0522726564220622626C75DF
:10CD6C00652206226772617922082279656C6C6FE4
:10CD7C007722152F706172616D5F6D662F313039BE
:10CD8C00362F636F6C6F723D162F706172616D5F21
:10CD9C006D62682F313036302F636F6C6F723D0FC0
:10CDAC002F6C6162656C5F7072657365743D2212E5
:10CDBC002F2046617461724D4944492055505220D0
:10CDCC007623122F2046617461724D494449204CE0
:10CDDC005752207623122F2046617461724D4944BC
:10CDEC004920504544207623122F204661746172ED
:10CDFC004D494449204155582076230F2F20566524
:10CE0C007273696F6E20352E38343003202D20114B
:10CE1C004C6963656E636520636F727275707465BF
:10CE2C0064104C4943454E434520434F5252555094
:10CE3C005444162F20454550524F4D207570646157
:10CE4C00746520666F72636564152F2045455052DA
:10CE5C004F4D206368616E67657320646F6E650665
:10CE6C005365724E20231A352E383430205B4858C7
:10CE7C0033206D6B352C20547275654F7267616E63
:10CE8C005D032A2E2A074F574E45523A200E4F5318
:10CE9C004320436F6E6E6563742E2E2E092F7061C6
:10CEAC0067652F313D30212F6C6162656C5F667751
:10CEBC005F76657273696F6E3D224858332E35204C
:10CECC0056657273696F6E201C2F6C6162656C5FA6
:10CEDC00776169743D22506C656173652077616977
:10CEEC00742E2E2E221C2F6C6162656C5F70726525
:10CEFC007365743D22537461727475702F4C69762E
:10CF0C0065220E2F6C6162656C5F776169743D22DE
:10CF1C00220B2F706167652F313D3132370F2F6C2B
:10CF2C006162656C5F776169743D2220220C6465D7
:10CF3C006661756C74732E6461741B2F205374615D
:10CF4C0072742044465520557064617465206F6E70
:10CF5C0020686F737421162F204446552055706439
:10CF6C006174652063616E63656C6C6564042E6925
:10CF7C006E69102F20465720436865636B73756D7F
:10CF8C00204F4B14436865636B73756D2066616944
:10CF9C006C65642C2044463A142F20454550524F62
:10CFAC004D20436865636B73756D204F4B18436858
:10CFBC0065636B73756D206661696C65642C2045C7
:10CFCC004550524F4D3A122F202850412920457878
:10CFDC0065637574696E6720220C52756E20494E1C
:10CFEC00492066696C650B285041292046696C659F
:10CFFC0020220B22206E6F7420666F756E64074DB5
:10D00C004944493A20240F4343206E6F74206173C6
:10D01C007369676E65640A2F6C6162656C5F676D1E
:10D02C002F023D220453465420044E524D200446F8
:10D03C0053542004534C57200320487A0E507265E9
:10D04C007365742050726576696577034472620962
:10D05C0028696E76616C69642907482D5065726386
:10D06C002007456E76456E61200E507265737320F5
:10D07C0042746E203273656307576169742E2E2ECD
:10D08C00052A2E494E49073C456D7074793E0E5762
:10D09C0069466920496E697420646F6E650F52652C
:10D0AC002D636F6E6669672057694669210944468E
:10D0BC00552053746172740D507265736574203011
:10D0CC0020496E697409746F2053746420423303D1
:10D0DC00434D440003534420000346494E00024490
:10D0EC0046000004434F4E46035550440003504144
:10D0FC00520020554C504343434F52444549202045
:10D10C0020208E91949AA3B4E80012485C656A6E54
:10D11C007070000000010101010101020202020213
:10D12C0003030303040404050505060607070808A2
:10D13C0009090A0A0B0B0C0D0D0E0F0F1011111211
:10D14C001314141516171818191A1B1C1D1E1F2042
:10D15C002122232425262728292B2C2D2E2F303233
:10D16C003334363738393B3C3E3F404243454648E2
:10D17C00494B4C4E4F5152545657595B5C5E606153
:10D18C00636567696A6C6E7072747677797B7D7F84
:10D19C007F7F983A983AD11001103B0F7E0ECB0D41
:10D1AC00210D7F0CE40B510BC60A410AC3094B0934
:10D1BC00D8086C080408A2074407EB069606460636
:10D1CC00F905B0056B052905EA04AF0476044004A3
:10D1DC000D04DC03AD03810357032F030903E502A0
:10D1EC00C202A2028302650249022E021402FC0151
:10D1FC00E501CF01BA01A601930182017001600122
:10D20C0051014201340127011A010E010301F800FA
:10D21C00ED00E300DA00D100C900C100B900B20092
:10D22C00AB00A4009E00980092008D008700830044
:10D23C007E007900750071006D006A006600630065
:10D24C0060005D005A0057005500520050004E001F
:10D25C004C004A0048004600440043004100400096
:10D26C003E003D003C003B003900380037003600E2
:10D27C00350034003400330032003100310030000E
:10D28C002F002F002E002E002D002D002C002C0026
:10D29C002B0000010203050608090B0C0E0F1112DE
:10D2AC0013151618191B1C1D1F2021232425272894
:10D2BC00292B2C2D2F30313234353637393A3B3C33
:10D2CC003E3F4041424445464748494A4C4D4E4FEB
:10D2DC00505152535455565758595A5B5C5D5E5FCA
:10D2EC0060616263646566666768696A6B6C6C6DC5
:10D2FC006E6F6F70717272737474757676777878EE
:10D30C0079797A7A7B7B7C7C7D7D7D7E7E7F7F7F4D
:10D31C007F7F9405E9054406A30608077307E50714
:10D32C005D08DB086309F109880A9605EC054606D9
:10D33C00A5060A077507E6075E08DE086409F30907
:10D34C008B0A9505EA054406A30608077307E5074B
:10D35C005D08DC086309F209890A64006400640052
:10D36C00640082009600C800D200DC00F000FD00D2
:10D37C00FD001701270139014B015F0174018A017E
:10D38C00A101BA01D401F0010D022C024D02700270
:10D39C009502BC02E50211033F037003A403DB03F7
:10D3AC00160453049504DA0423057005C205190606
:10D3BC007406D5063C07A8071B08D80C960D5F0E03
:10D3CC00330F13100011F911001316143A156F16C0
:10D3DC00B4170B19741AF01B7F1D241FDE20AF220B
:10D3EC0097249826B228E72A372DA32F2C32D33432
:10D3FC009837173A173A173A173A173A173A173A1B
:10D40C00173A173A173A6C466C466C466C466C46A3
:10D41C006C46FC51FC51FC51FC5100007F32231432
:10D42C000A000000000000007F4641281E190A0077
:10D43C0000007C50321E0F080300000000007C50DE
:10D44C004628190F0A08000000000C010D010E01FE
:10D45C000F0109010A018B0100000003080B1013D6
:10D46C00646450443C37322F2D2A28262423212152
:10D47C00646464645F554B413C3732323232323231
:10D48C0000161D34485457586C707D898F151C3309
:10D49C00475356576B6F7C888E97161D34485858D7
:10D4AC005854707070706C8989895757578F8F7D5D
:10D4BC000A0B0C0D0202150F151515260E11121064
:10D4CC001515152517181A14312E322F3002020299
:10D4DC0002020202020202020215151528030214AE
:10D4EC0007021417020202020202020202020202E4
:10D4FC002904021408021417020202020205021483
:10D50C00090214170202022715022B02022C020236
:10D51C002D02150202020215020202141414141434
:10D52C0014141414141414141414141414161C1F9A
:10D53C00141414181D15141B151414141414142479
:10D54C001E20141414141515F404F504F604F70431
:10D55C00380439047004EF046E046F047104F2048F
:10D56C00EE046C046D04F0047E0472047304F10484
:10D57C006F057305A804D705DF04E505A106A2060F
:10D58C00A306E803E903EA03EB03EC03ED03EE0364
:10D59C00EF03F003F103F203F30385048404860420
:10D5AC008804C804C904CA04CB04CC04CD04CE043A
:10D5BC00F803F903FA03FB03FC03FD03FE03FF036B
:10D5CC0000040104020403049804D004D104D2041E
:10D5DC00D304D404D504D604300431043204330407
:10D5EC002B04D804D904DA04DB04DC04DD04DE04E7
:10D5FC00780579057A0578048704580459045A0487
:10D60C005B045C045D045E045F04600461043A0422
:10D61C003B043C043D0476043F04400441044204B2
:10D62C00C805C905CA05CB05A805A905AA05AB05FA
:10D63C00AC05AD05AE05AF05B005B105B205B40539
:10D64C00B505580559055A055B055C055E054B0586
:10D65C005D05770449054A0560052E0530052F0543
:10D66C00310532053305ED046C0570056D056E054D
:10D67C00500551054C054D050D4858332050726529
:10D68C007365742020200D566F696365205570708A
:10D69C00657220200D566F696365204C6F7765723B
:10D6AC0020200D566F69636520506564616C2020E5
:10D6BC000D4D617374657220566F6C756D650D54EC
:10D6CC00756265416D70204761696E200D547562FD
:10D6DC0065416D704279706173730D526576657238
:10D6EC0062205072676D20200D526F746172792028
:10D6FC004D6F746F72200D526F7461727920466198
:10D70C00737420200D526F746172792042797061AC
:10D71C0073730D526F74617279204D6F64656C2058
:10D72C000D50657263757373696F6E2020200D55F3
:10D73C005052204C57522056696272200D5550524F
:10D74C00204C57522056696272200D555052204C75
:10D75C0057522056696272200D50686173696E676A
:10D76C002046617374200D50686173696E67205593
:10D77C00707065720D50686173696E67204C6F77BD
:10D78C0065720D4F7267616E204D6F64656C202061
:10D79C000D54472054756E696E67202020200D4D66
:10D7AC00494449205472616E73706F730D456469FE
:10D7BC0074204E616D65202020200D4C4544204482
:10D7CC00696D6D65722020200D536176652044656E
:10D7DC006661756C74730D53442046696C65204505
:10D7EC00786563200D426F6F746C642055706461B2
:10D7FC0074650D5769466920496E697420446566E5
:10D80C000D50726573657420496E697420200D5536
:10D81C007070657244422031362020200D55707096
:10D82C0065724442203520312F330D55707065726E
:10D83C0044422038202020200D55707065724442DF
:10D84C002034202020200D55707065724442203207
:10D85C0020322F330D5570706572444220322020D7
:10D86C0020200D55707065724442203120332F35C5
:10D87C000D55707065724442203120312F330D5597
:10D88C007070657244422031202020200D5570703C
:10D89C0065724442204D697820310D557070657267
:10D8AC004442204D697820320D55707065724442A7
:10D8BC00204D697820330D4831303020486172702A
:10D8CC00537573740D4831303020326E64566F6965
:10D8DC0063650D454720444220546F2044727920E3
:10D8EC000D483130302050657263202020200D55BA
:10D8FC0070706572474D2050726720310D557070F5
:10D90C006572474D204C766C20310D5570706572E8
:10D91C00474D2048726D20310D5570706572474D22
:10D92C002050726720320D5570706572474D204C37
:10D93C00766C20320D5570706572474D20486172BF
:10D94C006D320D5570706572474D204465746E32A2
:10D95C000D4C6F77657244422031362020200D4CDF
:10D96C006F7765724442203520312F330D4C6F7721
:10D97C00657244422038202020200D4C6F77657250
:10D98C0044422034202020200D4C6F776572444295
:10D99C00203220322F330D4C6F7765724442203287
:10D9AC00202020200D4C6F776572444220312033AB
:10D9BC002F350D4C6F7765724442203120312F3357
:10D9CC000D4C6F77657244422031202020200D4C85
:10D9DC006F7765724442204D697820310D4C6F771A
:10D9EC0065724442204D697820320D4C6F77657218
:10D9FC004442204D697820330D4144535220456EEA
:10DA0C0061204C7772200D4C6F776572474D20501A
:10DA1C00726720310D4C6F776572474D204C766CD8
:10DA2C0020310D4C6F776572474D204861726D3116
:10DA3C000D4C6F776572474D2050726720320D4C3C
:10DA4C006F776572474D204C766C20320D4C6F779A
:10DA5C006572474D204861726D320D4C6F7765725F
:10DA6C00474D204465746E320D506564616C4442C0
:10DA7C002031362020200D506564616C44422031E9
:10DA8C00364820200D506564616C444220382020BB
:10DA9C0020200D506564616C4442203848202020C1
:10DAAC000D506564616C2052656C656173650D5039
:10DABC006564616C474D2050726720310D50656470
:10DACC00616C474D204C766C20310D506564616C57
:10DADC00474D204861726D310D506564616C474D46
:10DAEC002050726720320D506564616C474D204C9C
:10DAFC00766C20320D506564616C474D2048617224
:10DB0C006D320D506564616C474D204465746E3206
:10DB1C000D5265766572622031204C766C200D5268
:10DB2C0065766572622032204C766C200D526576DB
:10DB3C006572622033204C766C200D504852203C8C
:10DB4C004D6F64653E2020200D4571752042797023
:10DB5C006173732020200D426173732045717561D0
:10DB6C006C2020200D426173732045717520467224
:10DB7C0071200D4261737320457175205120202056
:10DB8C000D4D696420457175616C202020200D4D70
:10DB9C006964204571752046727120200D4D6964B1
:10DBAC00204571752051202020200D547265626C27
:10DBBC006520457175616C200D547265622045714C
:10DBCC007520467271200D54726562204571752066
:10DBDC00512020200D506172616D65747220422FAE
:10DBEC0054200D5570706572204C766C2041646A1F
:10DBFC000D4C6F776572204C766C2041646A0D5029
:10DC0C006564616C204C766C2041646A0D506572C1
:10DC1C0063204C766C2041646A200D506564616C05
:10DC2C00526F7442797061730D414F323820546FCA
:10DC3C006E6520506F740D414F3238204761696E0C
:10DC4C00204361700D414F3238204D696E5377651A
:10DC5C006C6C0D414F3238205475626520416765FC
:10DC6C000D506572634E6F726D4C766C20200D50AA
:10DC7C00657263536F66744C766C20200D50657220
:10DC8C00634C6F6E67546D2020200D50657263538A
:10DC9C00686F7274546D20200D486F726E536C6FE8
:10DCAC007753706565640D526F7472536C6F775354
:10DCBC00706565640D486F726E4661737453706560
:10DCCC0065640D526F74724661737453706565644C
:10DCDC000D486F726E52616D7055702020200D5280
:10DCEC006F746F7252616D70557020200D486F7299
:10DCFC006E52616D70446F776E200D526F746F723F
:10DD0C0052616D70446F776E0D526F746172792031
:10DD1C005468726F62200D526F7461727920537067
:10DD2C00726561640D526F746172792042616C6E20
:10DD3C0063650D547562652053656C656374204191
:10DD4C000D547562652053656C65637420420D4DEE
:10DD5C00494449204368616E6E656C200D4D494401
:10DD6C0049204F7074696F6E20200D4D4944492035
:10DD7C0043432053657420200D4D4944492053776B
:10DD8C00656C6C2043430D4D49444920566F6C75AE
:10DD9C006D6543430D4D494449205072657365745C
:10DDAC0043430D5472616E73706F73654F66667387
:10DDBC000D4C6F63616C204F6E2F4F6666200D53B8
:10DDCC00706C6974204B6579622020200D53706C47
:10DDDC00697420506F696E7420200D53706C6974D7
:10DDEC00204D6F64652020200D4E6F2050726F67A0
:10DDFC004368675263760D5363616E6E657220479C
:10DE0C00656172200D4368205363616E6E65724CC0
:10DE1C00766C0D436820427970617373204C766C7C
:10DE2C000D56312F433120464D204D6F64200D5639
:10DE3C00322F433220464D204D6F64200D56332F28
:10DE4C00433320464D204D6F64200D476174696E3D
:10DE5C0067204D6F646520200D544720576176650F
:10DE6C005365742020200D544720546170657269ED
:10DE7C006E6720200D544720466C757474657220B3
:10DE8C0020200D5447204C65616B61676520202074
:10DE9C000D436F6E74537072696E67466C780D43E8
:10DEAC006F6E74537072696E67446D700D436F6E54
:10DEBC00744561726C794163746E0D4E6F204442EF
:10DECC003120405065726320C7C7C7C7C7C7C7C7D3
:10DEDC00C7C7C7C7C7C7C7C7868686C7C7C7C7C789
:10DEEC00C7C7C7C7C7C7C7C7C7C7C7C7C7C7868638
:10DEFC008682828486C7C7C787878787C7C7C7C7F5
:10DF0C00C7C7C7C7C786868684C7C7C7878787879B
:10DF1C00C7C7C7C7C7C7C7C787878787C7C7C786C6
:10DF2C00C7C74747C7C7C7C7474747C7C7C7C7C7F5
:10DF3C00C7C7C7C7C7C7C7C7C7C7C7C7C7C7C7C765
:10DF4C00C7C7C7C7C7C7C7C7C7C7C7C7C7C7C7C755
:10DF5C00C7C7C7C7C7C7C7C7C7C7C7C7C3C3C7C74D
:10DF6C000B506564616C546F4C7772200B4C6F775F
:10DF7C006572546F557072200B506564616C546FF0
:10DF8C00557072200B4C6F7765722B3120546F5586
:10DF9C000B4C6F7765722B3220546F550B4C77728C
:10DFAC00416464506564616C0A4C6F63616C20540D
:10DFBC007820200A496E70203120546872750A4905
:10DFCC006E70203220546872750A55534220496E87
:10DFDC00546872750B4233205374616E64617264C1
:10DFEC000B4233204F6C6420202020200B42332026
:10DFFC0052656361707065640B4D3130302F4D3359
:10E00C00202020200B483130302F313220447262D6
:10E01C000B426F65686D2032303030200B426F65DB
:10E02C00686D20436E542F4C0B57657273692053E7
:10E03C00706163650B576572736920536163726C11
:10E04C000B466172666973436F6D626F0B566F7826
:10E05C0020436F6E746920200B436F6E6E2F4368E4
:10E06C00757263680B437573746F6D2031202020BB
:10E07C000B437573746F6D20322020200B43757326
:10E08C00746F6D20332020200B437573746F6D20DB
:10E09C00342020200B3132322053746420536D52C3
:10E0AC000B31323220537464204C67520B313232B4
:10E0BC00204F6C6420536D520B313232204F6C6404
:10E0CC00204C67520B313437204E657720536D52FC
:10E0DC000B313437204E6577204C67520B37363076
:10E0EC002053746420536D520B37363020537464B4
:10E0FC00204C67520B5370616365536F756E6420CF
:10E10C000B536861726D6132303031200B5669628D
:10E11C007261746F6E6520200B44796E61636F724F
:10E12C00643130300B434C532D32323220202020BE
:10E13C000B50523430202020202020200B437573AC
:10E14C00746F6D20312020200B437573746F6D201C
:10E15C00322020200B42332F3920447242202020C1
:10E16C000B483130302F3132204472620B456E76C1
:10E17C00656C6F706547656E0B4547202B5065725B
:10E18C00634472620B4547202B54696D654472627F
:10E19C000857652F426F65202008456E73656D62C8
:10E1AC006C650843656C6573746520084661646929
:10E1BC006E672020085765616B202020200844657D
:10E1CC0065702020202008526F74466173742008FB
:10E1DC0052616D7020757020064D697820332006D1
:10E1EC004D6978203220064D697820312006312780
:10E1FC0020202020063120312F3327063120332FC9
:10E20C00352706322720202020063220322F3327B4
:10E21C0006342720202020063827202020200635F1
:10E22C0020312F3327063136272020200B416C6CF0
:10E23C00204B6264204F46460B5570706572204F20
:10E24C004E2020200B4C6F776572204F4E202020E3
:10E25C000B5570722B4C7772204F4E200B5065640F
:10E26C00616C204F4E2020200B5570722B50656432
:10E27C00204F4E200B4C77722B506564204F4E2054
:10E28C000B416C6C204B6264204F4E200B59656126
:10E29C0072203139353520200B59656172203139A6
:10E2AC00363120200B5965617220313937322020EC
:10E2BC000B52656361707065642020200B5374727F
:10E2CC0061696768744C696E0B5477616E6779206D
:10E2DC00202020200B42332020323525206B322089
:10E2EC000B42332020323825206B32200B42332056
:10E2FC0020333225206B32200B423320203338253B
:10E30C00206B32200B53696E65203225206B322036
:10E31C000B5361777420466C747264200B53696ED6
:10E32C0065204C432047656E0B53696E6520544F36
:10E33C005347656E7F7F7F7F7F7F7F7F7F7F7F7F70
:10E34C000000007F7F7F7F7F7F7F7F7F7F7F7F7F4E
:10E35C000000007F7F7F7F7F7F7F7F7F7F7F7F7F3E
:10E36C000000007F7F7F7F7F7F0000007F7F7F7FAB
:10E37C007F0000007F7F7F7F7F0000007F7F7F7F9B
:10E38C007F7F7F7F7F7F7F7F7F7F7F7F7F7F7F7F91
:10E39C007F7F3F7F7F7F7F7F7F7F7F7F7F7F7F7FC1
:10E3AC00000000007F7F7F7F7F7F7F7F7FFF7F7FED
:10E3BC007F7F7F7FFFFFFFFFFFFFFFFFFFFFFFFF61
:10E3CC00FFFFFFFFFFFFFFFFFFFFFFFFFFFFFFFF51
:10E3DC00FFFFFFFFFFFFFFFFFFFFFFFFFFFFFFFF41
:10E3EC00FF00FFFFFFFFFFFFFFFFFFFFFFFFFFFF30
:10E3FC00FFFFFFFF0F7F7F7F7F7F7F7F7F7F7F7F91
:10E40C007F7F7F7F7F7F7F7FFFFFFFFFFFFFFFFF10
:10E41C00FFFF00007E7F057E7F050F007E7F057E5F
:10E42C007F050F007E7F057E7F050F00000000003A
:10E43C00000000000000000000040F03050F0F0097
:10E44C00630F0F0F7F7F7F7F7F7F7F7F7F7F7F7F3C
:10E45C007F7F7F7F48484848484848484848484854
:10E46C0048484800000000000000000000000000C8
:10E47C00000000007F7F7F7F7F7F7F7F7F7F7F7F9C
:10E48C007F7F7FFFFFFFFFFFFFFFFFFFFFFFFFFF10
:10E49C00FFFFFFFF003F05FFFFFF03FF0F0FFF32E2
:10E4AC00070000000C030A7F7F077FFFFF000000BE
:10E4BC00000000000203607F070F070F057F7FFF3E
:10E4CC000FFFFFFF7F7F7F00000000000707070F93
:10E4DC00030000007F7F7F7F7F7F00007F7F7F7F37
:10E4EC007F7F00007F7F7F7F7F7F00000000000028
:10E4FC00000000007F7F7F7F7F7F7F7F7F7F7FFF9C
:10E50C0007070000FFFFFFFFFFFFFFFFFFFFFFFFFD
:10E51C00FFFF00007F7F7F7F7F007FFF00007F7FFA
:10E52C007F7F000F2803FFFFFFFFFF042828027FD7
:10E53C00FFFFFFFF0004E603B8038E0366033F03EF
:10E54C001903F302CE02AA02860262023F021C02E7
:10E55C00F901D701B401920170014F012D010C0199
:10E56C00EB00CA00A90089006800480027000700DA
:10E57C00000000000004FB03EB03D503BB039E0368
:10E58C007F035D0339031203EA02C102950268029C
:10E59C003A020A02D901A70173013F010901D10016
:10E5AC009900600026000000000000000000000040
:10E5BC00000000000004FF03FB03F303E703D70391
:10E5CC00C303AB038F036F034B032303F702C70291
:10E5DC0093025B021F02DF019B0153010701B7008D
:10E5EC0063000B00000000000000000000000000B1
:10E5FC000000000000040004FF03FC03F603ED031D
:10E60C00E103D203BE03A60389036703400313038C
:10E61C00E102A9026B022602DB0189013001D10063
:10E62C006A00000000000000000000000000000074
:10E63C00000000000004000400040004FF03FD03BC
:10E64C00F903F403EB03DF03CE03B9039E037E034C
:10E65C0056032603EE02AD0262020D02AC013E012E
:10E66C00C4003C000000000000000000000000009E
:10E67C000000000000040004000400040004FF0378
:10E68C00FE03FC03F803F103E803DA03C703AE034C
:10E69C008C0360032803E1028B022102A101080113
:10E6AC00520000000000000000000000000000000C
:10E6BC000000000000040004000400040004000436
:10E6CC000004FF03FE03FC03F803F303EA03DC037B
:10E6DC00C903AD03860352030D03B3023E02AA0124
:10E6EC00F000080000000000000000000000000026
:10E6FC0000000000000400040004000400040004F6
:10E70C00000400040004FF03FE03FD03FA03F503F9
:10E71C00ED03E103CF03B4038E0358030D03A702EB
:10E72C001F026A017F0000000000000000000000D2
:10E73C0000000000013101310131013101310131A1
:10E74C000131013101310131013101310000000091
:10E75C000000000002320232023202320232023275
:10E76C000232023202320232023202320000000065
:10E77C000000000004330433043304330433043343
:10E78C000433043304330433043304330000000033
:10E79C000000000009360936093609360936000032
:10E7AC00000000000A360A360A360A360A3600001D
:10E7BC00000000000C360C360C360C360C36000003
:10E7CC000000000004330433043304330030003001
:10E7DC000030003040342034003700370037003729
:10E7EC004034003700370037003700370037003728
:10E7FC000037003709360936093609360936093625
:10E80C000936093609360936093609360000000082
:10E81C000000000040344034403440344034403434
:10E82C0040344034403400190000000000390039F5
:10E83C0000390039114411441144114411141214BB
:10E84C002014201410141014111412141044104419
:10E85C001014101010141014101410141014101490
:10E86C00101410140040004000400040101410140C
:10E87C00101410140916091609160916091609168A
:10E88C00091609160916091609160916101400009E
:10E89C000019001912141214121412141214121456
:10E8AC00121412141214121412141214000010194F
:10E8BC0010191019006400640064006400640064A2
:10E8CC00006400640064006400640064006400641C
:10E8DC000064006400600060006000600060006024
:10E8EC00006000600060006000600060006000601C
:10E8FC000000000081758135813581758135813548
:10E90C00813500008275823582358275823582357B
:10E91C00823500008475843584358475843584355E
:10E92C00843500F900F700F80000000000F400F155
:10E93C0000F200F30000000000000000000000578F
:10E94C001154105411541074107400790074007127
:10E95C0000720073007700770077007700770077FC
:10E96C0000770077007700770077007700770077E3
:10E97C00007700000077007700770077007700774A
:10E98C0000770077007700770077007700770077C3
:10E99C0000770000000000000000000000000000F4
:10E9AC00000000000000000000000000000000005B
:10E9BC000000000000770077007700770077007781
:10E9CC000077007700770077007700770077007783
:10E9DC000077007710001000007900790079007939
:10E9EC000079007900790079007900790079007953
:10E9FC00007900790000007900790079007900171E
:10EA0C00007700170077007700770079000000008E
:10EA1C000000000000790079007900790079007914
:10EA2C000079001900790079000000000000000056
:10EA3C000000000000770077007700770077007700
:10EA4C00007700700077007700770000000000105E
:10EA5C00001000100014001400140000000000004E
:10EA6C00000000000000000000000000000000009A
:10EA7C000000000000370037003700370037003740
:10EA8C000000000000370037003700370037003730
:10EA9C000000000000370037003700370037003720
:10EAAC00000000000000000000000000000000005A
:10EABC0000000000003800380038003800380038FA
:10EACC000038003800380038003800000078007832
:10EADC00000000000000000000000000000000002A
:10EAEC00000000000000000000000000000000001A
:10EAFC0000000000003700370037003700370000F7
:10EB0C000037000000000000003900390007000742
:10EB1C00000000720000007B007B00000000007B06
:10EB2C00007B007B007B007B007B007B007B007B01
:10EB3C00007000700109020A030B0A0A0109020A9B
:10EB4C00040C0C0C0008FFFF0000FFF01027204EF7
:10EB5C00606DFF7F606D204E10270000004000109C
:10EB6C0001000400272727272727272727272727C0
:10EB7C002E2E2E2E282828282828282828282828F1
:10EB8C002E2E2E2E2A2A2A2A2A2A2A2A2A2A2A2AC9
:10EB9C002E2E2E2E27272727272E2E2E28282828C4
:10EBAC00282E2E2E2A2A2A2A2A2E2E2E29292929A7
:10EBBC002E2E2E2E2B2626262626232626262626C7
:10EBCC0026262626272727272727272727272727CD
:10EBDC002E2E2E2E252525252525252525252626B3
:10EBEC0024242424070707071111151511111111DD
:10EBFC000505112112121212121212120101010139
:10EC0C000E0E0E110E0E0E0E0E0E0E0E0E0E0E0E15
:10EC1C00112E212128282828282828282828282887
:10EC2C002E0F0F0F2E2E2E2E2E2E2E2E2E2E2E2E55
:10EC3C002E2E2E2E2E2E2E2E0303030303032E2EEA
:10EC4C002E2E2E2E1E19191F1919192E1A17171BB5
:10EC5C001717172E1C18181D1818182E2E2E2E2E9E
:10EC6C002E2E2E2E2E2E2E2E2E000604022E2E2E64
:10EC7C002E08090A0E0E0E0E0E0E0E0E0E0E0E0E97
:10EC8C000E0E0E2E0B0B0B0B0B0B0B0B0B0B0B0B9C
:10EC9C000B0B0B2E2E2E2E2E2E2E2E2E2E2E2E2EF1
:10ECAC002E2E2E2E22222222222222222222222208
:10ECBC00222222222E2E13131313131313131313A6
:10ECCC00131313132E21210F0F0F0B0B0F0F0F0FFD
:10ECDC000F0F0F0F0F0F200F0F162E2E2E2E2E2E66
:10ECEC002E2E2E2E260D0B0B0C0F0F0F0B0B0B0FAE
:10ECFC002E2626260505052E2E2E2E2E2E2E2E2EBB
:10ED0C002E2E2E2E0E0E0E0E0E0E0E0E0E0E0E0E97
:10ED1C000E0E0E0E0E0E0E0E0E0E2E2E2E2E2E2E47
:10ED2C002E2E2E2E14141414141414141414142E15
:10ED3C0025252E2E2D2D2D2D2D2D2D2D2D2D2D2D05
:10ED4C002D2D2E2E10101010102E102E2E2E1616BD
:10ED5C0010102E2C30794479E978F078F178F87825
:10ED6C00FE7820791381BD816382D0788C78E1782C
:10ED7C007278827828794579F98285785F80517923
:10ED8C00F279B77A0F7B5F7AA37AAD7AFB7A057B3F
:10ED9C004B7A557AAE798978E578FB78BD79297C00
:10EDAC00537B90789D78B878AB78C47C6E78C178BA
:10EDBC000000035354520349444E0356414C03453F
:10EDCC00445403504852034D585303434F5203438A
:10EDDC0046470355504403494E4903534349035294
:10EDEC0043420357464203444649035243530346A6
:10EDFC00494E034B4559034449520345505303456F
:10EE0C00505203444D500355535203525045035234
:10EE1C004C44035253540357454E03455243034E3F
:10EE2C004F50FF00FE000000E803C409F00A581B15
:10EE3C00401F08206C203421982199216022C42283
:10EE4C00D426DE26E826F226FC26052706270D27E3
:10EE5C000E270F27FA00FB00FD000002040103053A
:02EE6C0005059A
:02EFFE0090057C
:020000020000FC
:100000000C9472D70C94A9E40C94A9E40C94A9E480
:100010000C94A9E40C94A9E40C94A9E40C94A9E42C
:100020000C94A9E40C94A9E40C94A9E40C94A9E41C
:100030000C94A9E40C94A9E40C94A9E40C94A9E40C
:100040000C94A9E40C94A9E40C94F1D70C94A9E4C1
:100050000C9499D80C9462D80C94A9E40C94A9E45B
:100060000C94A9E40C94A9E40C94A9E40C94A9E4DC
:100070000C94A9E40C94A9E40C94A9E40C94A9E4CC
:0C0080000C94A9E40C94A9E40C94A9E4ED
:00000001FF
